Merchant Name,Subtasks,Flyer Run ID,Flyer Type ID,Flyer Run Link,Task Name,Start Date,Live/Preview Date,Valid Date,Due Date,End Date,Oneguide,Task Description,Time Estimate
Accès pharma,,1083348,10945,https://fadmin.flippback.com/flyer_runs/1083348,"Accès pharma - Dec 18 to Jan 14, 2026",12/13/2025,12/18/2025,12/18/2025,12/17/2025,01/14/2026,https://docs.google.com/document/d/1HB7P2oBL9UczVSClF0F1quqcHP35sMcoVaWiVh4RzYY/edit?tab=t.0#heading=h.y2dgj7b691i1,,35m
Accès pharma,,1148260,10945,https://fadmin.flippback.com/flyer_runs/1148260,"Accès pharma - January 15 to 28, 2026",01/10/2026,1/15/2026,1/15/2026,1/14/2026,01/28/2026,https://docs.google.com/document/d/1HB7P2oBL9UczVSClF0F1quqcHP35sMcoVaWiVh4RzYY/edit?tab=t.0#heading=h.y2dgj7b691i2,,35m
Accès pharma,,1148261,10945,https://fadmin.flippback.com/flyer_runs/1148261,"Accès pharma - January 29 to February 11, 2026",01/23/2026,1/28/2026,1/28/2026,1/27/2026,02/11/2026,https://docs.google.com/document/d/1HB7P2oBL9UczVSClF0F1quqcHP35sMcoVaWiVh4RzYY/edit?tab=t.0#heading=h.y2dgj7b691i3,,35m
Accès pharma,,1148262,10945,https://fadmin.flippback.com/flyer_runs/1148262,"Accès pharma - February 12 to 25, 2026",02/07/2026,2/12/2026,2/12/2026,2/11/2026,02/25/2026,https://docs.google.com/document/d/1HB7P2oBL9UczVSClF0F1quqcHP35sMcoVaWiVh4RzYY/edit?tab=t.0#heading=h.y2dgj7b691i4,,35m
Accès pharma,,1148263,10945,https://fadmin.flippback.com/flyer_runs/1148263,"Accès pharma - February 26 to March 11, 2026",02/21/2026,2/26/2026,2/26/2026,2/25/2026,03/11/2026,https://docs.google.com/document/d/1HB7P2oBL9UczVSClF0F1quqcHP35sMcoVaWiVh4RzYY/edit?tab=t.0#heading=h.y2dgj7b691i5,,35m
Accès pharma,,1148264,10945,https://fadmin.flippback.com/flyer_runs/1148264,"Accès pharma - March 12 to 25, 2026",03/07/2026,3/12/2026,3/12/2026,3/11/2026,03/25/2026,https://docs.google.com/document/d/1HB7P2oBL9UczVSClF0F1quqcHP35sMcoVaWiVh4RzYY/edit?tab=t.0#heading=h.y2dgj7b691i6,,35m
Accès pharma,,1148265,10945,https://fadmin.flippback.com/flyer_runs/1148265,"Accès pharma - March 26 to April 8, 2026",03/21/2026,3/26/2026,3/26/2026,3/25/2026,04/08/2026,https://docs.google.com/document/d/1HB7P2oBL9UczVSClF0F1quqcHP35sMcoVaWiVh4RzYY/edit?tab=t.0#heading=h.y2dgj7b691i7,,35m
Accès pharma,,1148266,10945,https://fadmin.flippback.com/flyer_runs/1148266,"Accès pharma - April 9 to 29, 2026",04/04/2026,4/9/2026,4/9/2026,4/8/2026,04/29/2026,https://docs.google.com/document/d/1HB7P2oBL9UczVSClF0F1quqcHP35sMcoVaWiVh4RzYY/edit?tab=t.0#heading=h.y2dgj7b691i8,,35m
Accès pharma,,1148267,10945,https://fadmin.flippback.com/flyer_runs/1148267,"Accès pharma - April 30 to May 13, 2026",04/25/2026,4/30/2026,4/30/2026,4/29/2026,05/13/2026,https://docs.google.com/document/d/1HB7P2oBL9UczVSClF0F1quqcHP35sMcoVaWiVh4RzYY/edit?tab=t.0#heading=h.y2dgj7b691i9,,35m
Accès pharma,,1148268,10945,https://fadmin.flippback.com/flyer_runs/1148268,"Accès pharma - May 14 to 27, 2026",05/09/2026,5/14/2026,5/14/2026,5/13/2026,05/27/2026,https://docs.google.com/document/d/1HB7P2oBL9UczVSClF0F1quqcHP35sMcoVaWiVh4RzYY/edit?tab=t.0#heading=h.y2dgj7b691i10,,35m
Accès pharma,,1148269,10945,https://fadmin.flippback.com/flyer_runs/1148269,"Accès pharma - May 28 to June 10, 2026",05/23/2026,5/28/2026,5/28/2026,5/27/2026,06/10/2026,https://docs.google.com/document/d/1HB7P2oBL9UczVSClF0F1quqcHP35sMcoVaWiVh4RzYY/edit?tab=t.0#heading=h.y2dgj7b691i11,,35m
Accès pharma,,1148270,10945,https://fadmin.flippback.com/flyer_runs/1148270,"Accès pharma - June 11 to 24, 2026",06/06/2026,6/11/2026,6/11/2026,6/10/2026,06/24/2026,https://docs.google.com/document/d/1HB7P2oBL9UczVSClF0F1quqcHP35sMcoVaWiVh4RzYY/edit?tab=t.0#heading=h.y2dgj7b691i12,,35m
Accès pharma,,1148271,10945,https://fadmin.flippback.com/flyer_runs/1148271,"Accès pharma - June 25 to July 8, 2026",06/20/2026,6/25/2026,6/25/2026,6/24/2026,07/08/2026,https://docs.google.com/document/d/1HB7P2oBL9UczVSClF0F1quqcHP35sMcoVaWiVh4RzYY/edit?tab=t.0#heading=h.y2dgj7b691i13,,35m
Bel Air,,1108106,9300,https://fadmin.flippback.com/flyer_runs/1108106,Bel Air - Week 34,11/21/2025,11/28/2025,11/28/2025,11/27/2025,12/02/2025,https://docs.google.com/document/d/1KXMWbNZC6pvwPvkGay4DbIGcZbxGdHr3iCciVW2E5_Q/edit#heading=h.y2dgj7b691i1,Bel Air runs are cloned from Raley's at FQC time - this run won't show progress in FADMIN until the Raley's run is cloned.,10m
Bel Air,,1108107,9300,https://fadmin.flippback.com/flyer_runs/1108107,Bel Air - Week 35,11/26/2025,12/3/2025,12/3/2025,12/2/2025,12/09/2025,https://docs.google.com/document/d/1KXMWbNZC6pvwPvkGay4DbIGcZbxGdHr3iCciVW2E5_Q/edit#heading=h.y2dgj7b691i2,Bel Air runs are cloned from Raley's at FQC time - this run won't show progress in FADMIN until the Raley's run is cloned.,10m
Bel Air,,1108108,9300,https://fadmin.flippback.com/flyer_runs/1108108,Bel Air - Week 36,12/3/2025,12/10/2025,12/10/2025,12/9/2025,12/16/2025,https://docs.google.com/document/d/1KXMWbNZC6pvwPvkGay4DbIGcZbxGdHr3iCciVW2E5_Q/edit#heading=h.y2dgj7b691i3,Bel Air runs are cloned from Raley's at FQC time - this run won't show progress in FADMIN until the Raley's run is cloned.,10m
Bel Air,,1108109,9300,https://fadmin.flippback.com/flyer_runs/1108109,Bel Air - Week 37,12/10/2025,12/17/2025,12/17/2025,12/16/2025,12/23/2025,https://docs.google.com/document/d/1KXMWbNZC6pvwPvkGay4DbIGcZbxGdHr3iCciVW2E5_Q/edit#heading=h.y2dgj7b691i4,Bel Air runs are cloned from Raley's at FQC time - this run won't show progress in FADMIN until the Raley's run is cloned.,10m
Bel Air,,1108110,9300,https://fadmin.flippback.com/flyer_runs/1108110,Bel Air - Week 38,12/17/2025,12/24/2025,12/24/2025,12/23/2025,12/30/2025,https://docs.google.com/document/d/1KXMWbNZC6pvwPvkGay4DbIGcZbxGdHr3iCciVW2E5_Q/edit#heading=h.y2dgj7b691i5,Bel Air runs are cloned from Raley's at FQC time - this run won't show progress in FADMIN until the Raley's run is cloned.,10m
Bel Air,,1108111,9300,https://fadmin.flippback.com/flyer_runs/1108111,Bel Air - Week 39,12/24/2025,12/31/2025,12/31/2025,12/30/2025,01/06/2026,https://docs.google.com/document/d/1KXMWbNZC6pvwPvkGay4DbIGcZbxGdHr3iCciVW2E5_Q/edit#heading=h.y2dgj7b691i6,Bel Air runs are cloned from Raley's at FQC time - this run won't show progress in FADMIN until the Raley's run is cloned.,10m
Bel Air,,1142619,9300,https://fadmin.flippback.com/flyer_runs/1142619,Bel Air - Week 1,12/31/2025,1/7/2026,1/7/2026,1/6/2026,01/13/2026,https://docs.google.com/document/d/1KXMWbNZC6pvwPvkGay4DbIGcZbxGdHr3iCciVW2E5_Q/edit#heading=h.y2dgj7b691i7,Bel Air runs are cloned from Raley's at FQC time - this run won't show progress in FADMIN until the Raley's run is cloned.,10m
Bel Air,,1142620,9300,https://fadmin.flippback.com/flyer_runs/1142620,Bel Air - Week 2,01/07/2026,1/14/2026,1/14/2026,1/13/2026,01/20/2026,https://docs.google.com/document/d/1KXMWbNZC6pvwPvkGay4DbIGcZbxGdHr3iCciVW2E5_Q/edit#heading=h.y2dgj7b691i8,Bel Air runs are cloned from Raley's at FQC time - this run won't show progress in FADMIN until the Raley's run is cloned.,10m
Bel Air,,1142621,9300,https://fadmin.flippback.com/flyer_runs/1142621,Bel Air - Week 3,01/14/2026,1/21/2026,1/21/2026,1/20/2026,01/27/2026,https://docs.google.com/document/d/1KXMWbNZC6pvwPvkGay4DbIGcZbxGdHr3iCciVW2E5_Q/edit#heading=h.y2dgj7b691i9,Bel Air runs are cloned from Raley's at FQC time - this run won't show progress in FADMIN until the Raley's run is cloned.,10m
Bel Air,,1142622,9300,https://fadmin.flippback.com/flyer_runs/1142622,Bel Air - Week 4,01/21/2026,1/28/2026,1/28/2026,1/27/2026,02/03/2026,https://docs.google.com/document/d/1KXMWbNZC6pvwPvkGay4DbIGcZbxGdHr3iCciVW2E5_Q/edit#heading=h.y2dgj7b691i10,Bel Air runs are cloned from Raley's at FQC time - this run won't show progress in FADMIN until the Raley's run is cloned.,10m
Bel Air,,1142623,9300,https://fadmin.flippback.com/flyer_runs/1142623,Bel Air - Week 5,01/28/2026,2/4/2026,2/4/2026,2/3/2026,02/10/2026,https://docs.google.com/document/d/1KXMWbNZC6pvwPvkGay4DbIGcZbxGdHr3iCciVW2E5_Q/edit#heading=h.y2dgj7b691i11,Bel Air runs are cloned from Raley's at FQC time - this run won't show progress in FADMIN until the Raley's run is cloned.,10m
Bel Air,,1142624,9300,https://fadmin.flippback.com/flyer_runs/1142624,Bel Air - Week 6,02/04/2026,2/11/2026,2/11/2026,2/10/2026,02/17/2026,https://docs.google.com/document/d/1KXMWbNZC6pvwPvkGay4DbIGcZbxGdHr3iCciVW2E5_Q/edit#heading=h.y2dgj7b691i12,Bel Air runs are cloned from Raley's at FQC time - this run won't show progress in FADMIN until the Raley's run is cloned.,10m
Bel Air,,1142625,9300,https://fadmin.flippback.com/flyer_runs/1142625,Bel Air - Week 7,02/11/2026,2/18/2026,2/18/2026,2/17/2026,02/24/2026,https://docs.google.com/document/d/1KXMWbNZC6pvwPvkGay4DbIGcZbxGdHr3iCciVW2E5_Q/edit#heading=h.y2dgj7b691i13,Bel Air runs are cloned from Raley's at FQC time - this run won't show progress in FADMIN until the Raley's run is cloned.,10m
Bel Air,,1142626,9300,https://fadmin.flippback.com/flyer_runs/1142626,Bel Air - Week 8,02/18/2026,2/25/2026,2/25/2026,2/24/2026,03/03/2026,https://docs.google.com/document/d/1KXMWbNZC6pvwPvkGay4DbIGcZbxGdHr3iCciVW2E5_Q/edit#heading=h.y2dgj7b691i14,Bel Air runs are cloned from Raley's at FQC time - this run won't show progress in FADMIN until the Raley's run is cloned.,10m
Bel Air,,1142627,9300,https://fadmin.flippback.com/flyer_runs/1142627,Bel Air - Week 9,02/25/2026,3/4/2026,3/4/2026,3/3/2026,03/10/2026,https://docs.google.com/document/d/1KXMWbNZC6pvwPvkGay4DbIGcZbxGdHr3iCciVW2E5_Q/edit#heading=h.y2dgj7b691i15,Bel Air runs are cloned from Raley's at FQC time - this run won't show progress in FADMIN until the Raley's run is cloned.,10m
Bel Air,,1142628,9300,https://fadmin.flippback.com/flyer_runs/1142628,Bel Air - Week 10,03/04/2026,3/11/2026,3/11/2026,3/10/2026,03/17/2026,https://docs.google.com/document/d/1KXMWbNZC6pvwPvkGay4DbIGcZbxGdHr3iCciVW2E5_Q/edit#heading=h.y2dgj7b691i16,Bel Air runs are cloned from Raley's at FQC time - this run won't show progress in FADMIN until the Raley's run is cloned.,10m
Bel Air,,1142629,9300,https://fadmin.flippback.com/flyer_runs/1142629,Bel Air - Week 11,03/11/2026,3/18/2026,3/18/2026,3/17/2026,03/24/2026,https://docs.google.com/document/d/1KXMWbNZC6pvwPvkGay4DbIGcZbxGdHr3iCciVW2E5_Q/edit#heading=h.y2dgj7b691i17,Bel Air runs are cloned from Raley's at FQC time - this run won't show progress in FADMIN until the Raley's run is cloned.,10m
Bel Air,,1142630,9300,https://fadmin.flippback.com/flyer_runs/1142630,Bel Air - Week 12,03/18/2026,3/25/2026,3/25/2026,3/24/2026,03/31/2026,https://docs.google.com/document/d/1KXMWbNZC6pvwPvkGay4DbIGcZbxGdHr3iCciVW2E5_Q/edit#heading=h.y2dgj7b691i18,Bel Air runs are cloned from Raley's at FQC time - this run won't show progress in FADMIN until the Raley's run is cloned.,10m
Bel Air,,1142631,9300,https://fadmin.flippback.com/flyer_runs/1142631,Bel Air - Week 13,03/25/2026,4/1/2026,4/1/2026,3/31/2026,04/07/2026,https://docs.google.com/document/d/1KXMWbNZC6pvwPvkGay4DbIGcZbxGdHr3iCciVW2E5_Q/edit#heading=h.y2dgj7b691i19,Bel Air runs are cloned from Raley's at FQC time - this run won't show progress in FADMIN until the Raley's run is cloned.,10m
Bel Air,,1142632,9300,https://fadmin.flippback.com/flyer_runs/1142632,Bel Air - Week 14,04/01/2026,4/8/2026,4/8/2026,4/7/2026,04/14/2026,https://docs.google.com/document/d/1KXMWbNZC6pvwPvkGay4DbIGcZbxGdHr3iCciVW2E5_Q/edit#heading=h.y2dgj7b691i20,Bel Air runs are cloned from Raley's at FQC time - this run won't show progress in FADMIN until the Raley's run is cloned.,10m
Bel Air,,1142633,9300,https://fadmin.flippback.com/flyer_runs/1142633,Bel Air - Week 15,04/08/2026,4/15/2026,4/15/2026,4/14/2026,04/21/2026,https://docs.google.com/document/d/1KXMWbNZC6pvwPvkGay4DbIGcZbxGdHr3iCciVW2E5_Q/edit#heading=h.y2dgj7b691i21,Bel Air runs are cloned from Raley's at FQC time - this run won't show progress in FADMIN until the Raley's run is cloned.,10m
Bel Air,,1142634,9300,https://fadmin.flippback.com/flyer_runs/1142634,Bel Air - Week 16,04/15/2026,4/22/2026,4/22/2026,4/21/2026,04/28/2026,https://docs.google.com/document/d/1KXMWbNZC6pvwPvkGay4DbIGcZbxGdHr3iCciVW2E5_Q/edit#heading=h.y2dgj7b691i22,Bel Air runs are cloned from Raley's at FQC time - this run won't show progress in FADMIN until the Raley's run is cloned.,10m
Bel Air,,1142635,9300,https://fadmin.flippback.com/flyer_runs/1142635,Bel Air - Week 17,04/22/2026,4/29/2026,4/29/2026,4/28/2026,05/05/2026,https://docs.google.com/document/d/1KXMWbNZC6pvwPvkGay4DbIGcZbxGdHr3iCciVW2E5_Q/edit#heading=h.y2dgj7b691i23,Bel Air runs are cloned from Raley's at FQC time - this run won't show progress in FADMIN until the Raley's run is cloned.,10m
Bel Air,,1142636,9300,https://fadmin.flippback.com/flyer_runs/1142636,Bel Air - Week 18,04/29/2026,5/6/2026,5/6/2026,5/5/2026,05/12/2026,https://docs.google.com/document/d/1KXMWbNZC6pvwPvkGay4DbIGcZbxGdHr3iCciVW2E5_Q/edit#heading=h.y2dgj7b691i24,Bel Air runs are cloned from Raley's at FQC time - this run won't show progress in FADMIN until the Raley's run is cloned.,10m
Bel Air,,1142637,9300,https://fadmin.flippback.com/flyer_runs/1142637,Bel Air - Week 19,05/06/2026,5/13/2026,5/13/2026,5/12/2026,05/19/2026,https://docs.google.com/document/d/1KXMWbNZC6pvwPvkGay4DbIGcZbxGdHr3iCciVW2E5_Q/edit#heading=h.y2dgj7b691i25,Bel Air runs are cloned from Raley's at FQC time - this run won't show progress in FADMIN until the Raley's run is cloned.,10m
Bel Air,,1142638,9300,https://fadmin.flippback.com/flyer_runs/1142638,Bel Air - Week 20,05/13/2026,5/20/2026,5/20/2026,5/19/2026,05/26/2026,https://docs.google.com/document/d/1KXMWbNZC6pvwPvkGay4DbIGcZbxGdHr3iCciVW2E5_Q/edit#heading=h.y2dgj7b691i26,Bel Air runs are cloned from Raley's at FQC time - this run won't show progress in FADMIN until the Raley's run is cloned.,10m
Bel Air,,1142639,9300,https://fadmin.flippback.com/flyer_runs/1142639,Bel Air - Week 21,05/20/2026,5/27/2026,5/27/2026,5/26/2026,06/02/2026,https://docs.google.com/document/d/1KXMWbNZC6pvwPvkGay4DbIGcZbxGdHr3iCciVW2E5_Q/edit#heading=h.y2dgj7b691i27,Bel Air runs are cloned from Raley's at FQC time - this run won't show progress in FADMIN until the Raley's run is cloned.,10m
Bel Air,,1142640,9300,https://fadmin.flippback.com/flyer_runs/1142640,Bel Air - Week 22,05/27/2026,6/3/2026,6/3/2026,6/2/2026,06/09/2026,https://docs.google.com/document/d/1KXMWbNZC6pvwPvkGay4DbIGcZbxGdHr3iCciVW2E5_Q/edit#heading=h.y2dgj7b691i28,Bel Air runs are cloned from Raley's at FQC time - this run won't show progress in FADMIN until the Raley's run is cloned.,10m
Bel Air,,1142641,9300,https://fadmin.flippback.com/flyer_runs/1142641,Bel Air - Week 23,06/03/2026,6/10/2026,6/10/2026,6/9/2026,06/16/2026,https://docs.google.com/document/d/1KXMWbNZC6pvwPvkGay4DbIGcZbxGdHr3iCciVW2E5_Q/edit#heading=h.y2dgj7b691i29,Bel Air runs are cloned from Raley's at FQC time - this run won't show progress in FADMIN until the Raley's run is cloned.,10m
Bel Air,,1142642,9300,https://fadmin.flippback.com/flyer_runs/1142642,Bel Air - Week 24,06/10/2026,6/17/2026,6/17/2026,6/16/2026,06/23/2026,https://docs.google.com/document/d/1KXMWbNZC6pvwPvkGay4DbIGcZbxGdHr3iCciVW2E5_Q/edit#heading=h.y2dgj7b691i30,Bel Air runs are cloned from Raley's at FQC time - this run won't show progress in FADMIN until the Raley's run is cloned.,10m
Bel Air,,1142652,9300,https://fadmin.flippback.com/flyer_runs/1142652,Bel Air - [NGL] Week 34,11/21/2025,11/28/2025,11/28/2025,11/27/2025,12/02/2025,https://docs.google.com/document/d/1KXMWbNZC6pvwPvkGay4DbIGcZbxGdHr3iCciVW2E5_Q/edit#heading=h.y2dgj7b691i31,Bel Air runs are cloned from Raley's at FQC time - this run won't show progress in FADMIN until the Raley's run is cloned.,10m
Big Star,FTE - Clone this run into Food Giant retailer (same dates) as FINAL step before completing FQC,1094194,11982,https://fadmin.flippback.com/flyer_runs/1094194,Big Star - Dec 3,11/27/2025,12/2/2025,12/3/2025,12/1/2025,12/09/2025,https://docs.google.com/document/d/19sS7g3I4gWUKCYmbUheDz978PhZxk4fo_REsTYrCSfY/edit?tab=t.0#heading=h.i9zhfvv1qcz2,"Clone during FQC (Per OneGuide, Create the Clone as the FINAL step before completing the FQC checklist)",10m
Big Star,FTE - Clone this run into Food Giant retailer (same dates) as FINAL step before completing FQC,1094195,11982,https://fadmin.flippback.com/flyer_runs/1094195,Big Star - Dec 10,12/4/2025,12/9/2025,12/10/2025,12/8/2025,12/16/2025,https://docs.google.com/document/d/19sS7g3I4gWUKCYmbUheDz978PhZxk4fo_REsTYrCSfY/edit?tab=t.0#heading=h.i9zhfvv1qcz3,"Clone during FQC (Per OneGuide, Create the Clone as the FINAL step before completing the FQC checklist)",10m
Big Star,FTE - Clone this run into Food Giant retailer (same dates) as FINAL step before completing FQC,1094196,11982,https://fadmin.flippback.com/flyer_runs/1094196,Big Star - Dec 17,12/11/2025,12/16/2025,12/17/2025,12/15/2025,12/23/2025,https://docs.google.com/document/d/19sS7g3I4gWUKCYmbUheDz978PhZxk4fo_REsTYrCSfY/edit?tab=t.0#heading=h.i9zhfvv1qcz4,"Clone during FQC (Per OneGuide, Create the Clone as the FINAL step before completing the FQC checklist)",10m
Big Star,FTE - Clone this run into Food Giant retailer (same dates) as FINAL step before completing FQC,1094197,11982,https://fadmin.flippback.com/flyer_runs/1094197,Big Star - Dec 24,12/18/2025,12/23/2025,12/24/2025,12/22/2025,12/30/2025,https://docs.google.com/document/d/19sS7g3I4gWUKCYmbUheDz978PhZxk4fo_REsTYrCSfY/edit?tab=t.0#heading=h.i9zhfvv1qcz5,"Clone during FQC (Per OneGuide, Create the Clone as the FINAL step before completing the FQC checklist)",10m
Big Star,FTE - Clone this run into Food Giant retailer (same dates) as FINAL step before completing FQC,1094198,11982,https://fadmin.flippback.com/flyer_runs/1094198,Big Star - Dec 31,12/25/2025,12/30/2025,12/31/2025,12/29/2025,01/06/2026,https://docs.google.com/document/d/19sS7g3I4gWUKCYmbUheDz978PhZxk4fo_REsTYrCSfY/edit?tab=t.0#heading=h.i9zhfvv1qcz6,"Clone during FQC (Per OneGuide, Create the Clone as the FINAL step before completing the FQC checklist)",10m
Big Star,FTE - Clone this run into Food Giant retailer (same dates) as FINAL step before completing FQC,1094199,11982,https://fadmin.flippback.com/flyer_runs/1094199,Big Star - Jan 7,01/01/2026,1/6/2026,1/7/2026,1/5/2026,01/13/2026,https://docs.google.com/document/d/19sS7g3I4gWUKCYmbUheDz978PhZxk4fo_REsTYrCSfY/edit?tab=t.0#heading=h.i9zhfvv1qcz7,"Clone during FQC (Per OneGuide, Create the Clone as the FINAL step before completing the FQC checklist)",10m
Big Star,FTE - Clone this run into Food Giant retailer (same dates) as FINAL step before completing FQC,1094200,11982,https://fadmin.flippback.com/flyer_runs/1094200,Big Star - Jan 14,01/08/2026,1/13/2026,1/14/2026,1/12/2026,01/20/2026,https://docs.google.com/document/d/19sS7g3I4gWUKCYmbUheDz978PhZxk4fo_REsTYrCSfY/edit?tab=t.0#heading=h.i9zhfvv1qcz8,"Clone during FQC (Per OneGuide, Create the Clone as the FINAL step before completing the FQC checklist)",10m
Big Star,FTE - Clone this run into Food Giant retailer (same dates) as FINAL step before completing FQC,1151556,11982,https://fadmin.flippback.com/flyer_runs/1151556,Big Star - Jan 21,01/15/2026,1/20/2026,1/21/2026,1/19/2026,01/27/2026,https://docs.google.com/document/d/19sS7g3I4gWUKCYmbUheDz978PhZxk4fo_REsTYrCSfY/edit?tab=t.0#heading=h.i9zhfvv1qcz9,"Clone during FQC (Per OneGuide, Create the Clone as the FINAL step before completing the FQC checklist)",10m
Big Star,FTE - Clone this run into Food Giant retailer (same dates) as FINAL step before completing FQC,1151557,11982,https://fadmin.flippback.com/flyer_runs/1151557,Big Star - Jan 28,01/22/2026,1/27/2026,1/28/2026,1/26/2026,02/03/2026,https://docs.google.com/document/d/19sS7g3I4gWUKCYmbUheDz978PhZxk4fo_REsTYrCSfY/edit?tab=t.0#heading=h.i9zhfvv1qcz10,"Clone during FQC (Per OneGuide, Create the Clone as the FINAL step before completing the FQC checklist)",10m
Big Star,FTE - Clone this run into Food Giant retailer (same dates) as FINAL step before completing FQC,1151558,11982,https://fadmin.flippback.com/flyer_runs/1151558,Big Star - Feb 4,01/29/2026,2/3/2026,2/4/2026,2/2/2026,02/10/2026,https://docs.google.com/document/d/19sS7g3I4gWUKCYmbUheDz978PhZxk4fo_REsTYrCSfY/edit?tab=t.0#heading=h.i9zhfvv1qcz11,"Clone during FQC (Per OneGuide, Create the Clone as the FINAL step before completing the FQC checklist)",10m
Big Star,FTE - Clone this run into Food Giant retailer (same dates) as FINAL step before completing FQC,1151559,11982,https://fadmin.flippback.com/flyer_runs/1151559,Big Star - Feb 11,02/05/2026,2/10/2026,2/11/2026,2/9/2026,02/17/2026,https://docs.google.com/document/d/19sS7g3I4gWUKCYmbUheDz978PhZxk4fo_REsTYrCSfY/edit?tab=t.0#heading=h.i9zhfvv1qcz12,"Clone during FQC (Per OneGuide, Create the Clone as the FINAL step before completing the FQC checklist)",10m
Big Star,FTE - Clone this run into Food Giant retailer (same dates) as FINAL step before completing FQC,1151560,11982,https://fadmin.flippback.com/flyer_runs/1151560,Big Star - Feb 18,02/12/2026,2/17/2026,2/18/2026,2/16/2026,02/24/2026,https://docs.google.com/document/d/19sS7g3I4gWUKCYmbUheDz978PhZxk4fo_REsTYrCSfY/edit?tab=t.0#heading=h.i9zhfvv1qcz13,"Clone during FQC (Per OneGuide, Create the Clone as the FINAL step before completing the FQC checklist)",10m
Big Star,FTE - Clone this run into Food Giant retailer (same dates) as FINAL step before completing FQC,1151561,11982,https://fadmin.flippback.com/flyer_runs/1151561,Big Star - Feb 25,02/19/2026,2/24/2026,2/25/2026,2/23/2026,03/03/2026,https://docs.google.com/document/d/19sS7g3I4gWUKCYmbUheDz978PhZxk4fo_REsTYrCSfY/edit?tab=t.0#heading=h.i9zhfvv1qcz14,"Clone during FQC (Per OneGuide, Create the Clone as the FINAL step before completing the FQC checklist)",10m
Big Star,FTE - Clone this run into Food Giant retailer (same dates) as FINAL step before completing FQC,1151562,11982,https://fadmin.flippback.com/flyer_runs/1151562,Big Star - Mar 4,02/26/2026,3/3/2026,3/4/2026,3/2/2026,03/10/2026,https://docs.google.com/document/d/19sS7g3I4gWUKCYmbUheDz978PhZxk4fo_REsTYrCSfY/edit?tab=t.0#heading=h.i9zhfvv1qcz15,"Clone during FQC (Per OneGuide, Create the Clone as the FINAL step before completing the FQC checklist)",10m
Big Star,FTE - Clone this run into Food Giant retailer (same dates) as FINAL step before completing FQC,1151563,11982,https://fadmin.flippback.com/flyer_runs/1151563,Big Star - Mar 11,03/05/2026,3/10/2026,3/11/2026,3/9/2026,03/17/2026,https://docs.google.com/document/d/19sS7g3I4gWUKCYmbUheDz978PhZxk4fo_REsTYrCSfY/edit?tab=t.0#heading=h.i9zhfvv1qcz16,"Clone during FQC (Per OneGuide, Create the Clone as the FINAL step before completing the FQC checklist)",10m
Big Star,FTE - Clone this run into Food Giant retailer (same dates) as FINAL step before completing FQC,1151564,11982,https://fadmin.flippback.com/flyer_runs/1151564,Big Star - Mar 18,03/12/2026,3/17/2026,3/18/2026,3/16/2026,03/24/2026,https://docs.google.com/document/d/19sS7g3I4gWUKCYmbUheDz978PhZxk4fo_REsTYrCSfY/edit?tab=t.0#heading=h.i9zhfvv1qcz17,"Clone during FQC (Per OneGuide, Create the Clone as the FINAL step before completing the FQC checklist)",10m
Big Star,FTE - Clone this run into Food Giant retailer (same dates) as FINAL step before completing FQC,1151565,11982,https://fadmin.flippback.com/flyer_runs/1151565,Big Star - Mar 25,03/19/2026,3/24/2026,3/25/2026,3/23/2026,03/31/2026,https://docs.google.com/document/d/19sS7g3I4gWUKCYmbUheDz978PhZxk4fo_REsTYrCSfY/edit?tab=t.0#heading=h.i9zhfvv1qcz18,"Clone during FQC (Per OneGuide, Create the Clone as the FINAL step before completing the FQC checklist)",10m
Big Star,FTE - Clone this run into Food Giant retailer (same dates) as FINAL step before completing FQC,1151566,11982,https://fadmin.flippback.com/flyer_runs/1151566,Big Star - Apr 1,03/26/2026,3/31/2026,4/1/2026,3/30/2026,04/07/2026,https://docs.google.com/document/d/19sS7g3I4gWUKCYmbUheDz978PhZxk4fo_REsTYrCSfY/edit?tab=t.0#heading=h.i9zhfvv1qcz19,"Clone during FQC (Per OneGuide, Create the Clone as the FINAL step before completing the FQC checklist)",10m
Big Star,FTE - Clone this run into Food Giant retailer (same dates) as FINAL step before completing FQC,1151567,11982,https://fadmin.flippback.com/flyer_runs/1151567,Big Star - Apr 8,04/02/2026,4/7/2026,4/8/2026,4/6/2026,04/14/2026,https://docs.google.com/document/d/19sS7g3I4gWUKCYmbUheDz978PhZxk4fo_REsTYrCSfY/edit?tab=t.0#heading=h.i9zhfvv1qcz20,"Clone during FQC (Per OneGuide, Create the Clone as the FINAL step before completing the FQC checklist)",10m
Big Star,FTE - Clone this run into Food Giant retailer (same dates) as FINAL step before completing FQC,1151568,11982,https://fadmin.flippback.com/flyer_runs/1151568,Big Star - Apr 15,04/09/2026,4/14/2026,4/15/2026,4/13/2026,04/21/2026,https://docs.google.com/document/d/19sS7g3I4gWUKCYmbUheDz978PhZxk4fo_REsTYrCSfY/edit?tab=t.0#heading=h.i9zhfvv1qcz21,"Clone during FQC (Per OneGuide, Create the Clone as the FINAL step before completing the FQC checklist)",10m
Big Star,FTE - Clone this run into Food Giant retailer (same dates) as FINAL step before completing FQC,1151569,11982,https://fadmin.flippback.com/flyer_runs/1151569,Big Star - Apr 22,04/16/2026,4/21/2026,4/22/2026,4/20/2026,04/28/2026,https://docs.google.com/document/d/19sS7g3I4gWUKCYmbUheDz978PhZxk4fo_REsTYrCSfY/edit?tab=t.0#heading=h.i9zhfvv1qcz22,"Clone during FQC (Per OneGuide, Create the Clone as the FINAL step before completing the FQC checklist)",10m
Big Star,FTE - Clone this run into Food Giant retailer (same dates) as FINAL step before completing FQC,1151570,11982,https://fadmin.flippback.com/flyer_runs/1151570,Big Star - Apr 29,04/23/2026,4/28/2026,4/29/2026,4/27/2026,05/05/2026,https://docs.google.com/document/d/19sS7g3I4gWUKCYmbUheDz978PhZxk4fo_REsTYrCSfY/edit?tab=t.0#heading=h.i9zhfvv1qcz23,"Clone during FQC (Per OneGuide, Create the Clone as the FINAL step before completing the FQC checklist)",10m
Big Star,FTE - Clone this run into Food Giant retailer (same dates) as FINAL step before completing FQC,1151571,11982,https://fadmin.flippback.com/flyer_runs/1151571,Big Star - May 6,04/30/2026,5/5/2026,5/6/2026,5/4/2026,05/12/2026,https://docs.google.com/document/d/19sS7g3I4gWUKCYmbUheDz978PhZxk4fo_REsTYrCSfY/edit?tab=t.0#heading=h.i9zhfvv1qcz24,"Clone during FQC (Per OneGuide, Create the Clone as the FINAL step before completing the FQC checklist)",10m
Big Star,FTE - Clone this run into Food Giant retailer (same dates) as FINAL step before completing FQC,1151572,11982,https://fadmin.flippback.com/flyer_runs/1151572,Big Star - May 13,05/07/2026,5/12/2026,5/13/2026,5/11/2026,05/19/2026,https://docs.google.com/document/d/19sS7g3I4gWUKCYmbUheDz978PhZxk4fo_REsTYrCSfY/edit?tab=t.0#heading=h.i9zhfvv1qcz25,"Clone during FQC (Per OneGuide, Create the Clone as the FINAL step before completing the FQC checklist)",10m
Big Star,FTE - Clone this run into Food Giant retailer (same dates) as FINAL step before completing FQC,1151573,11982,https://fadmin.flippback.com/flyer_runs/1151573,Big Star - May 20,05/14/2026,5/19/2026,5/20/2026,5/18/2026,05/26/2026,https://docs.google.com/document/d/19sS7g3I4gWUKCYmbUheDz978PhZxk4fo_REsTYrCSfY/edit?tab=t.0#heading=h.i9zhfvv1qcz26,"Clone during FQC (Per OneGuide, Create the Clone as the FINAL step before completing the FQC checklist)",10m
Big Star,FTE - Clone this run into Food Giant retailer (same dates) as FINAL step before completing FQC,1151574,11982,https://fadmin.flippback.com/flyer_runs/1151574,Big Star - May 27,05/21/2026,5/26/2026,5/27/2026,5/25/2026,06/02/2026,https://docs.google.com/document/d/19sS7g3I4gWUKCYmbUheDz978PhZxk4fo_REsTYrCSfY/edit?tab=t.0#heading=h.i9zhfvv1qcz27,"Clone during FQC (Per OneGuide, Create the Clone as the FINAL step before completing the FQC checklist)",10m
Big Star,FTE - Clone this run into Food Giant retailer (same dates) as FINAL step before completing FQC,1151575,11982,https://fadmin.flippback.com/flyer_runs/1151575,Big Star - Jun 3,05/28/2026,6/2/2026,6/3/2026,6/1/2026,06/09/2026,https://docs.google.com/document/d/19sS7g3I4gWUKCYmbUheDz978PhZxk4fo_REsTYrCSfY/edit?tab=t.0#heading=h.i9zhfvv1qcz28,"Clone during FQC (Per OneGuide, Create the Clone as the FINAL step before completing the FQC checklist)",10m
Big Star,FTE - Clone this run into Food Giant retailer (same dates) as FINAL step before completing FQC,1151576,11982,https://fadmin.flippback.com/flyer_runs/1151576,Big Star - Jun 10,06/04/2026,6/9/2026,6/10/2026,6/8/2026,06/16/2026,https://docs.google.com/document/d/19sS7g3I4gWUKCYmbUheDz978PhZxk4fo_REsTYrCSfY/edit?tab=t.0#heading=h.i9zhfvv1qcz29,"Clone during FQC (Per OneGuide, Create the Clone as the FINAL step before completing the FQC checklist)",10m
Big Star,FTE - Clone this run into Food Giant retailer (same dates) as FINAL step before completing FQC,1151577,11982,https://fadmin.flippback.com/flyer_runs/1151577,Big Star - Jun 17,06/11/2026,6/16/2026,6/17/2026,6/15/2026,06/23/2026,https://docs.google.com/document/d/19sS7g3I4gWUKCYmbUheDz978PhZxk4fo_REsTYrCSfY/edit?tab=t.0#heading=h.i9zhfvv1qcz30,"Clone during FQC (Per OneGuide, Create the Clone as the FINAL step before completing the FQC checklist)",10m
Big Star,FTE - Clone this run into Food Giant retailer (same dates) as FINAL step before completing FQC,1151578,11982,https://fadmin.flippback.com/flyer_runs/1151578,Big Star - Jun 24,06/18/2026,6/23/2026,6/24/2026,6/22/2026,06/30/2026,https://docs.google.com/document/d/19sS7g3I4gWUKCYmbUheDz978PhZxk4fo_REsTYrCSfY/edit?tab=t.0#heading=h.i9zhfvv1qcz31,"Clone during FQC (Per OneGuide, Create the Clone as the FINAL step before completing the FQC checklist)",10m
Big Star,FTE - Clone this run into Food Giant retailer (same dates) as FINAL step before completing FQC,1151579,11982,https://fadmin.flippback.com/flyer_runs/1151579,Big Star - Jul 1,06/25/2026,6/30/2026,7/1/2026,6/29/2026,07/07/2026,https://docs.google.com/document/d/19sS7g3I4gWUKCYmbUheDz978PhZxk4fo_REsTYrCSfY/edit?tab=t.0#heading=h.i9zhfvv1qcz32,"Clone during FQC (Per OneGuide, Create the Clone as the FINAL step before completing the FQC checklist)",10m
Bomgaars,,1090854,11191,https://fadmin.flippback.com/flyer_runs/1090854,Bomgaars - [NGL] Nov 28,11/21/2025,11/27/2025,11/28/2025,11/26/2025,11/30/2025,https://docs.google.com/document/d/1KPxw8PKHfQ8luGnxoSFW3oj0AWglWh5FUcbOaNf5fmE/edit?tab=t.0#heading=h.y2dgj7b691i1,,15m
Bomgaars,,1090855,11747,https://fadmin.flippback.com/flyer_runs/1090855,Bomgaars - December Bonus Buys,11/24/2025,11/30/2025,12/1/2025,11/29/2025,12/31/2025,https://docs.google.com/document/d/1KPxw8PKHfQ8luGnxoSFW3oj0AWglWh5FUcbOaNf5fmE/edit?tab=t.0#heading=h.y2dgj7b691i2,,15m
Bomgaars,,1090856,11747,https://fadmin.flippback.com/flyer_runs/1090856,Bomgaars - January Bonus Buys,12/25/2025,12/31/2025,1/1/2026,12/30/2025,01/31/2026,https://docs.google.com/document/d/1KPxw8PKHfQ8luGnxoSFW3oj0AWglWh5FUcbOaNf5fmE/edit?tab=t.0#heading=h.y2dgj7b691i3,,15m
Bomgaars,,1090857,11747,https://fadmin.flippback.com/flyer_runs/1090857,Bomgaars - February Bonus Buys,01/25/2026,1/31/2026,2/1/2026,1/30/2026,02/28/2026,https://docs.google.com/document/d/1KPxw8PKHfQ8luGnxoSFW3oj0AWglWh5FUcbOaNf5fmE/edit?tab=t.0#heading=h.y2dgj7b691i4,,15m
Bomgaars,,1090858,11191,https://fadmin.flippback.com/flyer_runs/1090858,Bomgaars - Dec 3,11/25/2025,12/1/2025,12/3/2025,11/30/2025,12/08/2025,https://docs.google.com/document/d/1KPxw8PKHfQ8luGnxoSFW3oj0AWglWh5FUcbOaNf5fmE/edit?tab=t.0#heading=h.y2dgj7b691i5,,15m
Bomgaars,,1090860,11191,https://fadmin.flippback.com/flyer_runs/1090860,Bomgaars - Dec 10,12/2/2025,12/8/2025,12/10/2025,12/7/2025,12/15/2025,https://docs.google.com/document/d/1KPxw8PKHfQ8luGnxoSFW3oj0AWglWh5FUcbOaNf5fmE/edit?tab=t.0#heading=h.y2dgj7b691i6,,15m
Bomgaars,,1090868,11191,https://fadmin.flippback.com/flyer_runs/1090868,Bomgaars - Dec 17,12/9/2025,12/15/2025,12/17/2025,12/14/2025,12/24/2025,https://docs.google.com/document/d/1KPxw8PKHfQ8luGnxoSFW3oj0AWglWh5FUcbOaNf5fmE/edit?tab=t.0#heading=h.y2dgj7b691i7,,15m
Bomgaars,,1090871,11191,https://fadmin.flippback.com/flyer_runs/1090871,Bomgaars - Dec 31,12/23/2025,12/29/2025,12/31/2025,12/28/2025,01/05/2026,https://docs.google.com/document/d/1KPxw8PKHfQ8luGnxoSFW3oj0AWglWh5FUcbOaNf5fmE/edit?tab=t.0#heading=h.y2dgj7b691i8,,15m
Bomgaars,,1090872,11191,https://fadmin.flippback.com/flyer_runs/1090872,Bomgaars - January 7,12/30/2025,1/5/2026,1/7/2026,1/4/2026,01/19/2026,https://docs.google.com/document/d/1KPxw8PKHfQ8luGnxoSFW3oj0AWglWh5FUcbOaNf5fmE/edit?tab=t.0#heading=h.y2dgj7b691i9,,15m
Bomgaars,,1090873,11191,https://fadmin.flippback.com/flyer_runs/1090873,Bomgaars - January 21,01/13/2026,1/19/2026,1/21/2026,1/18/2026,02/02/2026,https://docs.google.com/document/d/1KPxw8PKHfQ8luGnxoSFW3oj0AWglWh5FUcbOaNf5fmE/edit?tab=t.0#heading=h.y2dgj7b691i10,,15m
Bomgaars,,1090874,11191,https://fadmin.flippback.com/flyer_runs/1090874,Bomgaars - Feb 4,01/27/2026,2/2/2026,2/4/2026,2/1/2026,02/16/2026,https://docs.google.com/document/d/1KPxw8PKHfQ8luGnxoSFW3oj0AWglWh5FUcbOaNf5fmE/edit?tab=t.0#heading=h.y2dgj7b691i11,,15m
Bomgaars,,1090875,11191,https://fadmin.flippback.com/flyer_runs/1090875,Bomgaars - Feb 18,02/10/2026,2/16/2026,2/18/2026,2/15/2026,02/23/2026,https://docs.google.com/document/d/1KPxw8PKHfQ8luGnxoSFW3oj0AWglWh5FUcbOaNf5fmE/edit?tab=t.0#heading=h.y2dgj7b691i12,,15m
Bomgaars,,1090876,11191,https://fadmin.flippback.com/flyer_runs/1090876,Bomgaars - Feb 25,02/17/2026,2/23/2026,2/25/2026,2/22/2026,03/03/2026,https://docs.google.com/document/d/1KPxw8PKHfQ8luGnxoSFW3oj0AWglWh5FUcbOaNf5fmE/edit?tab=t.0#heading=h.y2dgj7b691i13,,15m
Bomgaars,,1101009,11191,https://fadmin.flippback.com/flyer_runs/1101009,Bomgaars - Loyalty/Online Offer,12/18/2025,12/24/2025,12/25/2025,12/23/2025,12/29/2025,https://docs.google.com/document/d/1KPxw8PKHfQ8luGnxoSFW3oj0AWglWh5FUcbOaNf5fmE/edit?tab=t.0#heading=h.y2dgj7b691i14,,15m
Calgary Co-op,OPS - Check for page removal triggers that may need to be set up,1145494,480,https://fadmin.flippback.com/flyer_runs/1145494,Calgary Co-op - Week 48,11/28/2025,12/3/2025,12/4/2025,12/2/2025,12/10/2025,https://docs.google.com/document/d/1aeV6bYo274O3vstEtpwkQ6XfUvQAq9OhNpL5ZEDF8xA/edit?tab=t.0#heading=h.y2dgj7b691i1,,40m
Calgary Co-op,OPS - Check for page removal triggers that may need to be set up,1145495,480,https://fadmin.flippback.com/flyer_runs/1145495,Calgary Co-op - Week 49,12/5/2025,12/10/2025,12/11/2025,12/9/2025,12/17/2025,https://docs.google.com/document/d/1aeV6bYo274O3vstEtpwkQ6XfUvQAq9OhNpL5ZEDF8xA/edit?tab=t.0#heading=h.y2dgj7b691i2,,40m
Calgary Co-op,OPS - Check for page removal triggers that may need to be set up,1145496,480,https://fadmin.flippback.com/flyer_runs/1145496,Calgary Co-op - Week 50,12/12/2025,12/17/2025,12/18/2025,12/16/2025,12/24/2025,https://docs.google.com/document/d/1aeV6bYo274O3vstEtpwkQ6XfUvQAq9OhNpL5ZEDF8xA/edit?tab=t.0#heading=h.y2dgj7b691i3,,40m
Calgary Co-op,OPS - Check for page removal triggers that may need to be set up,1145497,480,https://fadmin.flippback.com/flyer_runs/1145497,Calgary Co-op - Week 51,12/19/2025,12/24/2025,12/25/2025,12/23/2025,12/31/2025,https://docs.google.com/document/d/1aeV6bYo274O3vstEtpwkQ6XfUvQAq9OhNpL5ZEDF8xA/edit?tab=t.0#heading=h.y2dgj7b691i4,,40m
Calgary Co-op,OPS - Check for page removal triggers that may need to be set up,1145498,480,https://fadmin.flippback.com/flyer_runs/1145498,Calgary Co-op - Week 52,12/26/2025,12/31/2025,1/1/2026,12/30/2025,01/07/2026,https://docs.google.com/document/d/1aeV6bYo274O3vstEtpwkQ6XfUvQAq9OhNpL5ZEDF8xA/edit?tab=t.0#heading=h.y2dgj7b691i5,,40m
Calgary Co-op,OPS - Check for page removal triggers that may need to be set up,1145499,480,https://fadmin.flippback.com/flyer_runs/1145499,Calgary Co-op - Week 1,01/02/2026,1/7/2026,1/8/2026,1/6/2026,01/14/2026,https://docs.google.com/document/d/1aeV6bYo274O3vstEtpwkQ6XfUvQAq9OhNpL5ZEDF8xA/edit?tab=t.0#heading=h.y2dgj7b691i6,,40m
Calgary Co-op,OPS - Check for page removal triggers that may need to be set up,1145500,480,https://fadmin.flippback.com/flyer_runs/1145500,Calgary Co-op - Week 2,01/09/2026,1/14/2026,1/15/2026,1/13/2026,01/21/2026,https://docs.google.com/document/d/1aeV6bYo274O3vstEtpwkQ6XfUvQAq9OhNpL5ZEDF8xA/edit?tab=t.0#heading=h.y2dgj7b691i7,,40m
Calgary Co-op,OPS - Check for page removal triggers that may need to be set up,1145501,480,https://fadmin.flippback.com/flyer_runs/1145501,Calgary Co-op - Week 3,01/16/2026,1/21/2026,1/22/2026,1/20/2026,01/28/2026,https://docs.google.com/document/d/1aeV6bYo274O3vstEtpwkQ6XfUvQAq9OhNpL5ZEDF8xA/edit?tab=t.0#heading=h.y2dgj7b691i8,,40m
Calgary Co-op,OPS - Check for page removal triggers that may need to be set up,1145502,480,https://fadmin.flippback.com/flyer_runs/1145502,Calgary Co-op - Week 4,01/23/2026,1/28/2026,1/29/2026,1/27/2026,02/04/2026,https://docs.google.com/document/d/1aeV6bYo274O3vstEtpwkQ6XfUvQAq9OhNpL5ZEDF8xA/edit?tab=t.0#heading=h.y2dgj7b691i9,,40m
Calgary Co-op,OPS - Check for page removal triggers that may need to be set up,1145503,480,https://fadmin.flippback.com/flyer_runs/1145503,Calgary Co-op - Week 5,01/30/2026,2/4/2026,2/5/2026,2/3/2026,02/11/2026,https://docs.google.com/document/d/1aeV6bYo274O3vstEtpwkQ6XfUvQAq9OhNpL5ZEDF8xA/edit?tab=t.0#heading=h.y2dgj7b691i10,,40m
Calgary Co-op,OPS - Check for page removal triggers that may need to be set up,1145504,480,https://fadmin.flippback.com/flyer_runs/1145504,Calgary Co-op - Week 6,02/06/2026,2/11/2026,2/12/2026,2/10/2026,02/18/2026,https://docs.google.com/document/d/1aeV6bYo274O3vstEtpwkQ6XfUvQAq9OhNpL5ZEDF8xA/edit?tab=t.0#heading=h.y2dgj7b691i11,,40m
Calgary Co-op,OPS - Check for page removal triggers that may need to be set up,1145505,480,https://fadmin.flippback.com/flyer_runs/1145505,Calgary Co-op - Week 7,02/13/2026,2/18/2026,2/19/2026,2/17/2026,02/25/2026,https://docs.google.com/document/d/1aeV6bYo274O3vstEtpwkQ6XfUvQAq9OhNpL5ZEDF8xA/edit?tab=t.0#heading=h.y2dgj7b691i12,,40m
Calgary Co-op,OPS - Check for page removal triggers that may need to be set up,1145506,480,https://fadmin.flippback.com/flyer_runs/1145506,Calgary Co-op - Week 8,02/20/2026,2/25/2026,2/26/2026,2/24/2026,03/04/2026,https://docs.google.com/document/d/1aeV6bYo274O3vstEtpwkQ6XfUvQAq9OhNpL5ZEDF8xA/edit?tab=t.0#heading=h.y2dgj7b691i13,,40m
Calgary Co-op,OPS - Check for page removal triggers that may need to be set up,1145507,480,https://fadmin.flippback.com/flyer_runs/1145507,Calgary Co-op - Week 9,02/27/2026,3/4/2026,3/5/2026,3/3/2026,03/11/2026,https://docs.google.com/document/d/1aeV6bYo274O3vstEtpwkQ6XfUvQAq9OhNpL5ZEDF8xA/edit?tab=t.0#heading=h.y2dgj7b691i14,,40m
Calgary Co-op,OPS - Check for page removal triggers that may need to be set up,1145508,480,https://fadmin.flippback.com/flyer_runs/1145508,Calgary Co-op - Week 10,03/06/2026,3/11/2026,3/12/2026,3/10/2026,03/18/2026,https://docs.google.com/document/d/1aeV6bYo274O3vstEtpwkQ6XfUvQAq9OhNpL5ZEDF8xA/edit?tab=t.0#heading=h.y2dgj7b691i15,,40m
Calgary Co-op,OPS - Check for page removal triggers that may need to be set up,1145509,480,https://fadmin.flippback.com/flyer_runs/1145509,Calgary Co-op - Week 11,03/13/2026,3/18/2026,3/19/2026,3/17/2026,03/25/2026,https://docs.google.com/document/d/1aeV6bYo274O3vstEtpwkQ6XfUvQAq9OhNpL5ZEDF8xA/edit?tab=t.0#heading=h.y2dgj7b691i16,,40m
Calgary Co-op,OPS - Check for page removal triggers that may need to be set up,1145510,480,https://fadmin.flippback.com/flyer_runs/1145510,Calgary Co-op - Week 12,03/20/2026,3/25/2026,3/26/2026,3/24/2026,04/01/2026,https://docs.google.com/document/d/1aeV6bYo274O3vstEtpwkQ6XfUvQAq9OhNpL5ZEDF8xA/edit?tab=t.0#heading=h.y2dgj7b691i17,,40m
Calgary Co-op,OPS - Check for page removal triggers that may need to be set up,1145511,480,https://fadmin.flippback.com/flyer_runs/1145511,Calgary Co-op - Week 13,03/27/2026,4/1/2026,4/2/2026,3/31/2026,04/08/2026,https://docs.google.com/document/d/1aeV6bYo274O3vstEtpwkQ6XfUvQAq9OhNpL5ZEDF8xA/edit?tab=t.0#heading=h.y2dgj7b691i18,,40m
Calgary Co-op,OPS - Check for page removal triggers that may need to be set up,1145512,480,https://fadmin.flippback.com/flyer_runs/1145512,Calgary Co-op - Week 14,04/03/2026,4/8/2026,4/9/2026,4/7/2026,04/15/2026,https://docs.google.com/document/d/1aeV6bYo274O3vstEtpwkQ6XfUvQAq9OhNpL5ZEDF8xA/edit?tab=t.0#heading=h.y2dgj7b691i19,,40m
Calgary Co-op,OPS - Check for page removal triggers that may need to be set up,1145513,480,https://fadmin.flippback.com/flyer_runs/1145513,Calgary Co-op - Week 15,04/10/2026,4/15/2026,4/16/2026,4/14/2026,04/22/2026,https://docs.google.com/document/d/1aeV6bYo274O3vstEtpwkQ6XfUvQAq9OhNpL5ZEDF8xA/edit?tab=t.0#heading=h.y2dgj7b691i20,,40m
Calgary Co-op,OPS - Check for page removal triggers that may need to be set up,1145514,480,https://fadmin.flippback.com/flyer_runs/1145514,Calgary Co-op - Week 16,04/17/2026,4/22/2026,4/23/2026,4/21/2026,04/29/2026,https://docs.google.com/document/d/1aeV6bYo274O3vstEtpwkQ6XfUvQAq9OhNpL5ZEDF8xA/edit?tab=t.0#heading=h.y2dgj7b691i21,,40m
Calgary Co-op,OPS - Check for page removal triggers that may need to be set up,1145515,480,https://fadmin.flippback.com/flyer_runs/1145515,Calgary Co-op - Week 17,04/24/2026,4/29/2026,4/30/2026,4/28/2026,05/06/2026,https://docs.google.com/document/d/1aeV6bYo274O3vstEtpwkQ6XfUvQAq9OhNpL5ZEDF8xA/edit?tab=t.0#heading=h.y2dgj7b691i22,,40m
Calgary Co-op,OPS - Check for page removal triggers that may need to be set up,1145516,480,https://fadmin.flippback.com/flyer_runs/1145516,Calgary Co-op - Week 18,05/01/2026,5/6/2026,5/7/2026,5/5/2026,05/13/2026,https://docs.google.com/document/d/1aeV6bYo274O3vstEtpwkQ6XfUvQAq9OhNpL5ZEDF8xA/edit?tab=t.0#heading=h.y2dgj7b691i23,,40m
Calgary Co-op,OPS - Check for page removal triggers that may need to be set up,1145517,480,https://fadmin.flippback.com/flyer_runs/1145517,Calgary Co-op - Week 19,05/08/2026,5/13/2026,5/14/2026,5/12/2026,05/20/2026,https://docs.google.com/document/d/1aeV6bYo274O3vstEtpwkQ6XfUvQAq9OhNpL5ZEDF8xA/edit?tab=t.0#heading=h.y2dgj7b691i24,,40m
Calgary Co-op,OPS - Check for page removal triggers that may need to be set up,1145518,480,https://fadmin.flippback.com/flyer_runs/1145518,Calgary Co-op - Week 20,05/15/2026,5/20/2026,5/21/2026,5/19/2026,05/27/2026,https://docs.google.com/document/d/1aeV6bYo274O3vstEtpwkQ6XfUvQAq9OhNpL5ZEDF8xA/edit?tab=t.0#heading=h.y2dgj7b691i25,,40m
Calgary Co-op,OPS - Check for page removal triggers that may need to be set up,1145519,480,https://fadmin.flippback.com/flyer_runs/1145519,Calgary Co-op - Week 21,05/22/2026,5/27/2026,5/28/2026,5/26/2026,06/03/2026,https://docs.google.com/document/d/1aeV6bYo274O3vstEtpwkQ6XfUvQAq9OhNpL5ZEDF8xA/edit?tab=t.0#heading=h.y2dgj7b691i26,,40m
Calgary Co-op,OPS - Check for page removal triggers that may need to be set up,1145520,480,https://fadmin.flippback.com/flyer_runs/1145520,Calgary Co-op - Week 22,05/29/2026,6/3/2026,6/4/2026,6/2/2026,06/10/2026,https://docs.google.com/document/d/1aeV6bYo274O3vstEtpwkQ6XfUvQAq9OhNpL5ZEDF8xA/edit?tab=t.0#heading=h.y2dgj7b691i27,,40m
Calgary Co-op,OPS - Check for page removal triggers that may need to be set up,1145521,480,https://fadmin.flippback.com/flyer_runs/1145521,Calgary Co-op - Week 23,06/05/2026,6/10/2026,6/11/2026,6/9/2026,06/17/2026,https://docs.google.com/document/d/1aeV6bYo274O3vstEtpwkQ6XfUvQAq9OhNpL5ZEDF8xA/edit?tab=t.0#heading=h.y2dgj7b691i28,,40m
Calgary Co-op,OPS - Check for page removal triggers that may need to be set up,1145522,480,https://fadmin.flippback.com/flyer_runs/1145522,Calgary Co-op - Week 24,06/12/2026,6/17/2026,6/18/2026,6/16/2026,06/24/2026,https://docs.google.com/document/d/1aeV6bYo274O3vstEtpwkQ6XfUvQAq9OhNpL5ZEDF8xA/edit?tab=t.0#heading=h.y2dgj7b691i29,,40m
Calgary Co-op,OPS - Check for page removal triggers that may need to be set up,1145523,480,https://fadmin.flippback.com/flyer_runs/1145523,Calgary Co-op - Week 25,06/19/2026,6/24/2026,6/25/2026,6/23/2026,07/01/2026,https://docs.google.com/document/d/1aeV6bYo274O3vstEtpwkQ6XfUvQAq9OhNpL5ZEDF8xA/edit?tab=t.0#heading=h.y2dgj7b691i30,,40m
Calgary Co-op Wine Spirits Beer Liquor,OPS - Check for page removal triggers that may need to be set up,1145555,3441,https://fadmin.flippback.com/flyer_runs/1145555,Calgary Co-op Wine Spirits Beer Liquor - Week 48,11/28/2025,12/3/2025,12/4/2025,12/2/2025,12/10/2025,https://docs.google.com/document/d/1aeV6bYo274O3vstEtpwkQ6XfUvQAq9OhNpL5ZEDF8xA/edit?tab=t.0#heading=h.y2dgj7b691i1,,30m
Calgary Co-op Wine Spirits Beer Liquor,OPS - Check for page removal triggers that may need to be set up,1145556,3441,https://fadmin.flippback.com/flyer_runs/1145556,Calgary Co-op Wine Spirits Beer Liquor - Week 49,12/5/2025,12/10/2025,12/11/2025,12/9/2025,12/17/2025,https://docs.google.com/document/d/1aeV6bYo274O3vstEtpwkQ6XfUvQAq9OhNpL5ZEDF8xA/edit?tab=t.0#heading=h.y2dgj7b691i2,,30m
Calgary Co-op Wine Spirits Beer Liquor,OPS - Check for page removal triggers that may need to be set up,1145557,3441,https://fadmin.flippback.com/flyer_runs/1145557,Calgary Co-op Wine Spirits Beer Liquor - Week 50,12/12/2025,12/17/2025,12/18/2025,12/16/2025,12/24/2025,https://docs.google.com/document/d/1aeV6bYo274O3vstEtpwkQ6XfUvQAq9OhNpL5ZEDF8xA/edit?tab=t.0#heading=h.y2dgj7b691i3,,30m
Calgary Co-op Wine Spirits Beer Liquor,OPS - Check for page removal triggers that may need to be set up,1145558,3441,https://fadmin.flippback.com/flyer_runs/1145558,Calgary Co-op Wine Spirits Beer Liquor - Week 51,12/19/2025,12/24/2025,12/25/2025,12/23/2025,12/31/2025,https://docs.google.com/document/d/1aeV6bYo274O3vstEtpwkQ6XfUvQAq9OhNpL5ZEDF8xA/edit?tab=t.0#heading=h.y2dgj7b691i4,,30m
Calgary Co-op Wine Spirits Beer Liquor,OPS - Check for page removal triggers that may need to be set up,1145559,3441,https://fadmin.flippback.com/flyer_runs/1145559,Calgary Co-op Wine Spirits Beer Liquor - Week 52,12/26/2025,12/31/2025,1/1/2026,12/30/2025,01/07/2026,https://docs.google.com/document/d/1aeV6bYo274O3vstEtpwkQ6XfUvQAq9OhNpL5ZEDF8xA/edit?tab=t.0#heading=h.y2dgj7b691i5,,30m
Calgary Co-op Wine Spirits Beer Liquor,OPS - Check for page removal triggers that may need to be set up,1145560,3441,https://fadmin.flippback.com/flyer_runs/1145560,Calgary Co-op Wine Spirits Beer Liquor - Week 1,01/02/2026,1/7/2026,1/8/2026,1/6/2026,01/14/2026,https://docs.google.com/document/d/1aeV6bYo274O3vstEtpwkQ6XfUvQAq9OhNpL5ZEDF8xA/edit?tab=t.0#heading=h.y2dgj7b691i6,,30m
Calgary Co-op Wine Spirits Beer Liquor,OPS - Check for page removal triggers that may need to be set up,1145561,3441,https://fadmin.flippback.com/flyer_runs/1145561,Calgary Co-op Wine Spirits Beer Liquor - Week 2,01/09/2026,1/14/2026,1/15/2026,1/13/2026,01/21/2026,https://docs.google.com/document/d/1aeV6bYo274O3vstEtpwkQ6XfUvQAq9OhNpL5ZEDF8xA/edit?tab=t.0#heading=h.y2dgj7b691i7,,30m
Calgary Co-op Wine Spirits Beer Liquor,OPS - Check for page removal triggers that may need to be set up,1145562,3441,https://fadmin.flippback.com/flyer_runs/1145562,Calgary Co-op Wine Spirits Beer Liquor - Week 3,01/16/2026,1/21/2026,1/22/2026,1/20/2026,01/28/2026,https://docs.google.com/document/d/1aeV6bYo274O3vstEtpwkQ6XfUvQAq9OhNpL5ZEDF8xA/edit?tab=t.0#heading=h.y2dgj7b691i8,,30m
Calgary Co-op Wine Spirits Beer Liquor,OPS - Check for page removal triggers that may need to be set up,1145563,3441,https://fadmin.flippback.com/flyer_runs/1145563,Calgary Co-op Wine Spirits Beer Liquor - Week 4,01/23/2026,1/28/2026,1/29/2026,1/27/2026,02/04/2026,https://docs.google.com/document/d/1aeV6bYo274O3vstEtpwkQ6XfUvQAq9OhNpL5ZEDF8xA/edit?tab=t.0#heading=h.y2dgj7b691i9,,30m
Calgary Co-op Wine Spirits Beer Liquor,OPS - Check for page removal triggers that may need to be set up,1145564,3441,https://fadmin.flippback.com/flyer_runs/1145564,Calgary Co-op Wine Spirits Beer Liquor - Week 5,01/30/2026,2/4/2026,2/5/2026,2/3/2026,02/11/2026,https://docs.google.com/document/d/1aeV6bYo274O3vstEtpwkQ6XfUvQAq9OhNpL5ZEDF8xA/edit?tab=t.0#heading=h.y2dgj7b691i10,,30m
Calgary Co-op Wine Spirits Beer Liquor,OPS - Check for page removal triggers that may need to be set up,1145565,3441,https://fadmin.flippback.com/flyer_runs/1145565,Calgary Co-op Wine Spirits Beer Liquor - Week 6,02/06/2026,2/11/2026,2/12/2026,2/10/2026,02/18/2026,https://docs.google.com/document/d/1aeV6bYo274O3vstEtpwkQ6XfUvQAq9OhNpL5ZEDF8xA/edit?tab=t.0#heading=h.y2dgj7b691i11,,30m
Calgary Co-op Wine Spirits Beer Liquor,OPS - Check for page removal triggers that may need to be set up,1145566,3441,https://fadmin.flippback.com/flyer_runs/1145566,Calgary Co-op Wine Spirits Beer Liquor - Week 7,02/13/2026,2/18/2026,2/19/2026,2/17/2026,02/25/2026,https://docs.google.com/document/d/1aeV6bYo274O3vstEtpwkQ6XfUvQAq9OhNpL5ZEDF8xA/edit?tab=t.0#heading=h.y2dgj7b691i12,,30m
Calgary Co-op Wine Spirits Beer Liquor,OPS - Check for page removal triggers that may need to be set up,1145567,3441,https://fadmin.flippback.com/flyer_runs/1145567,Calgary Co-op Wine Spirits Beer Liquor - Week 8,02/20/2026,2/25/2026,2/26/2026,2/24/2026,03/04/2026,https://docs.google.com/document/d/1aeV6bYo274O3vstEtpwkQ6XfUvQAq9OhNpL5ZEDF8xA/edit?tab=t.0#heading=h.y2dgj7b691i13,,30m
Calgary Co-op Wine Spirits Beer Liquor,OPS - Check for page removal triggers that may need to be set up,1145568,3441,https://fadmin.flippback.com/flyer_runs/1145568,Calgary Co-op Wine Spirits Beer Liquor - Week 9,02/27/2026,3/4/2026,3/5/2026,3/3/2026,03/11/2026,https://docs.google.com/document/d/1aeV6bYo274O3vstEtpwkQ6XfUvQAq9OhNpL5ZEDF8xA/edit?tab=t.0#heading=h.y2dgj7b691i14,,30m
Calgary Co-op Wine Spirits Beer Liquor,OPS - Check for page removal triggers that may need to be set up,1145569,3441,https://fadmin.flippback.com/flyer_runs/1145569,Calgary Co-op Wine Spirits Beer Liquor - Week 10,03/06/2026,3/11/2026,3/12/2026,3/10/2026,03/18/2026,https://docs.google.com/document/d/1aeV6bYo274O3vstEtpwkQ6XfUvQAq9OhNpL5ZEDF8xA/edit?tab=t.0#heading=h.y2dgj7b691i15,,30m
Calgary Co-op Wine Spirits Beer Liquor,OPS - Check for page removal triggers that may need to be set up,1145570,3441,https://fadmin.flippback.com/flyer_runs/1145570,Calgary Co-op Wine Spirits Beer Liquor - Week 11,03/13/2026,3/18/2026,3/19/2026,3/17/2026,03/25/2026,https://docs.google.com/document/d/1aeV6bYo274O3vstEtpwkQ6XfUvQAq9OhNpL5ZEDF8xA/edit?tab=t.0#heading=h.y2dgj7b691i16,,30m
Calgary Co-op Wine Spirits Beer Liquor,OPS - Check for page removal triggers that may need to be set up,1145571,3441,https://fadmin.flippback.com/flyer_runs/1145571,Calgary Co-op Wine Spirits Beer Liquor - Week 12,03/20/2026,3/25/2026,3/26/2026,3/24/2026,04/01/2026,https://docs.google.com/document/d/1aeV6bYo274O3vstEtpwkQ6XfUvQAq9OhNpL5ZEDF8xA/edit?tab=t.0#heading=h.y2dgj7b691i17,,30m
Calgary Co-op Wine Spirits Beer Liquor,OPS - Check for page removal triggers that may need to be set up,1145572,3441,https://fadmin.flippback.com/flyer_runs/1145572,Calgary Co-op Wine Spirits Beer Liquor - Week 13,03/27/2026,4/1/2026,4/2/2026,3/31/2026,04/08/2026,https://docs.google.com/document/d/1aeV6bYo274O3vstEtpwkQ6XfUvQAq9OhNpL5ZEDF8xA/edit?tab=t.0#heading=h.y2dgj7b691i18,,30m
Calgary Co-op Wine Spirits Beer Liquor,OPS - Check for page removal triggers that may need to be set up,1145573,3441,https://fadmin.flippback.com/flyer_runs/1145573,Calgary Co-op Wine Spirits Beer Liquor - Week 14,04/03/2026,4/8/2026,4/9/2026,4/7/2026,04/15/2026,https://docs.google.com/document/d/1aeV6bYo274O3vstEtpwkQ6XfUvQAq9OhNpL5ZEDF8xA/edit?tab=t.0#heading=h.y2dgj7b691i19,,30m
Calgary Co-op Wine Spirits Beer Liquor,OPS - Check for page removal triggers that may need to be set up,1145574,3441,https://fadmin.flippback.com/flyer_runs/1145574,Calgary Co-op Wine Spirits Beer Liquor - Week 15,04/10/2026,4/15/2026,4/16/2026,4/14/2026,04/22/2026,https://docs.google.com/document/d/1aeV6bYo274O3vstEtpwkQ6XfUvQAq9OhNpL5ZEDF8xA/edit?tab=t.0#heading=h.y2dgj7b691i20,,30m
Calgary Co-op Wine Spirits Beer Liquor,OPS - Check for page removal triggers that may need to be set up,1145575,3441,https://fadmin.flippback.com/flyer_runs/1145575,Calgary Co-op Wine Spirits Beer Liquor - Week 16,04/17/2026,4/22/2026,4/23/2026,4/21/2026,04/29/2026,https://docs.google.com/document/d/1aeV6bYo274O3vstEtpwkQ6XfUvQAq9OhNpL5ZEDF8xA/edit?tab=t.0#heading=h.y2dgj7b691i21,,30m
Calgary Co-op Wine Spirits Beer Liquor,OPS - Check for page removal triggers that may need to be set up,1145576,3441,https://fadmin.flippback.com/flyer_runs/1145576,Calgary Co-op Wine Spirits Beer Liquor - Week 17,04/24/2026,4/29/2026,4/30/2026,4/28/2026,05/06/2026,https://docs.google.com/document/d/1aeV6bYo274O3vstEtpwkQ6XfUvQAq9OhNpL5ZEDF8xA/edit?tab=t.0#heading=h.y2dgj7b691i22,,30m
Calgary Co-op Wine Spirits Beer Liquor,OPS - Check for page removal triggers that may need to be set up,1145577,3441,https://fadmin.flippback.com/flyer_runs/1145577,Calgary Co-op Wine Spirits Beer Liquor - Week 18,05/01/2026,5/6/2026,5/7/2026,5/5/2026,05/13/2026,https://docs.google.com/document/d/1aeV6bYo274O3vstEtpwkQ6XfUvQAq9OhNpL5ZEDF8xA/edit?tab=t.0#heading=h.y2dgj7b691i23,,30m
Calgary Co-op Wine Spirits Beer Liquor,OPS - Check for page removal triggers that may need to be set up,1145578,3441,https://fadmin.flippback.com/flyer_runs/1145578,Calgary Co-op Wine Spirits Beer Liquor - Week 19,05/08/2026,5/13/2026,5/14/2026,5/12/2026,05/20/2026,https://docs.google.com/document/d/1aeV6bYo274O3vstEtpwkQ6XfUvQAq9OhNpL5ZEDF8xA/edit?tab=t.0#heading=h.y2dgj7b691i24,,30m
Calgary Co-op Wine Spirits Beer Liquor,OPS - Check for page removal triggers that may need to be set up,1145579,3441,https://fadmin.flippback.com/flyer_runs/1145579,Calgary Co-op Wine Spirits Beer Liquor - Week 20,05/15/2026,5/20/2026,5/21/2026,5/19/2026,05/27/2026,https://docs.google.com/document/d/1aeV6bYo274O3vstEtpwkQ6XfUvQAq9OhNpL5ZEDF8xA/edit?tab=t.0#heading=h.y2dgj7b691i25,,30m
Calgary Co-op Wine Spirits Beer Liquor,OPS - Check for page removal triggers that may need to be set up,1145580,3441,https://fadmin.flippback.com/flyer_runs/1145580,Calgary Co-op Wine Spirits Beer Liquor - Week 21,05/22/2026,5/27/2026,5/28/2026,5/26/2026,06/03/2026,https://docs.google.com/document/d/1aeV6bYo274O3vstEtpwkQ6XfUvQAq9OhNpL5ZEDF8xA/edit?tab=t.0#heading=h.y2dgj7b691i26,,30m
Calgary Co-op Wine Spirits Beer Liquor,OPS - Check for page removal triggers that may need to be set up,1145581,3441,https://fadmin.flippback.com/flyer_runs/1145581,Calgary Co-op Wine Spirits Beer Liquor - Week 22,05/29/2026,6/3/2026,6/4/2026,6/2/2026,06/10/2026,https://docs.google.com/document/d/1aeV6bYo274O3vstEtpwkQ6XfUvQAq9OhNpL5ZEDF8xA/edit?tab=t.0#heading=h.y2dgj7b691i27,,30m
Calgary Co-op Wine Spirits Beer Liquor,OPS - Check for page removal triggers that may need to be set up,1145582,3441,https://fadmin.flippback.com/flyer_runs/1145582,Calgary Co-op Wine Spirits Beer Liquor - Week 23,06/05/2026,6/10/2026,6/11/2026,6/9/2026,06/17/2026,https://docs.google.com/document/d/1aeV6bYo274O3vstEtpwkQ6XfUvQAq9OhNpL5ZEDF8xA/edit?tab=t.0#heading=h.y2dgj7b691i28,,30m
Calgary Co-op Wine Spirits Beer Liquor,OPS - Check for page removal triggers that may need to be set up,1145583,3441,https://fadmin.flippback.com/flyer_runs/1145583,Calgary Co-op Wine Spirits Beer Liquor - Week 24,06/12/2026,6/17/2026,6/18/2026,6/16/2026,06/24/2026,https://docs.google.com/document/d/1aeV6bYo274O3vstEtpwkQ6XfUvQAq9OhNpL5ZEDF8xA/edit?tab=t.0#heading=h.y2dgj7b691i29,,30m
Calgary Co-op Wine Spirits Beer Liquor,OPS - Check for page removal triggers that may need to be set up,1145584,3441,https://fadmin.flippback.com/flyer_runs/1145584,Calgary Co-op Wine Spirits Beer Liquor - Week 25,06/19/2026,6/24/2026,6/25/2026,6/23/2026,07/01/2026,https://docs.google.com/document/d/1aeV6bYo274O3vstEtpwkQ6XfUvQAq9OhNpL5ZEDF8xA/edit?tab=t.0#heading=h.y2dgj7b691i30,,30m
Cashsaver,FTE - Clone this run into Food Giant retailer (same dates) as FINAL step before completing FQC,1094243,11980,https://fadmin.flippback.com/flyer_runs/1094243,Cashsaver - Dec 3,11/27/2025,12/2/2025,12/3/2025,12/1/2025,12/09/2025,https://docs.google.com/document/d/19sS7g3I4gWUKCYmbUheDz978PhZxk4fo_REsTYrCSfY/edit?tab=t.0#heading=h.y2dgj7b691i1,"Clone during FQC (Per OneGuide, Create the Clone as the FINAL step before completing the FQC checklist)",10m
Cashsaver,FTE - Clone this run into Food Giant retailer (same dates) as FINAL step before completing FQC,1094244,11980,https://fadmin.flippback.com/flyer_runs/1094244,Cashsaver - Dec 10,12/4/2025,12/9/2025,12/10/2025,12/8/2025,12/16/2025,https://docs.google.com/document/d/19sS7g3I4gWUKCYmbUheDz978PhZxk4fo_REsTYrCSfY/edit?tab=t.0#heading=h.y2dgj7b691i2,"Clone during FQC (Per OneGuide, Create the Clone as the FINAL step before completing the FQC checklist)",10m
Cashsaver,FTE - Clone this run into Food Giant retailer (same dates) as FINAL step before completing FQC,1094245,11980,https://fadmin.flippback.com/flyer_runs/1094245,Cashsaver - Dec 17,12/11/2025,12/16/2025,12/17/2025,12/15/2025,12/23/2025,https://docs.google.com/document/d/19sS7g3I4gWUKCYmbUheDz978PhZxk4fo_REsTYrCSfY/edit?tab=t.0#heading=h.y2dgj7b691i3,"Clone during FQC (Per OneGuide, Create the Clone as the FINAL step before completing the FQC checklist)",10m
Cashsaver,FTE - Clone this run into Food Giant retailer (same dates) as FINAL step before completing FQC,1094246,11980,https://fadmin.flippback.com/flyer_runs/1094246,Cashsaver - Dec 24,12/18/2025,12/23/2025,12/24/2025,12/22/2025,12/30/2025,https://docs.google.com/document/d/19sS7g3I4gWUKCYmbUheDz978PhZxk4fo_REsTYrCSfY/edit?tab=t.0#heading=h.y2dgj7b691i4,"Clone during FQC (Per OneGuide, Create the Clone as the FINAL step before completing the FQC checklist)",10m
Cashsaver,FTE - Clone this run into Food Giant retailer (same dates) as FINAL step before completing FQC,1094247,11980,https://fadmin.flippback.com/flyer_runs/1094247,Cashsaver - Dec 31,12/25/2025,12/30/2025,12/31/2025,12/29/2025,01/06/2026,https://docs.google.com/document/d/19sS7g3I4gWUKCYmbUheDz978PhZxk4fo_REsTYrCSfY/edit?tab=t.0#heading=h.y2dgj7b691i5,"Clone during FQC (Per OneGuide, Create the Clone as the FINAL step before completing the FQC checklist)",10m
Cashsaver,FTE - Clone this run into Food Giant retailer (same dates) as FINAL step before completing FQC,1094248,11980,https://fadmin.flippback.com/flyer_runs/1094248,Cashsaver - Jan 7,01/01/2026,1/6/2026,1/7/2026,1/5/2026,01/13/2026,https://docs.google.com/document/d/19sS7g3I4gWUKCYmbUheDz978PhZxk4fo_REsTYrCSfY/edit?tab=t.0#heading=h.y2dgj7b691i6,"Clone during FQC (Per OneGuide, Create the Clone as the FINAL step before completing the FQC checklist)",10m
Cashsaver,FTE - Clone this run into Food Giant retailer (same dates) as FINAL step before completing FQC,1094249,11980,https://fadmin.flippback.com/flyer_runs/1094249,Cashsaver - Jan 14,01/08/2026,1/13/2026,1/14/2026,1/12/2026,01/20/2026,https://docs.google.com/document/d/19sS7g3I4gWUKCYmbUheDz978PhZxk4fo_REsTYrCSfY/edit?tab=t.0#heading=h.y2dgj7b691i7,"Clone during FQC (Per OneGuide, Create the Clone as the FINAL step before completing the FQC checklist)",10m
Cashsaver,FTE - Clone this run into Food Giant retailer (same dates) as FINAL step before completing FQC,1151457,11980,https://fadmin.flippback.com/flyer_runs/1151457,Cashsaver - Jan 21,01/15/2026,1/20/2026,1/21/2026,1/19/2026,01/27/2026,https://docs.google.com/document/d/19sS7g3I4gWUKCYmbUheDz978PhZxk4fo_REsTYrCSfY/edit?tab=t.0#heading=h.y2dgj7b691i8,"Clone during FQC (Per OneGuide, Create the Clone as the FINAL step before completing the FQC checklist)",10m
Cashsaver,FTE - Clone this run into Food Giant retailer (same dates) as FINAL step before completing FQC,1151458,11980,https://fadmin.flippback.com/flyer_runs/1151458,Cashsaver - Jan 28,01/22/2026,1/27/2026,1/28/2026,1/26/2026,02/03/2026,https://docs.google.com/document/d/19sS7g3I4gWUKCYmbUheDz978PhZxk4fo_REsTYrCSfY/edit?tab=t.0#heading=h.y2dgj7b691i9,"Clone during FQC (Per OneGuide, Create the Clone as the FINAL step before completing the FQC checklist)",10m
Cashsaver,FTE - Clone this run into Food Giant retailer (same dates) as FINAL step before completing FQC,1151459,11980,https://fadmin.flippback.com/flyer_runs/1151459,Cashsaver - Feb 4,01/29/2026,2/3/2026,2/4/2026,2/2/2026,02/10/2026,https://docs.google.com/document/d/19sS7g3I4gWUKCYmbUheDz978PhZxk4fo_REsTYrCSfY/edit?tab=t.0#heading=h.y2dgj7b691i10,"Clone during FQC (Per OneGuide, Create the Clone as the FINAL step before completing the FQC checklist)",10m
Cashsaver,FTE - Clone this run into Food Giant retailer (same dates) as FINAL step before completing FQC,1151460,11980,https://fadmin.flippback.com/flyer_runs/1151460,Cashsaver - Feb 11,02/05/2026,2/10/2026,2/11/2026,2/9/2026,02/17/2026,https://docs.google.com/document/d/19sS7g3I4gWUKCYmbUheDz978PhZxk4fo_REsTYrCSfY/edit?tab=t.0#heading=h.y2dgj7b691i11,"Clone during FQC (Per OneGuide, Create the Clone as the FINAL step before completing the FQC checklist)",10m
Cashsaver,FTE - Clone this run into Food Giant retailer (same dates) as FINAL step before completing FQC,1151461,11980,https://fadmin.flippback.com/flyer_runs/1151461,Cashsaver - Feb 18,02/12/2026,2/17/2026,2/18/2026,2/16/2026,02/24/2026,https://docs.google.com/document/d/19sS7g3I4gWUKCYmbUheDz978PhZxk4fo_REsTYrCSfY/edit?tab=t.0#heading=h.y2dgj7b691i12,"Clone during FQC (Per OneGuide, Create the Clone as the FINAL step before completing the FQC checklist)",10m
Cashsaver,FTE - Clone this run into Food Giant retailer (same dates) as FINAL step before completing FQC,1151462,11980,https://fadmin.flippback.com/flyer_runs/1151462,Cashsaver - Feb 25,02/19/2026,2/24/2026,2/25/2026,2/23/2026,03/03/2026,https://docs.google.com/document/d/19sS7g3I4gWUKCYmbUheDz978PhZxk4fo_REsTYrCSfY/edit?tab=t.0#heading=h.y2dgj7b691i13,"Clone during FQC (Per OneGuide, Create the Clone as the FINAL step before completing the FQC checklist)",10m
Cashsaver,FTE - Clone this run into Food Giant retailer (same dates) as FINAL step before completing FQC,1151463,11980,https://fadmin.flippback.com/flyer_runs/1151463,Cashsaver - Mar 4,02/26/2026,3/3/2026,3/4/2026,3/2/2026,03/10/2026,https://docs.google.com/document/d/19sS7g3I4gWUKCYmbUheDz978PhZxk4fo_REsTYrCSfY/edit?tab=t.0#heading=h.y2dgj7b691i14,"Clone during FQC (Per OneGuide, Create the Clone as the FINAL step before completing the FQC checklist)",10m
Cashsaver,FTE - Clone this run into Food Giant retailer (same dates) as FINAL step before completing FQC,1151464,11980,https://fadmin.flippback.com/flyer_runs/1151464,Cashsaver - Mar 11,03/05/2026,3/10/2026,3/11/2026,3/9/2026,03/17/2026,https://docs.google.com/document/d/19sS7g3I4gWUKCYmbUheDz978PhZxk4fo_REsTYrCSfY/edit?tab=t.0#heading=h.y2dgj7b691i15,"Clone during FQC (Per OneGuide, Create the Clone as the FINAL step before completing the FQC checklist)",10m
Cashsaver,FTE - Clone this run into Food Giant retailer (same dates) as FINAL step before completing FQC,1151465,11980,https://fadmin.flippback.com/flyer_runs/1151465,Cashsaver - Mar 18,03/12/2026,3/17/2026,3/18/2026,3/16/2026,03/24/2026,https://docs.google.com/document/d/19sS7g3I4gWUKCYmbUheDz978PhZxk4fo_REsTYrCSfY/edit?tab=t.0#heading=h.y2dgj7b691i16,"Clone during FQC (Per OneGuide, Create the Clone as the FINAL step before completing the FQC checklist)",10m
Cashsaver,FTE - Clone this run into Food Giant retailer (same dates) as FINAL step before completing FQC,1151466,11980,https://fadmin.flippback.com/flyer_runs/1151466,Cashsaver - Mar 25,03/19/2026,3/24/2026,3/25/2026,3/23/2026,03/31/2026,https://docs.google.com/document/d/19sS7g3I4gWUKCYmbUheDz978PhZxk4fo_REsTYrCSfY/edit?tab=t.0#heading=h.y2dgj7b691i17,"Clone during FQC (Per OneGuide, Create the Clone as the FINAL step before completing the FQC checklist)",10m
Cashsaver,FTE - Clone this run into Food Giant retailer (same dates) as FINAL step before completing FQC,1151467,11980,https://fadmin.flippback.com/flyer_runs/1151467,Cashsaver - Apr 1,03/26/2026,3/31/2026,4/1/2026,3/30/2026,04/07/2026,https://docs.google.com/document/d/19sS7g3I4gWUKCYmbUheDz978PhZxk4fo_REsTYrCSfY/edit?tab=t.0#heading=h.y2dgj7b691i18,"Clone during FQC (Per OneGuide, Create the Clone as the FINAL step before completing the FQC checklist)",10m
Cashsaver,FTE - Clone this run into Food Giant retailer (same dates) as FINAL step before completing FQC,1151468,11980,https://fadmin.flippback.com/flyer_runs/1151468,Cashsaver - Apr 8,04/02/2026,4/7/2026,4/8/2026,4/6/2026,04/14/2026,https://docs.google.com/document/d/19sS7g3I4gWUKCYmbUheDz978PhZxk4fo_REsTYrCSfY/edit?tab=t.0#heading=h.y2dgj7b691i19,"Clone during FQC (Per OneGuide, Create the Clone as the FINAL step before completing the FQC checklist)",10m
Cashsaver,FTE - Clone this run into Food Giant retailer (same dates) as FINAL step before completing FQC,1151469,11980,https://fadmin.flippback.com/flyer_runs/1151469,Cashsaver - Apr 15,04/09/2026,4/14/2026,4/15/2026,4/13/2026,04/21/2026,https://docs.google.com/document/d/19sS7g3I4gWUKCYmbUheDz978PhZxk4fo_REsTYrCSfY/edit?tab=t.0#heading=h.y2dgj7b691i20,"Clone during FQC (Per OneGuide, Create the Clone as the FINAL step before completing the FQC checklist)",10m
Cashsaver,FTE - Clone this run into Food Giant retailer (same dates) as FINAL step before completing FQC,1151470,11980,https://fadmin.flippback.com/flyer_runs/1151470,Cashsaver - Apr 22,04/16/2026,4/21/2026,4/22/2026,4/20/2026,04/28/2026,https://docs.google.com/document/d/19sS7g3I4gWUKCYmbUheDz978PhZxk4fo_REsTYrCSfY/edit?tab=t.0#heading=h.y2dgj7b691i21,"Clone during FQC (Per OneGuide, Create the Clone as the FINAL step before completing the FQC checklist)",10m
Cashsaver,FTE - Clone this run into Food Giant retailer (same dates) as FINAL step before completing FQC,1151471,11980,https://fadmin.flippback.com/flyer_runs/1151471,Cashsaver - Apr 29,04/23/2026,4/28/2026,4/29/2026,4/27/2026,05/05/2026,https://docs.google.com/document/d/19sS7g3I4gWUKCYmbUheDz978PhZxk4fo_REsTYrCSfY/edit?tab=t.0#heading=h.y2dgj7b691i22,"Clone during FQC (Per OneGuide, Create the Clone as the FINAL step before completing the FQC checklist)",10m
Cashsaver,FTE - Clone this run into Food Giant retailer (same dates) as FINAL step before completing FQC,1151472,11980,https://fadmin.flippback.com/flyer_runs/1151472,Cashsaver - May 6,04/30/2026,5/5/2026,5/6/2026,5/4/2026,05/12/2026,https://docs.google.com/document/d/19sS7g3I4gWUKCYmbUheDz978PhZxk4fo_REsTYrCSfY/edit?tab=t.0#heading=h.y2dgj7b691i23,"Clone during FQC (Per OneGuide, Create the Clone as the FINAL step before completing the FQC checklist)",10m
Cashsaver,FTE - Clone this run into Food Giant retailer (same dates) as FINAL step before completing FQC,1151473,11980,https://fadmin.flippback.com/flyer_runs/1151473,Cashsaver - May 13,05/07/2026,5/12/2026,5/13/2026,5/11/2026,05/19/2026,https://docs.google.com/document/d/19sS7g3I4gWUKCYmbUheDz978PhZxk4fo_REsTYrCSfY/edit?tab=t.0#heading=h.y2dgj7b691i24,"Clone during FQC (Per OneGuide, Create the Clone as the FINAL step before completing the FQC checklist)",10m
Cashsaver,FTE - Clone this run into Food Giant retailer (same dates) as FINAL step before completing FQC,1151474,11980,https://fadmin.flippback.com/flyer_runs/1151474,Cashsaver - May 20,05/14/2026,5/19/2026,5/20/2026,5/18/2026,05/26/2026,https://docs.google.com/document/d/19sS7g3I4gWUKCYmbUheDz978PhZxk4fo_REsTYrCSfY/edit?tab=t.0#heading=h.y2dgj7b691i25,"Clone during FQC (Per OneGuide, Create the Clone as the FINAL step before completing the FQC checklist)",10m
Cashsaver,FTE - Clone this run into Food Giant retailer (same dates) as FINAL step before completing FQC,1151475,11980,https://fadmin.flippback.com/flyer_runs/1151475,Cashsaver - May 27,05/21/2026,5/26/2026,5/27/2026,5/25/2026,06/02/2026,https://docs.google.com/document/d/19sS7g3I4gWUKCYmbUheDz978PhZxk4fo_REsTYrCSfY/edit?tab=t.0#heading=h.y2dgj7b691i26,"Clone during FQC (Per OneGuide, Create the Clone as the FINAL step before completing the FQC checklist)",10m
Cashsaver,FTE - Clone this run into Food Giant retailer (same dates) as FINAL step before completing FQC,1151476,11980,https://fadmin.flippback.com/flyer_runs/1151476,Cashsaver - Jun 3,05/28/2026,6/2/2026,6/3/2026,6/1/2026,06/09/2026,https://docs.google.com/document/d/19sS7g3I4gWUKCYmbUheDz978PhZxk4fo_REsTYrCSfY/edit?tab=t.0#heading=h.y2dgj7b691i27,"Clone during FQC (Per OneGuide, Create the Clone as the FINAL step before completing the FQC checklist)",10m
Cashsaver,FTE - Clone this run into Food Giant retailer (same dates) as FINAL step before completing FQC,1151477,11980,https://fadmin.flippback.com/flyer_runs/1151477,Cashsaver - Jun 10,06/04/2026,6/9/2026,6/10/2026,6/8/2026,06/16/2026,https://docs.google.com/document/d/19sS7g3I4gWUKCYmbUheDz978PhZxk4fo_REsTYrCSfY/edit?tab=t.0#heading=h.y2dgj7b691i28,"Clone during FQC (Per OneGuide, Create the Clone as the FINAL step before completing the FQC checklist)",10m
Cashsaver,FTE - Clone this run into Food Giant retailer (same dates) as FINAL step before completing FQC,1151478,11980,https://fadmin.flippback.com/flyer_runs/1151478,Cashsaver - Jun 17,06/11/2026,6/16/2026,6/17/2026,6/15/2026,06/23/2026,https://docs.google.com/document/d/19sS7g3I4gWUKCYmbUheDz978PhZxk4fo_REsTYrCSfY/edit?tab=t.0#heading=h.y2dgj7b691i29,"Clone during FQC (Per OneGuide, Create the Clone as the FINAL step before completing the FQC checklist)",10m
Cashsaver,FTE - Clone this run into Food Giant retailer (same dates) as FINAL step before completing FQC,1151479,11980,https://fadmin.flippback.com/flyer_runs/1151479,Cashsaver - Jun 24,06/18/2026,6/23/2026,6/24/2026,6/22/2026,06/30/2026,https://docs.google.com/document/d/19sS7g3I4gWUKCYmbUheDz978PhZxk4fo_REsTYrCSfY/edit?tab=t.0#heading=h.y2dgj7b691i30,"Clone during FQC (Per OneGuide, Create the Clone as the FINAL step before completing the FQC checklist)",10m
Cashsaver,FTE - Clone this run into Food Giant retailer (same dates) as FINAL step before completing FQC,1151480,11980,https://fadmin.flippback.com/flyer_runs/1151480,Cashsaver - Jul 1,06/25/2026,6/30/2026,7/1/2026,6/29/2026,07/07/2026,https://docs.google.com/document/d/19sS7g3I4gWUKCYmbUheDz978PhZxk4fo_REsTYrCSfY/edit?tab=t.0#heading=h.y2dgj7b691i31,"Clone during FQC (Per OneGuide, Create the Clone as the FINAL step before completing the FQC checklist)",10m
Commisso's Fresh Foods,,1093487,11543,https://fadmin.flippback.com/flyer_runs/1093487,"Commisso's Fresh Foods - WEEKLY - Valid - Dec 5, 2025",11/27/2025,12/4/2025,12/5/2025,12/3/2025,12/11/2025,https://docs.google.com/document/d/1QRJ2IVboypgXSgKW96iW-UAsuxRBkA1dQxN3XIoodBQ/edit,,35m
Commisso's Fresh Foods,,1093488,11543,https://fadmin.flippback.com/flyer_runs/1093488,"Commisso's Fresh Foods - WEEKLY - Valid - Dec 12, 2025",12/4/2025,12/11/2025,12/12/2025,12/10/2025,12/18/2025,https://docs.google.com/document/d/1QRJ2IVboypgXSgKW96iW-UAsuxRBkA1dQxN3XIoodBQ/edit,,35m
Commisso's Fresh Foods,,1093489,11543,https://fadmin.flippback.com/flyer_runs/1093489,"Commisso's Fresh Foods - WEEKLY - Valid - Dec 19, 2025",12/11/2025,12/18/2025,12/19/2025,12/17/2025,12/25/2025,https://docs.google.com/document/d/1QRJ2IVboypgXSgKW96iW-UAsuxRBkA1dQxN3XIoodBQ/edit,,35m
Commisso's Fresh Foods,,1093490,11543,https://fadmin.flippback.com/flyer_runs/1093490,"Commisso's Fresh Foods - WEEKLY - Valid - Dec 26, 2025",12/18/2025,12/25/2025,12/26/2025,12/24/2025,01/01/2026,https://docs.google.com/document/d/1QRJ2IVboypgXSgKW96iW-UAsuxRBkA1dQxN3XIoodBQ/edit,,35m
Commisso's Fresh Foods,,1108927,11760,https://fadmin.flippback.com/flyer_runs/1108927,Commisso's Fresh Foods - 2 Wk Wellness - Dec 12,12/4/2025,12/11/2025,12/12/2025,12/10/2025,12/25/2025,https://docs.google.com/document/d/1QRJ2IVboypgXSgKW96iW-UAsuxRBkA1dQxN3XIoodBQ/edit,,35m
Commisso's Fresh Foods,,1108928,11760,https://fadmin.flippback.com/flyer_runs/1108928,Commisso's Fresh Foods - 3 Wk Wellness - Dec 26,12/18/2025,12/25/2025,12/26/2025,12/24/2025,01/08/2026,https://docs.google.com/document/d/1QRJ2IVboypgXSgKW96iW-UAsuxRBkA1dQxN3XIoodBQ/edit,,35m
Commisso's Fresh Foods,,1145350,11760,https://fadmin.flippback.com/flyer_runs/1145350,Commisso's Fresh Foods - 2 Wk Wellness - Jan 2,12/25/2025,1/1/2026,1/2/2026,12/31/2025,01/15/2026,https://docs.google.com/document/d/1QRJ2IVboypgXSgKW96iW-UAsuxRBkA1dQxN3XIoodBQ/edit,,35m
Commisso's Fresh Foods,,1145351,11760,https://fadmin.flippback.com/flyer_runs/1145351,Commisso's Fresh Foods - 2 Wk Wellness - Jan 16,01/08/2026,1/15/2026,1/16/2026,1/14/2026,01/29/2026,https://docs.google.com/document/d/1QRJ2IVboypgXSgKW96iW-UAsuxRBkA1dQxN3XIoodBQ/edit,,35m
Commisso's Fresh Foods,,1145352,11760,https://fadmin.flippback.com/flyer_runs/1145352,Commisso's Fresh Foods - 2 Wk Wellness - Jan 30,01/22/2026,1/29/2026,1/30/2026,1/28/2026,02/12/2026,https://docs.google.com/document/d/1QRJ2IVboypgXSgKW96iW-UAsuxRBkA1dQxN3XIoodBQ/edit,,35m
Commisso's Fresh Foods,,1145353,11760,https://fadmin.flippback.com/flyer_runs/1145353,Commisso's Fresh Foods - 2 Wk Wellness - Feb 13,02/05/2026,2/12/2026,2/13/2026,2/11/2026,02/26/2026,https://docs.google.com/document/d/1QRJ2IVboypgXSgKW96iW-UAsuxRBkA1dQxN3XIoodBQ/edit,,35m
Commisso's Fresh Foods,,1145354,11760,https://fadmin.flippback.com/flyer_runs/1145354,Commisso's Fresh Foods - 2 Wk Wellness - Feb 27,02/19/2026,2/26/2026,2/27/2026,2/25/2026,03/12/2026,https://docs.google.com/document/d/1QRJ2IVboypgXSgKW96iW-UAsuxRBkA1dQxN3XIoodBQ/edit,,35m
Commisso's Fresh Foods,,1145355,11760,https://fadmin.flippback.com/flyer_runs/1145355,Commisso's Fresh Foods - 2 Wk Wellness - Mar 13,03/05/2026,3/12/2026,3/13/2026,3/11/2026,03/26/2026,https://docs.google.com/document/d/1QRJ2IVboypgXSgKW96iW-UAsuxRBkA1dQxN3XIoodBQ/edit,,35m
Commisso's Fresh Foods,,1145356,11760,https://fadmin.flippback.com/flyer_runs/1145356,Commisso's Fresh Foods - 2 Wk Wellness - Mar 27,03/19/2026,3/26/2026,3/27/2026,3/25/2026,04/09/2026,https://docs.google.com/document/d/1QRJ2IVboypgXSgKW96iW-UAsuxRBkA1dQxN3XIoodBQ/edit,,35m
Commisso's Fresh Foods,,1145357,11760,https://fadmin.flippback.com/flyer_runs/1145357,Commisso's Fresh Foods - 2 Wk Wellness - Apr 10,04/02/2026,4/9/2026,4/10/2026,4/8/2026,04/23/2026,https://docs.google.com/document/d/1QRJ2IVboypgXSgKW96iW-UAsuxRBkA1dQxN3XIoodBQ/edit,,35m
Commisso's Fresh Foods,,1145358,11760,https://fadmin.flippback.com/flyer_runs/1145358,Commisso's Fresh Foods - 2 Wk Wellness - Apr 24,04/16/2026,4/23/2026,4/24/2026,4/22/2026,05/07/2026,https://docs.google.com/document/d/1QRJ2IVboypgXSgKW96iW-UAsuxRBkA1dQxN3XIoodBQ/edit,,35m
Commisso's Fresh Foods,,1145359,11760,https://fadmin.flippback.com/flyer_runs/1145359,Commisso's Fresh Foods - 2 Wk Wellness - May 8,04/30/2026,5/7/2026,5/8/2026,5/6/2026,05/21/2026,https://docs.google.com/document/d/1QRJ2IVboypgXSgKW96iW-UAsuxRBkA1dQxN3XIoodBQ/edit,,35m
Commisso's Fresh Foods,,1145360,11760,https://fadmin.flippback.com/flyer_runs/1145360,Commisso's Fresh Foods - 2 Wk Wellness - May 22,05/14/2026,5/21/2026,5/22/2026,5/20/2026,06/04/2026,https://docs.google.com/document/d/1QRJ2IVboypgXSgKW96iW-UAsuxRBkA1dQxN3XIoodBQ/edit,,35m
Commisso's Fresh Foods,,1145361,11760,https://fadmin.flippback.com/flyer_runs/1145361,Commisso's Fresh Foods - 2 Wk Wellness - June 5,05/28/2026,6/4/2026,6/5/2026,6/3/2026,06/18/2026,https://docs.google.com/document/d/1QRJ2IVboypgXSgKW96iW-UAsuxRBkA1dQxN3XIoodBQ/edit,,35m
Commisso's Fresh Foods,,1145362,11760,https://fadmin.flippback.com/flyer_runs/1145362,Commisso's Fresh Foods - 2 Wk Wellness - June 19,06/11/2026,6/18/2026,6/19/2026,6/17/2026,07/02/2026,https://docs.google.com/document/d/1QRJ2IVboypgXSgKW96iW-UAsuxRBkA1dQxN3XIoodBQ/edit,,35m
Commisso's Fresh Foods,,1145381,11543,https://fadmin.flippback.com/flyer_runs/1145381,Commisso's Fresh Foods - WEEKLY - Valid - Jan 2,12/25/2025,1/1/2026,1/2/2026,12/31/2025,01/08/2026,https://docs.google.com/document/d/1QRJ2IVboypgXSgKW96iW-UAsuxRBkA1dQxN3XIoodBQ/edit,,35m
Commisso's Fresh Foods,,1145382,11543,https://fadmin.flippback.com/flyer_runs/1145382,Commisso's Fresh Foods - WEEKLY - Valid - Jan 9,01/01/2026,1/8/2026,1/9/2026,1/7/2026,01/15/2026,https://docs.google.com/document/d/1QRJ2IVboypgXSgKW96iW-UAsuxRBkA1dQxN3XIoodBQ/edit,,35m
Commisso's Fresh Foods,,1145383,11543,https://fadmin.flippback.com/flyer_runs/1145383,Commisso's Fresh Foods - WEEKLY - Valid - Jan 16,01/08/2026,1/15/2026,1/16/2026,1/14/2026,01/22/2026,https://docs.google.com/document/d/1QRJ2IVboypgXSgKW96iW-UAsuxRBkA1dQxN3XIoodBQ/edit,,35m
Commisso's Fresh Foods,,1145384,11543,https://fadmin.flippback.com/flyer_runs/1145384,Commisso's Fresh Foods - WEEKLY - Valid - Jan 23,01/15/2026,1/22/2026,1/23/2026,1/21/2026,01/29/2026,https://docs.google.com/document/d/1QRJ2IVboypgXSgKW96iW-UAsuxRBkA1dQxN3XIoodBQ/edit,,35m
Commisso's Fresh Foods,,1145385,11543,https://fadmin.flippback.com/flyer_runs/1145385,Commisso's Fresh Foods - WEEKLY - Valid - Jan 30,01/22/2026,1/29/2026,1/30/2026,1/28/2026,02/05/2026,https://docs.google.com/document/d/1QRJ2IVboypgXSgKW96iW-UAsuxRBkA1dQxN3XIoodBQ/edit,,35m
Commisso's Fresh Foods,,1145386,11543,https://fadmin.flippback.com/flyer_runs/1145386,Commisso's Fresh Foods - WEEKLY - Valid - Feb 6,01/29/2026,2/5/2026,2/6/2026,2/4/2026,02/12/2026,https://docs.google.com/document/d/1QRJ2IVboypgXSgKW96iW-UAsuxRBkA1dQxN3XIoodBQ/edit,,35m
Commisso's Fresh Foods,,1145387,11543,https://fadmin.flippback.com/flyer_runs/1145387,Commisso's Fresh Foods - WEEKLY - Valid - Feb 13,02/05/2026,2/12/2026,2/13/2026,2/11/2026,02/19/2026,https://docs.google.com/document/d/1QRJ2IVboypgXSgKW96iW-UAsuxRBkA1dQxN3XIoodBQ/edit,,35m
Commisso's Fresh Foods,,1145388,11543,https://fadmin.flippback.com/flyer_runs/1145388,Commisso's Fresh Foods - WEEKLY - Valid - Feb 20,02/12/2026,2/19/2026,2/20/2026,2/18/2026,02/26/2026,https://docs.google.com/document/d/1QRJ2IVboypgXSgKW96iW-UAsuxRBkA1dQxN3XIoodBQ/edit,,35m
Commisso's Fresh Foods,,1145389,11543,https://fadmin.flippback.com/flyer_runs/1145389,Commisso's Fresh Foods - WEEKLY - Valid - Feb 27,02/19/2026,2/26/2026,2/27/2026,2/25/2026,03/05/2026,https://docs.google.com/document/d/1QRJ2IVboypgXSgKW96iW-UAsuxRBkA1dQxN3XIoodBQ/edit,,35m
Commisso's Fresh Foods,,1145390,11543,https://fadmin.flippback.com/flyer_runs/1145390,Commisso's Fresh Foods - WEEKLY - Valid - Mar 6,02/26/2026,3/5/2026,3/6/2026,3/4/2026,03/12/2026,https://docs.google.com/document/d/1QRJ2IVboypgXSgKW96iW-UAsuxRBkA1dQxN3XIoodBQ/edit,,35m
Commisso's Fresh Foods,,1145391,11543,https://fadmin.flippback.com/flyer_runs/1145391,Commisso's Fresh Foods - WEEKLY - Valid - Mar 13,03/05/2026,3/12/2026,3/13/2026,3/11/2026,03/19/2026,https://docs.google.com/document/d/1QRJ2IVboypgXSgKW96iW-UAsuxRBkA1dQxN3XIoodBQ/edit,,35m
Commisso's Fresh Foods,,1145392,11543,https://fadmin.flippback.com/flyer_runs/1145392,Commisso's Fresh Foods - WEEKLY - Valid - Mar 20,03/12/2026,3/19/2026,3/20/2026,3/18/2026,03/26/2026,https://docs.google.com/document/d/1QRJ2IVboypgXSgKW96iW-UAsuxRBkA1dQxN3XIoodBQ/edit,,35m
Commisso's Fresh Foods,,1145393,11543,https://fadmin.flippback.com/flyer_runs/1145393,Commisso's Fresh Foods - WEEKLY - Valid - Mar 27,03/19/2026,3/26/2026,3/27/2026,3/25/2026,04/02/2026,https://docs.google.com/document/d/1QRJ2IVboypgXSgKW96iW-UAsuxRBkA1dQxN3XIoodBQ/edit,,35m
Commisso's Fresh Foods,,1145394,11543,https://fadmin.flippback.com/flyer_runs/1145394,Commisso's Fresh Foods - WEEKLY - Valid - Apr 3,03/26/2026,4/2/2026,4/3/2026,4/1/2026,04/09/2026,https://docs.google.com/document/d/1QRJ2IVboypgXSgKW96iW-UAsuxRBkA1dQxN3XIoodBQ/edit,,35m
Commisso's Fresh Foods,,1145395,11543,https://fadmin.flippback.com/flyer_runs/1145395,Commisso's Fresh Foods - WEEKLY - Valid - Apr 10,04/02/2026,4/9/2026,4/10/2026,4/8/2026,04/16/2026,https://docs.google.com/document/d/1QRJ2IVboypgXSgKW96iW-UAsuxRBkA1dQxN3XIoodBQ/edit,,35m
Commisso's Fresh Foods,,1145396,11543,https://fadmin.flippback.com/flyer_runs/1145396,Commisso's Fresh Foods - WEEKLY - Valid - Apr 17,04/09/2026,4/16/2026,4/17/2026,4/15/2026,04/23/2026,https://docs.google.com/document/d/1QRJ2IVboypgXSgKW96iW-UAsuxRBkA1dQxN3XIoodBQ/edit,,35m
Commisso's Fresh Foods,,1145397,11543,https://fadmin.flippback.com/flyer_runs/1145397,Commisso's Fresh Foods - WEEKLY - Valid - Apr 24,04/16/2026,4/23/2026,4/24/2026,4/22/2026,04/30/2026,https://docs.google.com/document/d/1QRJ2IVboypgXSgKW96iW-UAsuxRBkA1dQxN3XIoodBQ/edit,,35m
Commisso's Fresh Foods,,1145398,11543,https://fadmin.flippback.com/flyer_runs/1145398,Commisso's Fresh Foods - WEEKLY - Valid - May 1,04/23/2026,4/30/2026,5/1/2026,4/29/2026,05/07/2026,https://docs.google.com/document/d/1QRJ2IVboypgXSgKW96iW-UAsuxRBkA1dQxN3XIoodBQ/edit,,35m
Commisso's Fresh Foods,,1145399,11543,https://fadmin.flippback.com/flyer_runs/1145399,Commisso's Fresh Foods - WEEKLY - Valid - May 8,04/30/2026,5/7/2026,5/8/2026,5/6/2026,05/14/2026,https://docs.google.com/document/d/1QRJ2IVboypgXSgKW96iW-UAsuxRBkA1dQxN3XIoodBQ/edit,,35m
Commisso's Fresh Foods,,1145400,11543,https://fadmin.flippback.com/flyer_runs/1145400,Commisso's Fresh Foods - WEEKLY - Valid - May 15,05/07/2026,5/14/2026,5/15/2026,5/13/2026,05/21/2026,https://docs.google.com/document/d/1QRJ2IVboypgXSgKW96iW-UAsuxRBkA1dQxN3XIoodBQ/edit,,35m
Commisso's Fresh Foods,,1145401,11543,https://fadmin.flippback.com/flyer_runs/1145401,Commisso's Fresh Foods - WEEKLY - Valid - May 22,05/14/2026,5/21/2026,5/22/2026,5/20/2026,05/28/2026,https://docs.google.com/document/d/1QRJ2IVboypgXSgKW96iW-UAsuxRBkA1dQxN3XIoodBQ/edit,,35m
Commisso's Fresh Foods,,1145402,11543,https://fadmin.flippback.com/flyer_runs/1145402,Commisso's Fresh Foods - WEEKLY - Valid - May 29,05/21/2026,5/28/2026,5/29/2026,5/27/2026,06/04/2026,https://docs.google.com/document/d/1QRJ2IVboypgXSgKW96iW-UAsuxRBkA1dQxN3XIoodBQ/edit,,35m
Commisso's Fresh Foods,,1145403,11543,https://fadmin.flippback.com/flyer_runs/1145403,Commisso's Fresh Foods - WEEKLY - Valid - June 5,05/28/2026,6/4/2026,6/5/2026,6/3/2026,06/11/2026,https://docs.google.com/document/d/1QRJ2IVboypgXSgKW96iW-UAsuxRBkA1dQxN3XIoodBQ/edit,,35m
Commisso's Fresh Foods,,1145404,11543,https://fadmin.flippback.com/flyer_runs/1145404,Commisso's Fresh Foods - WEEKLY - Valid - June 12,06/04/2026,6/11/2026,6/12/2026,6/10/2026,06/18/2026,https://docs.google.com/document/d/1QRJ2IVboypgXSgKW96iW-UAsuxRBkA1dQxN3XIoodBQ/edit,,35m
Commisso's Fresh Foods,,1145405,11543,https://fadmin.flippback.com/flyer_runs/1145405,Commisso's Fresh Foods - WEEKLY - Valid - June 19,06/11/2026,6/18/2026,6/19/2026,6/17/2026,06/25/2026,https://docs.google.com/document/d/1QRJ2IVboypgXSgKW96iW-UAsuxRBkA1dQxN3XIoodBQ/edit,,35m
Commisso's Fresh Foods,,1145406,11543,https://fadmin.flippback.com/flyer_runs/1145406,Commisso's Fresh Foods - WEEKLY - Valid - June 26,06/18/2026,6/25/2026,6/26/2026,6/24/2026,07/02/2026,https://docs.google.com/document/d/1QRJ2IVboypgXSgKW96iW-UAsuxRBkA1dQxN3XIoodBQ/edit,,35m
Community Natural Foods,PLACEHOLDER - Weekly Page Swap,1066501,9708,https://fadmin.flippback.com/flyer_runs/1066501,Community Natural Foods - December Monthly,11/28/2025,12/4/2025,12/4/2025,12/3/2025,12/31/2025,https://docs.google.com/document/d/1-VBH3vPRpT_upHzMuqhu_3K_HNLyZMg7MMIyRVpMlWA/edit?tab=t.0,,40m
Community Natural Foods,PLACEHOLDER - Weekly Page Swap,1164816,9708,https://fadmin.flippback.com/flyer_runs/1164816,Community Natural Foods - January Monthly,12/26/2025,1/1/2026,1/1/2026,12/31/2025,02/04/2026,https://docs.google.com/document/d/1-VBH3vPRpT_upHzMuqhu_3K_HNLyZMg7MMIyRVpMlWA/edit?tab=t.1,,40m
Community Natural Foods,PLACEHOLDER - Weekly Page Swap,1164817,9708,https://fadmin.flippback.com/flyer_runs/1164817,Community Natural Foods - February Monthly,01/30/2026,2/5/2026,2/5/2026,2/4/2026,03/04/2026,https://docs.google.com/document/d/1-VBH3vPRpT_upHzMuqhu_3K_HNLyZMg7MMIyRVpMlWA/edit?tab=t.2,,40m
Community Natural Foods,PLACEHOLDER - Weekly Page Swap,1164818,9708,https://fadmin.flippback.com/flyer_runs/1164818,Community Natural Foods - March Monthly,02/27/2026,3/5/2026,3/5/2026,3/4/2026,04/01/2026,https://docs.google.com/document/d/1-VBH3vPRpT_upHzMuqhu_3K_HNLyZMg7MMIyRVpMlWA/edit?tab=t.3,,40m
Community Natural Foods,PLACEHOLDER - Weekly Page Swap,1164819,9708,https://fadmin.flippback.com/flyer_runs/1164819,Community Natural Foods - April Monthly,03/27/2026,4/2/2026,4/2/2026,4/1/2026,04/29/2026,https://docs.google.com/document/d/1-VBH3vPRpT_upHzMuqhu_3K_HNLyZMg7MMIyRVpMlWA/edit?tab=t.4,,40m
Community Natural Foods,PLACEHOLDER - Weekly Page Swap,1164820,9708,https://fadmin.flippback.com/flyer_runs/1164820,Community Natural Foods - May Monthly,04/24/2026,4/30/2026,4/30/2026,4/29/2026,06/03/2026,https://docs.google.com/document/d/1-VBH3vPRpT_upHzMuqhu_3K_HNLyZMg7MMIyRVpMlWA/edit?tab=t.5,,40m
Community Natural Foods,PLACEHOLDER - Weekly Page Swap,1164821,9708,https://fadmin.flippback.com/flyer_runs/1164821,Community Natural Foods - June Monthly,05/29/2026,6/4/2026,6/4/2026,6/3/2026,07/01/2026,https://docs.google.com/document/d/1-VBH3vPRpT_upHzMuqhu_3K_HNLyZMg7MMIyRVpMlWA/edit?tab=t.6,,40m
Community Natural Foods,PLACEHOLDER - Weekly Page Swap,1164828,9708,https://fadmin.flippback.com/flyer_runs/1164828,Community Natural Foods - Easter Standalone,03/20/2026,3/26/2026,3/26/2026,3/25/2026,04/06/2026,https://docs.google.com/document/d/1-VBH3vPRpT_upHzMuqhu_3K_HNLyZMg7MMIyRVpMlWA/edit?tab=t.7,,40m
Dunham's Sports,"OPS - Attach Codesheet & Check Content Policy at Upload, OPS - QC Trim Boxes Post Upload but Pre Pipeline Tasks, OPS - Add Deep Links After Processing",1077906,198,https://fadmin.flippback.com/flyer_runs/1077906,Dunham's Sports - Flipp 28-Nov,11/21/2025,12/1/2025,12/1/2025,11/30/2025,12/04/2025,https://docs.google.com/document/u/0/d/12-ka51gSSdn435BG6_3112Y1ENmfoQ5StydTDi4SK7o/edit,,35m
Dunham's Sports,"OPS - Attach Codesheet & Check Content Policy at Upload, OPS - QC Trim Boxes Post Upload but Pre Pipeline Tasks, OPS - Add Deep Links After Processing",1077907,198,https://fadmin.flippback.com/flyer_runs/1077907,Dunham's Sports - Flipp 05-Dec,11/25/2025,12/5/2025,12/6/2025,12/4/2025,12/11/2025,https://docs.google.com/document/u/0/d/12-ka51gSSdn435BG6_3112Y1ENmfoQ5StydTDi4SK7o/edit,,35m
Dunham's Sports,"OPS - Attach Codesheet & Check Content Policy at Upload, OPS - QC Trim Boxes Post Upload but Pre Pipeline Tasks, OPS - Add Deep Links After Processing",1077908,198,https://fadmin.flippback.com/flyer_runs/1077908,Dunham's Sports - Flipp 12-Dec,12/2/2025,12/12/2025,12/13/2025,12/11/2025,12/18/2025,https://docs.google.com/document/u/0/d/12-ka51gSSdn435BG6_3112Y1ENmfoQ5StydTDi4SK7o/edit,,35m
Dunham's Sports,"OPS - Attach Codesheet & Check Content Policy at Upload, OPS - QC Trim Boxes Post Upload but Pre Pipeline Tasks, OPS - Add Deep Links After Processing",1077909,198,https://fadmin.flippback.com/flyer_runs/1077909,Dunham's Sports - Flipp 19-Dec,12/9/2025,12/19/2025,12/20/2025,12/18/2025,12/25/2025,https://docs.google.com/document/u/0/d/12-ka51gSSdn435BG6_3112Y1ENmfoQ5StydTDi4SK7o/edit,,35m
Dunham's Sports,"OPS - Attach Codesheet & Check Content Policy at Upload, OPS - QC Trim Boxes Post Upload but Pre Pipeline Tasks, OPS - Add Deep Links After Processing",1077910,198,https://fadmin.flippback.com/flyer_runs/1077910,Dunham's Sports - Flipp 26-Dec,12/16/2025,12/26/2025,12/27/2025,12/25/2025,01/01/2026,https://docs.google.com/document/u/0/d/12-ka51gSSdn435BG6_3112Y1ENmfoQ5StydTDi4SK7o/edit,,35m
Dunham's Sports,"OPS - Attach Codesheet & Check Content Policy at Upload, OPS - QC Trim Boxes Post Upload but Pre Pipeline Tasks, OPS - Add Deep Links After Processing",1077911,198,https://fadmin.flippback.com/flyer_runs/1077911,Dunham's Sports - Flipp 02-Jan,12/23/2025,1/2/2026,1/3/2026,1/1/2026,01/08/2026,https://docs.google.com/document/u/0/d/12-ka51gSSdn435BG6_3112Y1ENmfoQ5StydTDi4SK7o/edit,,35m
Dunham's Sports,"OPS - Attach Codesheet & Check Content Policy at Upload, OPS - QC Trim Boxes Post Upload but Pre Pipeline Tasks, OPS - Add Deep Links After Processing",1077912,198,https://fadmin.flippback.com/flyer_runs/1077912,Dunham's Sports - Flipp 09-Jan,12/30/2025,1/9/2026,1/10/2026,1/8/2026,01/15/2026,https://docs.google.com/document/u/0/d/12-ka51gSSdn435BG6_3112Y1ENmfoQ5StydTDi4SK7o/edit,,35m
Dunham's Sports,"OPS - Attach Codesheet & Check Content Policy at Upload, OPS - QC Trim Boxes Post Upload but Pre Pipeline Tasks, OPS - Add Deep Links After Processing",1077913,198,https://fadmin.flippback.com/flyer_runs/1077913,Dunham's Sports - Flipp 16-Jan,01/06/2026,1/16/2026,1/17/2026,1/15/2026,01/22/2026,https://docs.google.com/document/u/0/d/12-ka51gSSdn435BG6_3112Y1ENmfoQ5StydTDi4SK7o/edit,,35m
Dunham's Sports,"OPS - Attach Codesheet & Check Content Policy at Upload, OPS - QC Trim Boxes Post Upload but Pre Pipeline Tasks, OPS - Add Deep Links After Processing",1077914,198,https://fadmin.flippback.com/flyer_runs/1077914,Dunham's Sports - Flipp 23-Jan,01/13/2026,1/23/2026,1/24/2026,1/22/2026,01/29/2026,https://docs.google.com/document/u/0/d/12-ka51gSSdn435BG6_3112Y1ENmfoQ5StydTDi4SK7o/edit,,35m
Dunham's Sports,"OPS - Transfer Files to FTP (before upload can begin), OPS - QC Trim Boxes Post Upload but Pre Pipeline Tasks, OPS Send Preview Link to Retailer after FQC, FTE - Pre Go-Live Corrections",1120890,9637,https://fadmin.flippback.com/flyer_runs/1120890,Dunham's Sports - Ice Fishing  (Select Stores),12/22/2025,12/31/2025,1/1/2026,12/30/2025,02/25/2026,https://docs.google.com/document/u/0/d/12-ka51gSSdn435BG6_3112Y1ENmfoQ5StydTDi4SK7o/edit,,110m
Dunham's Sports,"OPS - Transfer Files to FTP (before upload can begin), OPS - QC Trim Boxes Post Upload but Pre Pipeline Tasks, OPS Send Preview Link to Retailer after FQC, FTE - Pre Go-Live Corrections",1120891,9637,https://fadmin.flippback.com/flyer_runs/1120891,Dunham's Sports - Fitness,12/15/2025,12/24/2025,12/25/2025,12/23/2025,01/21/2026,https://docs.google.com/document/u/0/d/12-ka51gSSdn435BG6_3112Y1ENmfoQ5StydTDi4SK7o/edit,,110m
Dunham's Sports,"OPS - Transfer Files to FTP (before upload can begin), OPS - QC Trim Boxes Post Upload but Pre Pipeline Tasks, OPS Send Preview Link to Retailer after FQC, FTE - Pre Go-Live Corrections",1157614,9638,https://fadmin.flippback.com/flyer_runs/1157614,Dunham's Sports - FRIDAY COUPON - November 28th,11/18/2025,11/27/2025,11/28/2025,11/26/2025,11/28/2025,https://docs.google.com/document/u/0/d/12-ka51gSSdn435BG6_3112Y1ENmfoQ5StydTDi4SK7o/edit,,110m
Dunham's Sports,"OPS - Transfer Files to FTP (before upload can begin), OPS - QC Trim Boxes Post Upload but Pre Pipeline Tasks, OPS Send Preview Link to Retailer after FQC, FTE - Pre Go-Live Corrections",1157615,9638,https://fadmin.flippback.com/flyer_runs/1157615,Dunham's Sports - FRIDAY COUPON - December 5th,11/25/2025,12/4/2025,12/5/2025,12/3/2025,12/05/2025,https://docs.google.com/document/u/0/d/12-ka51gSSdn435BG6_3112Y1ENmfoQ5StydTDi4SK7o/edit,,110m
Dunham's Sports,"OPS - Transfer Files to FTP (before upload can begin), OPS - QC Trim Boxes Post Upload but Pre Pipeline Tasks, OPS Send Preview Link to Retailer after FQC, FTE - Pre Go-Live Corrections",1157616,9638,https://fadmin.flippback.com/flyer_runs/1157616,Dunham's Sports - FRIDAY COUPON - December 12th,12/2/2025,12/11/2025,12/12/2025,12/10/2025,12/12/2025,https://docs.google.com/document/u/0/d/12-ka51gSSdn435BG6_3112Y1ENmfoQ5StydTDi4SK7o/edit,,110m
Dunham's Sports,"OPS - Transfer Files to FTP (before upload can begin), OPS - QC Trim Boxes Post Upload but Pre Pipeline Tasks, OPS Send Preview Link to Retailer after FQC, FTE - Pre Go-Live Corrections",1166824,198,https://fadmin.flippback.com/flyer_runs/1166824,Dunham's Sports - Flipp 28-Nov [FLIPP],11/21/2025,11/30/2025,12/1/2025,11/29/2025,12/04/2025,https://docs.google.com/document/u/0/d/12-ka51gSSdn435BG6_3112Y1ENmfoQ5StydTDi4SK7o/edit,,110m
EB Games Canada,"OPS - Transfer Files to FTP (before upload can begin), OPS - QC Trim Boxes Post Upload but Pre Pipeline Tasks, OPS Send Preview Link to Retailer after FQC, FTE - Pre Go-Live Corrections",1111294,3170,https://fadmin.flippback.com/flyer_runs/1111294,EB Games Canada - Holiday FSI,11/28/2025,12/3/2025,12/3/2025,12/2/2025,12/14/2025,https://docs.google.com/document/d/1cU4aPMgOuJkdvrPUK_M5NjjCwg9vhVfBxu__EJ2r6Ps/edit#heading=h.y2dgj7b691i1,,50m
EB Games Canada,"OPS - Transfer Files to FTP (before upload can begin), OPS - QC Trim Boxes Post Upload but Pre Pipeline Tasks, OPS Send Preview Link to Retailer after FQC, FTE - Pre Go-Live Corrections",1111296,3170,https://fadmin.flippback.com/flyer_runs/1111296,EB Games Canada - Boxing Week FSI,12/14/2025,12/19/2025,12/19/2025,12/18/2025,12/31/2025,https://docs.google.com/document/d/1cU4aPMgOuJkdvrPUK_M5NjjCwg9vhVfBxu__EJ2r6Ps/edit#heading=h.y2dgj7b691i1,,50m
EB Games Canada,"OPS - Transfer Files to FTP (before upload can begin), OPS - QC Trim Boxes Post Upload but Pre Pipeline Tasks, OPS Send Preview Link to Retailer after FQC, FTE - Pre Go-Live Corrections",1166445,3170,https://fadmin.flippback.com/flyer_runs/1166445,EB Games Canada - December Tri-Fold,11/26/2025,12/1/2025,12/1/2025,11/30/2025,01/04/2026,https://docs.google.com/document/d/1cU4aPMgOuJkdvrPUK_M5NjjCwg9vhVfBxu__EJ2r6Ps/edit#heading=h.y2dgj7b691i1,,50m
Food Giant,"FTE - FQC Piggly Wiggly - FG Clone, FTE - FQC Mad Butcher Clone, FTE - FQC Cashsaver Clone, FTE - FQC Big Star Clone, FTE - FQC Ripley's Market Clone, FTE - FQC Save-More Clone, FTE - FQC Save Mart Supermarkets Clone, FTE - FQC Marion's Marketplace - FG Clone",1094292,11938,https://fadmin.flippback.com/flyer_runs/1094292,Food Giant - Dec 3,11/27/2025,12/2/2025,12/3/2025,12/1/2025,12/09/2025,https://docs.google.com/document/d/19sS7g3I4gWUKCYmbUheDz978PhZxk4fo_REsTYrCSfY/edit?tab=t.0#heading=h.y2dgj7b691i1,"Cloning - 8 weekly clones should be done within food giant, one ad-hoc (Ripleys).
Watch for edit details settings (hidden)",35m
Food Giant,"FTE - FQC Piggly Wiggly - FG Clone, FTE - FQC Mad Butcher Clone, FTE - FQC Cashsaver Clone, FTE - FQC Big Star Clone, FTE - FQC Ripley's Market Clone, FTE - FQC Save-More Clone, FTE - FQC Save Mart Supermarkets Clone, FTE - FQC Marion's Marketplace - FG Clone",1094293,11938,https://fadmin.flippback.com/flyer_runs/1094293,Food Giant - Dec 10,12/4/2025,12/9/2025,12/10/2025,12/8/2025,12/16/2025,https://docs.google.com/document/d/19sS7g3I4gWUKCYmbUheDz978PhZxk4fo_REsTYrCSfY/edit?tab=t.0#heading=h.y2dgj7b691i2,"Cloning - 8 weekly clones should be done within food giant, one ad-hoc (Ripleys).
Watch for edit details settings (hidden)",35m
Food Giant,"FTE - FQC Piggly Wiggly - FG Clone, FTE - FQC Mad Butcher Clone, FTE - FQC Cashsaver Clone, FTE - FQC Big Star Clone, FTE - FQC Ripley's Market Clone, FTE - FQC Save-More Clone, FTE - FQC Save Mart Supermarkets Clone, FTE - FQC Marion's Marketplace - FG Clone",1094294,11938,https://fadmin.flippback.com/flyer_runs/1094294,Food Giant - Dec 17,12/11/2025,12/16/2025,12/17/2025,12/15/2025,12/23/2025,https://docs.google.com/document/d/19sS7g3I4gWUKCYmbUheDz978PhZxk4fo_REsTYrCSfY/edit?tab=t.0#heading=h.y2dgj7b691i3,"Cloning - 8 weekly clones should be done within food giant, one ad-hoc (Ripleys).
Watch for edit details settings (hidden)",35m
Food Giant,"FTE - FQC Piggly Wiggly - FG Clone, FTE - FQC Mad Butcher Clone, FTE - FQC Cashsaver Clone, FTE - FQC Big Star Clone, FTE - FQC Ripley's Market Clone, FTE - FQC Save-More Clone, FTE - FQC Save Mart Supermarkets Clone, FTE - FQC Marion's Marketplace - FG Clone",1094295,11938,https://fadmin.flippback.com/flyer_runs/1094295,Food Giant - Dec 24,12/18/2025,12/23/2025,12/24/2025,12/22/2025,12/30/2025,https://docs.google.com/document/d/19sS7g3I4gWUKCYmbUheDz978PhZxk4fo_REsTYrCSfY/edit?tab=t.0#heading=h.y2dgj7b691i4,"Cloning - 8 weekly clones should be done within food giant, one ad-hoc (Ripleys).
Watch for edit details settings (hidden)",35m
Food Giant,"FTE - FQC Piggly Wiggly - FG Clone, FTE - FQC Mad Butcher Clone, FTE - FQC Cashsaver Clone, FTE - FQC Big Star Clone, FTE - FQC Ripley's Market Clone, FTE - FQC Save-More Clone, FTE - FQC Save Mart Supermarkets Clone, FTE - FQC Marion's Marketplace - FG Clone",1094296,11938,https://fadmin.flippback.com/flyer_runs/1094296,Food Giant - Dec 31,12/25/2025,12/30/2025,12/31/2025,12/29/2025,01/06/2026,https://docs.google.com/document/d/19sS7g3I4gWUKCYmbUheDz978PhZxk4fo_REsTYrCSfY/edit?tab=t.0#heading=h.y2dgj7b691i5,"Cloning - 8 weekly clones should be done within food giant, one ad-hoc (Ripleys).
Watch for edit details settings (hidden)",35m
Food Giant,"FTE - FQC Piggly Wiggly - FG Clone, FTE - FQC Mad Butcher Clone, FTE - FQC Cashsaver Clone, FTE - FQC Big Star Clone, FTE - FQC Ripley's Market Clone, FTE - FQC Save-More Clone, FTE - FQC Save Mart Supermarkets Clone, FTE - FQC Marion's Marketplace - FG Clone",1094297,11938,https://fadmin.flippback.com/flyer_runs/1094297,Food Giant - Jan 7,01/01/2026,1/6/2026,1/7/2026,1/5/2026,01/13/2026,https://docs.google.com/document/d/19sS7g3I4gWUKCYmbUheDz978PhZxk4fo_REsTYrCSfY/edit?tab=t.0#heading=h.y2dgj7b691i6,"Cloning - 8 weekly clones should be done within food giant, one ad-hoc (Ripleys).
Watch for edit details settings (hidden)",35m
Food Giant,"FTE - FQC Piggly Wiggly - FG Clone, FTE - FQC Mad Butcher Clone, FTE - FQC Cashsaver Clone, FTE - FQC Big Star Clone, FTE - FQC Ripley's Market Clone, FTE - FQC Save-More Clone, FTE - FQC Save Mart Supermarkets Clone, FTE - FQC Marion's Marketplace - FG Clone",1094298,11938,https://fadmin.flippback.com/flyer_runs/1094298,Food Giant - Jan 14,01/08/2026,1/13/2026,1/14/2026,1/12/2026,01/20/2026,https://docs.google.com/document/d/19sS7g3I4gWUKCYmbUheDz978PhZxk4fo_REsTYrCSfY/edit?tab=t.0#heading=h.y2dgj7b691i7,"Cloning - 8 weekly clones should be done within food giant, one ad-hoc (Ripleys).
Watch for edit details settings (hidden)",35m
Food Giant,"FTE - FQC Piggly Wiggly - FG Clone, FTE - FQC Mad Butcher Clone, FTE - FQC Cashsaver Clone, FTE - FQC Big Star Clone, FTE - FQC Ripley's Market Clone, FTE - FQC Save-More Clone, FTE - FQC Save Mart Supermarkets Clone, FTE - FQC Marion's Marketplace - FG Clone",1151361,11938,https://fadmin.flippback.com/flyer_runs/1151361,Food Giant - Jan 21,01/15/2026,1/20/2026,1/21/2026,1/19/2026,01/27/2026,https://docs.google.com/document/d/19sS7g3I4gWUKCYmbUheDz978PhZxk4fo_REsTYrCSfY/edit?tab=t.0#heading=h.y2dgj7b691i8,"Cloning - 8 weekly clones should be done within food giant, one ad-hoc (Ripleys).
Watch for edit details settings (hidden)",35m
Food Giant,"FTE - FQC Piggly Wiggly - FG Clone, FTE - FQC Mad Butcher Clone, FTE - FQC Cashsaver Clone, FTE - FQC Big Star Clone, FTE - FQC Ripley's Market Clone, FTE - FQC Save-More Clone, FTE - FQC Save Mart Supermarkets Clone, FTE - FQC Marion's Marketplace - FG Clone",1151362,11938,https://fadmin.flippback.com/flyer_runs/1151362,Food Giant - Jan 28,01/22/2026,1/27/2026,1/28/2026,1/26/2026,02/03/2026,https://docs.google.com/document/d/19sS7g3I4gWUKCYmbUheDz978PhZxk4fo_REsTYrCSfY/edit?tab=t.0#heading=h.y2dgj7b691i9,"Cloning - 8 weekly clones should be done within food giant, one ad-hoc (Ripleys).
Watch for edit details settings (hidden)",35m
Food Giant,"FTE - FQC Piggly Wiggly - FG Clone, FTE - FQC Mad Butcher Clone, FTE - FQC Cashsaver Clone, FTE - FQC Big Star Clone, FTE - FQC Ripley's Market Clone, FTE - FQC Save-More Clone, FTE - FQC Save Mart Supermarkets Clone, FTE - FQC Marion's Marketplace - FG Clone",1151363,11938,https://fadmin.flippback.com/flyer_runs/1151363,Food Giant - Feb 4,01/29/2026,2/3/2026,2/4/2026,2/2/2026,02/10/2026,https://docs.google.com/document/d/19sS7g3I4gWUKCYmbUheDz978PhZxk4fo_REsTYrCSfY/edit?tab=t.0#heading=h.y2dgj7b691i10,"Cloning - 8 weekly clones should be done within food giant, one ad-hoc (Ripleys).
Watch for edit details settings (hidden)",35m
Food Giant,"FTE - FQC Piggly Wiggly - FG Clone, FTE - FQC Mad Butcher Clone, FTE - FQC Cashsaver Clone, FTE - FQC Big Star Clone, FTE - FQC Ripley's Market Clone, FTE - FQC Save-More Clone, FTE - FQC Save Mart Supermarkets Clone, FTE - FQC Marion's Marketplace - FG Clone",1151364,11938,https://fadmin.flippback.com/flyer_runs/1151364,Food Giant - Feb 11,02/05/2026,2/10/2026,2/11/2026,2/9/2026,02/17/2026,https://docs.google.com/document/d/19sS7g3I4gWUKCYmbUheDz978PhZxk4fo_REsTYrCSfY/edit?tab=t.0#heading=h.y2dgj7b691i11,"Cloning - 8 weekly clones should be done within food giant, one ad-hoc (Ripleys).
Watch for edit details settings (hidden)",35m
Food Giant,"FTE - FQC Piggly Wiggly - FG Clone, FTE - FQC Mad Butcher Clone, FTE - FQC Cashsaver Clone, FTE - FQC Big Star Clone, FTE - FQC Ripley's Market Clone, FTE - FQC Save-More Clone, FTE - FQC Save Mart Supermarkets Clone, FTE - FQC Marion's Marketplace - FG Clone",1151365,11938,https://fadmin.flippback.com/flyer_runs/1151365,Food Giant - Feb 18,02/12/2026,2/17/2026,2/18/2026,2/16/2026,02/24/2026,https://docs.google.com/document/d/19sS7g3I4gWUKCYmbUheDz978PhZxk4fo_REsTYrCSfY/edit?tab=t.0#heading=h.y2dgj7b691i12,"Cloning - 8 weekly clones should be done within food giant, one ad-hoc (Ripleys).
Watch for edit details settings (hidden)",35m
Food Giant,"FTE - FQC Piggly Wiggly - FG Clone, FTE - FQC Mad Butcher Clone, FTE - FQC Cashsaver Clone, FTE - FQC Big Star Clone, FTE - FQC Ripley's Market Clone, FTE - FQC Save-More Clone, FTE - FQC Save Mart Supermarkets Clone, FTE - FQC Marion's Marketplace - FG Clone",1151366,11938,https://fadmin.flippback.com/flyer_runs/1151366,Food Giant - Feb 25,02/19/2026,2/24/2026,2/25/2026,2/23/2026,03/03/2026,https://docs.google.com/document/d/19sS7g3I4gWUKCYmbUheDz978PhZxk4fo_REsTYrCSfY/edit?tab=t.0#heading=h.y2dgj7b691i13,"Cloning - 8 weekly clones should be done within food giant, one ad-hoc (Ripleys).
Watch for edit details settings (hidden)",35m
Food Giant,"FTE - FQC Piggly Wiggly - FG Clone, FTE - FQC Mad Butcher Clone, FTE - FQC Cashsaver Clone, FTE - FQC Big Star Clone, FTE - FQC Ripley's Market Clone, FTE - FQC Save-More Clone, FTE - FQC Save Mart Supermarkets Clone, FTE - FQC Marion's Marketplace - FG Clone",1151367,11938,https://fadmin.flippback.com/flyer_runs/1151367,Food Giant - Mar 4,02/26/2026,3/3/2026,3/4/2026,3/2/2026,03/10/2026,https://docs.google.com/document/d/19sS7g3I4gWUKCYmbUheDz978PhZxk4fo_REsTYrCSfY/edit?tab=t.0#heading=h.y2dgj7b691i14,"Cloning - 8 weekly clones should be done within food giant, one ad-hoc (Ripleys).
Watch for edit details settings (hidden)",35m
Food Giant,"FTE - FQC Piggly Wiggly - FG Clone, FTE - FQC Mad Butcher Clone, FTE - FQC Cashsaver Clone, FTE - FQC Big Star Clone, FTE - FQC Ripley's Market Clone, FTE - FQC Save-More Clone, FTE - FQC Save Mart Supermarkets Clone, FTE - FQC Marion's Marketplace - FG Clone",1151368,11938,https://fadmin.flippback.com/flyer_runs/1151368,Food Giant - Mar 11,03/05/2026,3/10/2026,3/11/2026,3/9/2026,03/17/2026,https://docs.google.com/document/d/19sS7g3I4gWUKCYmbUheDz978PhZxk4fo_REsTYrCSfY/edit?tab=t.0#heading=h.y2dgj7b691i15,"Cloning - 8 weekly clones should be done within food giant, one ad-hoc (Ripleys).
Watch for edit details settings (hidden)",35m
Food Giant,"FTE - FQC Piggly Wiggly - FG Clone, FTE - FQC Mad Butcher Clone, FTE - FQC Cashsaver Clone, FTE - FQC Big Star Clone, FTE - FQC Ripley's Market Clone, FTE - FQC Save-More Clone, FTE - FQC Save Mart Supermarkets Clone, FTE - FQC Marion's Marketplace - FG Clone",1151369,11938,https://fadmin.flippback.com/flyer_runs/1151369,Food Giant - Mar 18,03/12/2026,3/17/2026,3/18/2026,3/16/2026,03/24/2026,https://docs.google.com/document/d/19sS7g3I4gWUKCYmbUheDz978PhZxk4fo_REsTYrCSfY/edit?tab=t.0#heading=h.y2dgj7b691i16,"Cloning - 8 weekly clones should be done within food giant, one ad-hoc (Ripleys).
Watch for edit details settings (hidden)",35m
Food Giant,"FTE - FQC Piggly Wiggly - FG Clone, FTE - FQC Mad Butcher Clone, FTE - FQC Cashsaver Clone, FTE - FQC Big Star Clone, FTE - FQC Ripley's Market Clone, FTE - FQC Save-More Clone, FTE - FQC Save Mart Supermarkets Clone, FTE - FQC Marion's Marketplace - FG Clone",1151370,11938,https://fadmin.flippback.com/flyer_runs/1151370,Food Giant - Mar 25,03/19/2026,3/24/2026,3/25/2026,3/23/2026,03/31/2026,https://docs.google.com/document/d/19sS7g3I4gWUKCYmbUheDz978PhZxk4fo_REsTYrCSfY/edit?tab=t.0#heading=h.y2dgj7b691i17,"Cloning - 8 weekly clones should be done within food giant, one ad-hoc (Ripleys).
Watch for edit details settings (hidden)",35m
Food Giant,"FTE - FQC Piggly Wiggly - FG Clone, FTE - FQC Mad Butcher Clone, FTE - FQC Cashsaver Clone, FTE - FQC Big Star Clone, FTE - FQC Ripley's Market Clone, FTE - FQC Save-More Clone, FTE - FQC Save Mart Supermarkets Clone, FTE - FQC Marion's Marketplace - FG Clone",1151371,11938,https://fadmin.flippback.com/flyer_runs/1151371,Food Giant - Apr 1,03/26/2026,3/31/2026,4/1/2026,3/30/2026,04/07/2026,https://docs.google.com/document/d/19sS7g3I4gWUKCYmbUheDz978PhZxk4fo_REsTYrCSfY/edit?tab=t.0#heading=h.y2dgj7b691i18,"Cloning - 8 weekly clones should be done within food giant, one ad-hoc (Ripleys).
Watch for edit details settings (hidden)",35m
Food Giant,"FTE - FQC Piggly Wiggly - FG Clone, FTE - FQC Mad Butcher Clone, FTE - FQC Cashsaver Clone, FTE - FQC Big Star Clone, FTE - FQC Ripley's Market Clone, FTE - FQC Save-More Clone, FTE - FQC Save Mart Supermarkets Clone, FTE - FQC Marion's Marketplace - FG Clone",1151372,11938,https://fadmin.flippback.com/flyer_runs/1151372,Food Giant - Apr 8,04/02/2026,4/7/2026,4/8/2026,4/6/2026,04/14/2026,https://docs.google.com/document/d/19sS7g3I4gWUKCYmbUheDz978PhZxk4fo_REsTYrCSfY/edit?tab=t.0#heading=h.y2dgj7b691i19,"Cloning - 8 weekly clones should be done within food giant, one ad-hoc (Ripleys).
Watch for edit details settings (hidden)",35m
Food Giant,"FTE - FQC Piggly Wiggly - FG Clone, FTE - FQC Mad Butcher Clone, FTE - FQC Cashsaver Clone, FTE - FQC Big Star Clone, FTE - FQC Ripley's Market Clone, FTE - FQC Save-More Clone, FTE - FQC Save Mart Supermarkets Clone, FTE - FQC Marion's Marketplace - FG Clone",1151373,11938,https://fadmin.flippback.com/flyer_runs/1151373,Food Giant - Apr 15,04/09/2026,4/14/2026,4/15/2026,4/13/2026,04/21/2026,https://docs.google.com/document/d/19sS7g3I4gWUKCYmbUheDz978PhZxk4fo_REsTYrCSfY/edit?tab=t.0#heading=h.y2dgj7b691i20,"Cloning - 8 weekly clones should be done within food giant, one ad-hoc (Ripleys).
Watch for edit details settings (hidden)",35m
Food Giant,"FTE - FQC Piggly Wiggly - FG Clone, FTE - FQC Mad Butcher Clone, FTE - FQC Cashsaver Clone, FTE - FQC Big Star Clone, FTE - FQC Ripley's Market Clone, FTE - FQC Save-More Clone, FTE - FQC Save Mart Supermarkets Clone, FTE - FQC Marion's Marketplace - FG Clone",1151374,11938,https://fadmin.flippback.com/flyer_runs/1151374,Food Giant - Apr 22,04/16/2026,4/21/2026,4/22/2026,4/20/2026,04/28/2026,https://docs.google.com/document/d/19sS7g3I4gWUKCYmbUheDz978PhZxk4fo_REsTYrCSfY/edit?tab=t.0#heading=h.y2dgj7b691i21,"Cloning - 8 weekly clones should be done within food giant, one ad-hoc (Ripleys).
Watch for edit details settings (hidden)",35m
Food Giant,"FTE - FQC Piggly Wiggly - FG Clone, FTE - FQC Mad Butcher Clone, FTE - FQC Cashsaver Clone, FTE - FQC Big Star Clone, FTE - FQC Ripley's Market Clone, FTE - FQC Save-More Clone, FTE - FQC Save Mart Supermarkets Clone, FTE - FQC Marion's Marketplace - FG Clone",1151375,11938,https://fadmin.flippback.com/flyer_runs/1151375,Food Giant - Apr 29,04/23/2026,4/28/2026,4/29/2026,4/27/2026,05/05/2026,https://docs.google.com/document/d/19sS7g3I4gWUKCYmbUheDz978PhZxk4fo_REsTYrCSfY/edit?tab=t.0#heading=h.y2dgj7b691i22,"Cloning - 8 weekly clones should be done within food giant, one ad-hoc (Ripleys).
Watch for edit details settings (hidden)",35m
Food Giant,"FTE - FQC Piggly Wiggly - FG Clone, FTE - FQC Mad Butcher Clone, FTE - FQC Cashsaver Clone, FTE - FQC Big Star Clone, FTE - FQC Ripley's Market Clone, FTE - FQC Save-More Clone, FTE - FQC Save Mart Supermarkets Clone, FTE - FQC Marion's Marketplace - FG Clone",1151376,11938,https://fadmin.flippback.com/flyer_runs/1151376,Food Giant - May 6,04/30/2026,5/5/2026,5/6/2026,5/4/2026,05/12/2026,https://docs.google.com/document/d/19sS7g3I4gWUKCYmbUheDz978PhZxk4fo_REsTYrCSfY/edit?tab=t.0#heading=h.y2dgj7b691i23,"Cloning - 8 weekly clones should be done within food giant, one ad-hoc (Ripleys).
Watch for edit details settings (hidden)",35m
Food Giant,"FTE - FQC Piggly Wiggly - FG Clone, FTE - FQC Mad Butcher Clone, FTE - FQC Cashsaver Clone, FTE - FQC Big Star Clone, FTE - FQC Ripley's Market Clone, FTE - FQC Save-More Clone, FTE - FQC Save Mart Supermarkets Clone, FTE - FQC Marion's Marketplace - FG Clone",1151377,11938,https://fadmin.flippback.com/flyer_runs/1151377,Food Giant - May 13,05/07/2026,5/12/2026,5/13/2026,5/11/2026,05/19/2026,https://docs.google.com/document/d/19sS7g3I4gWUKCYmbUheDz978PhZxk4fo_REsTYrCSfY/edit?tab=t.0#heading=h.y2dgj7b691i24,"Cloning - 8 weekly clones should be done within food giant, one ad-hoc (Ripleys).
Watch for edit details settings (hidden)",35m
Food Giant,"FTE - FQC Piggly Wiggly - FG Clone, FTE - FQC Mad Butcher Clone, FTE - FQC Cashsaver Clone, FTE - FQC Big Star Clone, FTE - FQC Ripley's Market Clone, FTE - FQC Save-More Clone, FTE - FQC Save Mart Supermarkets Clone, FTE - FQC Marion's Marketplace - FG Clone",1151378,11938,https://fadmin.flippback.com/flyer_runs/1151378,Food Giant - May 20,05/14/2026,5/19/2026,5/20/2026,5/18/2026,05/26/2026,https://docs.google.com/document/d/19sS7g3I4gWUKCYmbUheDz978PhZxk4fo_REsTYrCSfY/edit?tab=t.0#heading=h.y2dgj7b691i25,"Cloning - 8 weekly clones should be done within food giant, one ad-hoc (Ripleys).
Watch for edit details settings (hidden)",35m
Food Giant,"FTE - FQC Piggly Wiggly - FG Clone, FTE - FQC Mad Butcher Clone, FTE - FQC Cashsaver Clone, FTE - FQC Big Star Clone, FTE - FQC Ripley's Market Clone, FTE - FQC Save-More Clone, FTE - FQC Save Mart Supermarkets Clone, FTE - FQC Marion's Marketplace - FG Clone",1151379,11938,https://fadmin.flippback.com/flyer_runs/1151379,Food Giant - May 27,05/21/2026,5/26/2026,5/27/2026,5/25/2026,06/02/2026,https://docs.google.com/document/d/19sS7g3I4gWUKCYmbUheDz978PhZxk4fo_REsTYrCSfY/edit?tab=t.0#heading=h.y2dgj7b691i26,"Cloning - 8 weekly clones should be done within food giant, one ad-hoc (Ripleys).
Watch for edit details settings (hidden)",35m
Food Giant,"FTE - FQC Piggly Wiggly - FG Clone, FTE - FQC Mad Butcher Clone, FTE - FQC Cashsaver Clone, FTE - FQC Big Star Clone, FTE - FQC Ripley's Market Clone, FTE - FQC Save-More Clone, FTE - FQC Save Mart Supermarkets Clone, FTE - FQC Marion's Marketplace - FG Clone",1151380,11938,https://fadmin.flippback.com/flyer_runs/1151380,Food Giant - Jun 3,05/28/2026,6/2/2026,6/3/2026,6/1/2026,06/09/2026,https://docs.google.com/document/d/19sS7g3I4gWUKCYmbUheDz978PhZxk4fo_REsTYrCSfY/edit?tab=t.0#heading=h.y2dgj7b691i27,"Cloning - 8 weekly clones should be done within food giant, one ad-hoc (Ripleys).
Watch for edit details settings (hidden)",35m
Food Giant,"FTE - FQC Piggly Wiggly - FG Clone, FTE - FQC Mad Butcher Clone, FTE - FQC Cashsaver Clone, FTE - FQC Big Star Clone, FTE - FQC Ripley's Market Clone, FTE - FQC Save-More Clone, FTE - FQC Save Mart Supermarkets Clone, FTE - FQC Marion's Marketplace - FG Clone",1151381,11938,https://fadmin.flippback.com/flyer_runs/1151381,Food Giant - Jun 10,06/04/2026,6/9/2026,6/10/2026,6/8/2026,06/16/2026,https://docs.google.com/document/d/19sS7g3I4gWUKCYmbUheDz978PhZxk4fo_REsTYrCSfY/edit?tab=t.0#heading=h.y2dgj7b691i28,"Cloning - 8 weekly clones should be done within food giant, one ad-hoc (Ripleys).
Watch for edit details settings (hidden)",35m
Food Giant,"FTE - FQC Piggly Wiggly - FG Clone, FTE - FQC Mad Butcher Clone, FTE - FQC Cashsaver Clone, FTE - FQC Big Star Clone, FTE - FQC Ripley's Market Clone, FTE - FQC Save-More Clone, FTE - FQC Save Mart Supermarkets Clone, FTE - FQC Marion's Marketplace - FG Clone",1151382,11938,https://fadmin.flippback.com/flyer_runs/1151382,Food Giant - Jun 17,06/11/2026,6/16/2026,6/17/2026,6/15/2026,06/23/2026,https://docs.google.com/document/d/19sS7g3I4gWUKCYmbUheDz978PhZxk4fo_REsTYrCSfY/edit?tab=t.0#heading=h.y2dgj7b691i29,"Cloning - 8 weekly clones should be done within food giant, one ad-hoc (Ripleys).
Watch for edit details settings (hidden)",35m
Food Giant,"FTE - FQC Piggly Wiggly - FG Clone, FTE - FQC Mad Butcher Clone, FTE - FQC Cashsaver Clone, FTE - FQC Big Star Clone, FTE - FQC Ripley's Market Clone, FTE - FQC Save-More Clone, FTE - FQC Save Mart Supermarkets Clone, FTE - FQC Marion's Marketplace - FG Clone",1151383,11938,https://fadmin.flippback.com/flyer_runs/1151383,Food Giant - Jun 24,06/18/2026,6/23/2026,6/24/2026,6/22/2026,06/30/2026,https://docs.google.com/document/d/19sS7g3I4gWUKCYmbUheDz978PhZxk4fo_REsTYrCSfY/edit?tab=t.0#heading=h.y2dgj7b691i30,"Cloning - 8 weekly clones should be done within food giant, one ad-hoc (Ripleys).
Watch for edit details settings (hidden)",35m
Food Giant,"FTE - FQC Piggly Wiggly - FG Clone, FTE - FQC Mad Butcher Clone, FTE - FQC Cashsaver Clone, FTE - FQC Big Star Clone, FTE - FQC Ripley's Market Clone, FTE - FQC Save-More Clone, FTE - FQC Save Mart Supermarkets Clone, FTE - FQC Marion's Marketplace - FG Clone",1151384,11938,https://fadmin.flippback.com/flyer_runs/1151384,Food Giant - Jul 1,06/25/2026,6/30/2026,7/1/2026,6/29/2026,07/07/2026,https://docs.google.com/document/d/19sS7g3I4gWUKCYmbUheDz978PhZxk4fo_REsTYrCSfY/edit?tab=t.0#heading=h.y2dgj7b691i31,"Cloning - 8 weekly clones should be done within food giant, one ad-hoc (Ripleys).
Watch for edit details settings (hidden)",35m
Food Giant,"FTE - FQC Piggly Wiggly - FG Clone, FTE - FQC Mad Butcher Clone, FTE - FQC Cashsaver Clone, FTE - FQC Big Star Clone, FTE - FQC Ripley's Market Clone, FTE - FQC Save-More Clone, FTE - FQC Save Mart Supermarkets Clone, FTE - FQC Marion's Marketplace - FG Clone",1167049,12011,https://fadmin.flippback.com/flyer_runs/1167049,Food Giant - Mad Butcher - Dec 3,11/27/2025,12/2/2025,12/3/2025,12/1/2025,12/09/2025,https://docs.google.com/document/d/19sS7g3I4gWUKCYmbUheDz978PhZxk4fo_REsTYrCSfY/edit?tab=t.0#heading=h.y2dgj7b691i32,"Cloning - 8 weekly clones should be done within food giant, one ad-hoc (Ripleys).
Watch for edit details settings (hidden)",35m
Food Giant,"FTE - FQC Piggly Wiggly - FG Clone, FTE - FQC Mad Butcher Clone, FTE - FQC Cashsaver Clone, FTE - FQC Big Star Clone, FTE - FQC Ripley's Market Clone, FTE - FQC Save-More Clone, FTE - FQC Save Mart Supermarkets Clone, FTE - FQC Marion's Marketplace - FG Clone",1167050,12011,https://fadmin.flippback.com/flyer_runs/1167050,Food Giant - Big Star - Dec 3,11/27/2025,12/2/2025,12/3/2025,12/1/2025,12/09/2025,https://docs.google.com/document/d/19sS7g3I4gWUKCYmbUheDz978PhZxk4fo_REsTYrCSfY/edit?tab=t.0#heading=h.y2dgj7b691i33,"Cloning - 8 weekly clones should be done within food giant, one ad-hoc (Ripleys).
Watch for edit details settings (hidden)",35m
Food Giant,"FTE - FQC Piggly Wiggly - FG Clone, FTE - FQC Mad Butcher Clone, FTE - FQC Cashsaver Clone, FTE - FQC Big Star Clone, FTE - FQC Ripley's Market Clone, FTE - FQC Save-More Clone, FTE - FQC Save Mart Supermarkets Clone, FTE - FQC Marion's Marketplace - FG Clone",1167093,12011,https://fadmin.flippback.com/flyer_runs/1167093,Food Giant - Sav-Mor - Dec 3,11/27/2025,12/2/2025,12/3/2025,12/1/2025,12/09/2025,https://docs.google.com/document/d/19sS7g3I4gWUKCYmbUheDz978PhZxk4fo_REsTYrCSfY/edit?tab=t.0#heading=h.y2dgj7b691i34,"Cloning - 8 weekly clones should be done within food giant, one ad-hoc (Ripleys).
Watch for edit details settings (hidden)",35m
Food Giant,"FTE - FQC Piggly Wiggly - FG Clone, FTE - FQC Mad Butcher Clone, FTE - FQC Cashsaver Clone, FTE - FQC Big Star Clone, FTE - FQC Ripley's Market Clone, FTE - FQC Save-More Clone, FTE - FQC Save Mart Supermarkets Clone, FTE - FQC Marion's Marketplace - FG Clone",1167107,12011,https://fadmin.flippback.com/flyer_runs/1167107,Food Giant - Save Mart Supermarkets - Dec 3,11/27/2025,12/2/2025,12/3/2025,12/1/2025,12/09/2025,https://docs.google.com/document/d/19sS7g3I4gWUKCYmbUheDz978PhZxk4fo_REsTYrCSfY/edit?tab=t.0#heading=h.y2dgj7b691i35,"Cloning - 8 weekly clones should be done within food giant, one ad-hoc (Ripleys).
Watch for edit details settings (hidden)",35m
Food Giant,"FTE - FQC Piggly Wiggly - FG Clone, FTE - FQC Mad Butcher Clone, FTE - FQC Cashsaver Clone, FTE - FQC Big Star Clone, FTE - FQC Ripley's Market Clone, FTE - FQC Save-More Clone, FTE - FQC Save Mart Supermarkets Clone, FTE - FQC Marion's Marketplace - FG Clone",1167109,12011,https://fadmin.flippback.com/flyer_runs/1167109,Food Giant - Market Place - FG - Dec 3,11/27/2025,12/2/2025,12/3/2025,12/1/2025,12/09/2025,https://docs.google.com/document/d/19sS7g3I4gWUKCYmbUheDz978PhZxk4fo_REsTYrCSfY/edit?tab=t.0#heading=h.y2dgj7b691i36,"Cloning - 8 weekly clones should be done within food giant, one ad-hoc (Ripleys).
Watch for edit details settings (hidden)",35m
Food Giant,"FTE - FQC Piggly Wiggly - FG Clone, FTE - FQC Mad Butcher Clone, FTE - FQC Cashsaver Clone, FTE - FQC Big Star Clone, FTE - FQC Ripley's Market Clone, FTE - FQC Save-More Clone, FTE - FQC Save Mart Supermarkets Clone, FTE - FQC Marion's Marketplace - FG Clone",1167126,12011,https://fadmin.flippback.com/flyer_runs/1167126,Food Giant - Piggly Wiggly - FG - Dec 3,11/27/2025,12/2/2025,12/3/2025,12/1/2025,12/09/2025,https://docs.google.com/document/d/19sS7g3I4gWUKCYmbUheDz978PhZxk4fo_REsTYrCSfY/edit?tab=t.0#heading=h.y2dgj7b691i37,"Cloning - 8 weekly clones should be done within food giant, one ad-hoc (Ripleys).
Watch for edit details settings (hidden)",35m
Fresco y Mas,,1085923,4858,https://fadmin.flippback.com/flyer_runs/1085923,Fresco y Mas - Week 49,11/21/2025,11/28/2025,11/28/2025,11/27/2025,12/02/2025,https://docs.google.com/document/d/1P0MNLAOK73c2KU8K-1sdOImzd8IS3DWKlEcrTvWbab8/edit?tab=t.0,,45m
Fresco y Mas,,1085924,4858,https://fadmin.flippback.com/flyer_runs/1085924,Fresco y Mas - Week 50,11/26/2025,12/3/2025,12/3/2025,12/2/2025,12/09/2025,https://docs.google.com/document/d/1P0MNLAOK73c2KU8K-1sdOImzd8IS3DWKlEcrTvWbab8/edit?tab=t.1,,45m
Fresco y Mas,,1085925,4858,https://fadmin.flippback.com/flyer_runs/1085925,Fresco y Mas - Week 51,12/3/2025,12/10/2025,12/10/2025,12/9/2025,12/16/2025,https://docs.google.com/document/d/1P0MNLAOK73c2KU8K-1sdOImzd8IS3DWKlEcrTvWbab8/edit?tab=t.2,,45m
Fresco y Mas,,1085926,4858,https://fadmin.flippback.com/flyer_runs/1085926,Fresco y Mas - Week 52,12/10/2025,12/17/2025,12/17/2025,12/16/2025,12/23/2025,https://docs.google.com/document/d/1P0MNLAOK73c2KU8K-1sdOImzd8IS3DWKlEcrTvWbab8/edit?tab=t.3,,45m
Fresco y Mas,,1085927,4858,https://fadmin.flippback.com/flyer_runs/1085927,Fresco y Mas - Week 53,12/17/2025,12/24/2025,12/24/2025,12/23/2025,12/30/2025,https://docs.google.com/document/d/1P0MNLAOK73c2KU8K-1sdOImzd8IS3DWKlEcrTvWbab8/edit?tab=t.4,,45m
Fresco y Mas,,1146327,4858,https://fadmin.flippback.com/flyer_runs/1146327,Fresco y Mas - Week 1,12/24/2025,12/31/2025,12/31/2025,12/30/2025,01/06/2026,https://docs.google.com/document/d/1P0MNLAOK73c2KU8K-1sdOImzd8IS3DWKlEcrTvWbab8/edit?tab=t.5,,45m
Fresco y Mas,,1146328,4858,https://fadmin.flippback.com/flyer_runs/1146328,Fresco y Mas - Week 2,12/31/2025,1/7/2026,1/7/2026,1/6/2026,01/13/2026,https://docs.google.com/document/d/1P0MNLAOK73c2KU8K-1sdOImzd8IS3DWKlEcrTvWbab8/edit?tab=t.6,,45m
Fresco y Mas,,1146329,4858,https://fadmin.flippback.com/flyer_runs/1146329,Fresco y Mas - Week 3,01/07/2026,1/14/2026,1/14/2026,1/13/2026,01/20/2026,https://docs.google.com/document/d/1P0MNLAOK73c2KU8K-1sdOImzd8IS3DWKlEcrTvWbab8/edit?tab=t.7,,45m
Fresco y Mas,,1146330,4858,https://fadmin.flippback.com/flyer_runs/1146330,Fresco y Mas - Week 4,01/14/2026,1/21/2026,1/21/2026,1/20/2026,01/27/2026,https://docs.google.com/document/d/1P0MNLAOK73c2KU8K-1sdOImzd8IS3DWKlEcrTvWbab8/edit?tab=t.8,,45m
Fresco y Mas,,1146331,4858,https://fadmin.flippback.com/flyer_runs/1146331,Fresco y Mas - Week 5,01/21/2026,1/28/2026,1/28/2026,1/27/2026,02/03/2026,https://docs.google.com/document/d/1P0MNLAOK73c2KU8K-1sdOImzd8IS3DWKlEcrTvWbab8/edit?tab=t.9,,45m
Fresco y Mas,,1146332,4858,https://fadmin.flippback.com/flyer_runs/1146332,Fresco y Mas - Week 6,01/28/2026,2/4/2026,2/4/2026,2/3/2026,02/10/2026,https://docs.google.com/document/d/1P0MNLAOK73c2KU8K-1sdOImzd8IS3DWKlEcrTvWbab8/edit?tab=t.10,,45m
Fresco y Mas,,1146333,4858,https://fadmin.flippback.com/flyer_runs/1146333,Fresco y Mas - Week 7,02/04/2026,2/11/2026,2/11/2026,2/10/2026,02/17/2026,https://docs.google.com/document/d/1P0MNLAOK73c2KU8K-1sdOImzd8IS3DWKlEcrTvWbab8/edit?tab=t.11,,45m
Fresco y Mas,,1146334,4858,https://fadmin.flippback.com/flyer_runs/1146334,Fresco y Mas - Week 8,02/11/2026,2/18/2026,2/18/2026,2/17/2026,02/24/2026,https://docs.google.com/document/d/1P0MNLAOK73c2KU8K-1sdOImzd8IS3DWKlEcrTvWbab8/edit?tab=t.12,,45m
Fresco y Mas,,1146335,4858,https://fadmin.flippback.com/flyer_runs/1146335,Fresco y Mas - Week 9,02/18/2026,2/25/2026,2/25/2026,2/24/2026,03/03/2026,https://docs.google.com/document/d/1P0MNLAOK73c2KU8K-1sdOImzd8IS3DWKlEcrTvWbab8/edit?tab=t.13,,45m
Fresco y Mas,,1146336,4858,https://fadmin.flippback.com/flyer_runs/1146336,Fresco y Mas - Week 10,02/25/2026,3/4/2026,3/4/2026,3/3/2026,03/10/2026,https://docs.google.com/document/d/1P0MNLAOK73c2KU8K-1sdOImzd8IS3DWKlEcrTvWbab8/edit?tab=t.14,,45m
Fresco y Mas,,1146337,4858,https://fadmin.flippback.com/flyer_runs/1146337,Fresco y Mas - Week 11,03/04/2026,3/11/2026,3/11/2026,3/10/2026,03/17/2026,https://docs.google.com/document/d/1P0MNLAOK73c2KU8K-1sdOImzd8IS3DWKlEcrTvWbab8/edit?tab=t.15,,45m
Fresco y Mas,,1146338,4858,https://fadmin.flippback.com/flyer_runs/1146338,Fresco y Mas - Week 12,03/11/2026,3/18/2026,3/18/2026,3/17/2026,03/24/2026,https://docs.google.com/document/d/1P0MNLAOK73c2KU8K-1sdOImzd8IS3DWKlEcrTvWbab8/edit?tab=t.16,,45m
Fresco y Mas,,1146339,4858,https://fadmin.flippback.com/flyer_runs/1146339,Fresco y Mas - Week 13,03/18/2026,3/25/2026,3/25/2026,3/24/2026,03/31/2026,https://docs.google.com/document/d/1P0MNLAOK73c2KU8K-1sdOImzd8IS3DWKlEcrTvWbab8/edit?tab=t.17,,45m
Fresco y Mas,,1146340,4858,https://fadmin.flippback.com/flyer_runs/1146340,Fresco y Mas - Week 14,03/25/2026,4/1/2026,4/1/2026,3/31/2026,04/07/2026,https://docs.google.com/document/d/1P0MNLAOK73c2KU8K-1sdOImzd8IS3DWKlEcrTvWbab8/edit?tab=t.18,,45m
Fresco y Mas,,1146341,4858,https://fadmin.flippback.com/flyer_runs/1146341,Fresco y Mas - Week 15,04/01/2026,4/8/2026,4/8/2026,4/7/2026,04/14/2026,https://docs.google.com/document/d/1P0MNLAOK73c2KU8K-1sdOImzd8IS3DWKlEcrTvWbab8/edit?tab=t.19,,45m
Fresco y Mas,,1146342,4858,https://fadmin.flippback.com/flyer_runs/1146342,Fresco y Mas - Week 16,04/08/2026,4/15/2026,4/15/2026,4/14/2026,04/21/2026,https://docs.google.com/document/d/1P0MNLAOK73c2KU8K-1sdOImzd8IS3DWKlEcrTvWbab8/edit?tab=t.20,,45m
Fresco y Mas,,1146343,4858,https://fadmin.flippback.com/flyer_runs/1146343,Fresco y Mas - Week 17,04/15/2026,4/22/2026,4/22/2026,4/21/2026,04/28/2026,https://docs.google.com/document/d/1P0MNLAOK73c2KU8K-1sdOImzd8IS3DWKlEcrTvWbab8/edit?tab=t.21,,45m
Fresco y Mas,,1146344,4858,https://fadmin.flippback.com/flyer_runs/1146344,Fresco y Mas - Week 18,04/22/2026,4/29/2026,4/29/2026,4/28/2026,05/05/2026,https://docs.google.com/document/d/1P0MNLAOK73c2KU8K-1sdOImzd8IS3DWKlEcrTvWbab8/edit?tab=t.22,,45m
Fresco y Mas,,1146345,4858,https://fadmin.flippback.com/flyer_runs/1146345,Fresco y Mas - Week 19,04/29/2026,5/6/2026,5/6/2026,5/5/2026,05/12/2026,https://docs.google.com/document/d/1P0MNLAOK73c2KU8K-1sdOImzd8IS3DWKlEcrTvWbab8/edit?tab=t.23,,45m
Fresco y Mas,,1146346,4858,https://fadmin.flippback.com/flyer_runs/1146346,Fresco y Mas - Week 20,05/06/2026,5/13/2026,5/13/2026,5/12/2026,05/19/2026,https://docs.google.com/document/d/1P0MNLAOK73c2KU8K-1sdOImzd8IS3DWKlEcrTvWbab8/edit?tab=t.24,,45m
Fresco y Mas,,1146347,4858,https://fadmin.flippback.com/flyer_runs/1146347,Fresco y Mas - Week 21,05/13/2026,5/20/2026,5/20/2026,5/19/2026,05/26/2026,https://docs.google.com/document/d/1P0MNLAOK73c2KU8K-1sdOImzd8IS3DWKlEcrTvWbab8/edit?tab=t.25,,45m
Fresco y Mas,,1146348,4858,https://fadmin.flippback.com/flyer_runs/1146348,Fresco y Mas - Week 22,05/20/2026,5/27/2026,5/27/2026,5/26/2026,06/02/2026,https://docs.google.com/document/d/1P0MNLAOK73c2KU8K-1sdOImzd8IS3DWKlEcrTvWbab8/edit?tab=t.26,,45m
Fresco y Mas,,1146349,4858,https://fadmin.flippback.com/flyer_runs/1146349,Fresco y Mas - Week 23,05/27/2026,6/3/2026,6/3/2026,6/2/2026,06/09/2026,https://docs.google.com/document/d/1P0MNLAOK73c2KU8K-1sdOImzd8IS3DWKlEcrTvWbab8/edit?tab=t.27,,45m
Fresco y Mas,,1146350,4858,https://fadmin.flippback.com/flyer_runs/1146350,Fresco y Mas - Week 24,06/03/2026,6/10/2026,6/10/2026,6/9/2026,06/16/2026,https://docs.google.com/document/d/1P0MNLAOK73c2KU8K-1sdOImzd8IS3DWKlEcrTvWbab8/edit?tab=t.28,,45m
Fresco y Mas,,1146351,4858,https://fadmin.flippback.com/flyer_runs/1146351,Fresco y Mas - Week 25,06/10/2026,6/17/2026,6/17/2026,6/16/2026,06/23/2026,https://docs.google.com/document/d/1P0MNLAOK73c2KU8K-1sdOImzd8IS3DWKlEcrTvWbab8/edit?tab=t.29,,45m
Fresco y Mas,,1146352,4858,https://fadmin.flippback.com/flyer_runs/1146352,Fresco y Mas - Week 26,06/17/2026,6/24/2026,6/24/2026,6/23/2026,06/30/2026,https://docs.google.com/document/d/1P0MNLAOK73c2KU8K-1sdOImzd8IS3DWKlEcrTvWbab8/edit?tab=t.30,,45m
Fresco y Mas,,1163436,11640,https://fadmin.flippback.com/flyer_runs/1163436,Fresco y Mas - Dec LIQ,11/24/2025,12/1/2025,12/1/2025,11/30/2025,01/04/2026,https://docs.google.com/document/d/1P0MNLAOK73c2KU8K-1sdOImzd8IS3DWKlEcrTvWbab8/edit?tab=t.31,,45m
Guardian,OPS - Monthly Inserts Process - Post FQC,1164019,4978,https://fadmin.flippback.com/flyer_runs/1164019,Guardian - Dec 12 Combined 25km,11/26/2025,12/10/2025,12/12/2025,12/9/2025,12/18/2025,https://docs.google.com/document/d/1mbyu9utChEpXbzbMhRs_FsOY-_elP0sMhLnBngWCJ7Q/edit?tab=t.0#heading=h.8t428hnb3bke,1 Clone (captured in FQC post processing tasks),125m
Guardian,OPS - Monthly Inserts Process - Post FQC,1164740,4978,https://fadmin.flippback.com/flyer_runs/1164740,Guardian - Dec 5 Combined 25km,11/19/2025,12/3/2025,12/05/2025,12/2/2025,12/11/2025,https://docs.google.com/document/d/1mbyu9utChEpXbzbMhRs_FsOY-_elP0sMhLnBngWCJ7Q/edit?tab=t.0#heading=h.8t428hnb3bke,1 Clone (captured in FQC post processing tasks),125m
Guardian,OPS - Monthly Inserts Process - Post FQC,1166296,4978,https://fadmin.flippback.com/flyer_runs/1166296,Guardian - Dec 19 Combined 25km,12/3/2025,12/17/2025,12/19/2025,12/16/2025,12/25/2025,https://docs.google.com/document/d/1mbyu9utChEpXbzbMhRs_FsOY-_elP0sMhLnBngWCJ7Q/edit?tab=t.0#heading=h.8t428hnb3bke,1 Clone (captured in FQC post processing tasks),125m
Harveys Supermarket,,1085852,3070,https://fadmin.flippback.com/flyer_runs/1085852,Harveys Supermarket - Week 50,11/25/2025,12/2/2025,12/3/2025,12/1/2025,12/09/2025,https://docs.google.com/document/d/1qZ4fwB1tceHtTG6QiA2SLAunvHX5G8cHvpSy05KHhpw/edit?usp=sharing,,70m
Harveys Supermarket,,1085853,3070,https://fadmin.flippback.com/flyer_runs/1085853,Harveys Supermarket - Week 51,12/2/2025,12/9/2025,12/10/2025,12/8/2025,12/16/2025,https://docs.google.com/document/d/1qZ4fwB1tceHtTG6QiA2SLAunvHX5G8cHvpSy05KHhpw/edit?usp=sharing,,70m
Harveys Supermarket,,1085854,3070,https://fadmin.flippback.com/flyer_runs/1085854,Harveys Supermarket - Week 52,12/9/2025,12/16/2025,12/17/2025,12/15/2025,12/23/2025,https://docs.google.com/document/d/1qZ4fwB1tceHtTG6QiA2SLAunvHX5G8cHvpSy05KHhpw/edit?usp=sharing,,70m
Harveys Supermarket,,1085855,3070,https://fadmin.flippback.com/flyer_runs/1085855,Harveys Supermarket - Week 53,12/16/2025,12/23/2025,12/24/2025,12/22/2025,12/30/2025,https://docs.google.com/document/d/1qZ4fwB1tceHtTG6QiA2SLAunvHX5G8cHvpSy05KHhpw/edit?usp=sharing,,70m
Harveys Supermarket,,1085877,3292,https://fadmin.flippback.com/flyer_runs/1085877,Harveys Supermarket - Passout Week 49-50,11/26/2025,12/3/2025,12/3/2025,12/2/2025,12/16/2025,https://docs.google.com/document/d/1qZ4fwB1tceHtTG6QiA2SLAunvHX5G8cHvpSy05KHhpw/edit?usp=sharing,,70m
Harveys Supermarket,,1085878,3292,https://fadmin.flippback.com/flyer_runs/1085878,Harveys Supermarket - Passout Week 51-52,12/10/2025,12/17/2025,12/17/2025,12/16/2025,12/30/2025,https://docs.google.com/document/d/1qZ4fwB1tceHtTG6QiA2SLAunvHX5G8cHvpSy05KHhpw/edit?usp=sharing,,70m
Harveys Supermarket,,1085879,3292,https://fadmin.flippback.com/flyer_runs/1085879,Harveys Supermarket - Passout Week 53-54,12/24/2025,12/31/2025,12/31/2025,12/30/2025,01/13/2026,https://docs.google.com/document/d/1qZ4fwB1tceHtTG6QiA2SLAunvHX5G8cHvpSy05KHhpw/edit?usp=sharing,,70m
Harveys Supermarket,,1146148,3070,https://fadmin.flippback.com/flyer_runs/1146148,Harveys Supermarket - Week 1,12/23/2025,12/30/2025,12/31/2025,12/29/2025,01/06/2026,https://docs.google.com/document/d/1qZ4fwB1tceHtTG6QiA2SLAunvHX5G8cHvpSy05KHhpw/edit?usp=sharing,,70m
Harveys Supermarket,,1146149,3070,https://fadmin.flippback.com/flyer_runs/1146149,Harveys Supermarket - Week 2,12/30/2025,1/6/2026,1/7/2026,1/5/2026,01/13/2026,https://docs.google.com/document/d/1qZ4fwB1tceHtTG6QiA2SLAunvHX5G8cHvpSy05KHhpw/edit?usp=sharing,,70m
Harveys Supermarket,,1146150,3070,https://fadmin.flippback.com/flyer_runs/1146150,Harveys Supermarket - Week 3,01/06/2026,1/13/2026,1/14/2026,1/12/2026,01/20/2026,https://docs.google.com/document/d/1qZ4fwB1tceHtTG6QiA2SLAunvHX5G8cHvpSy05KHhpw/edit?usp=sharing,,70m
Harveys Supermarket,,1146151,3070,https://fadmin.flippback.com/flyer_runs/1146151,Harveys Supermarket - Week 4,01/13/2026,1/20/2026,1/21/2026,1/19/2026,01/27/2026,https://docs.google.com/document/d/1qZ4fwB1tceHtTG6QiA2SLAunvHX5G8cHvpSy05KHhpw/edit?usp=sharing,,70m
Harveys Supermarket,,1146152,3070,https://fadmin.flippback.com/flyer_runs/1146152,Harveys Supermarket - Week 5,01/20/2026,1/27/2026,1/28/2026,1/26/2026,02/03/2026,https://docs.google.com/document/d/1qZ4fwB1tceHtTG6QiA2SLAunvHX5G8cHvpSy05KHhpw/edit?usp=sharing,,70m
Harveys Supermarket,,1146153,3070,https://fadmin.flippback.com/flyer_runs/1146153,Harveys Supermarket - Week 6,01/27/2026,2/3/2026,2/4/2026,2/2/2026,02/10/2026,https://docs.google.com/document/d/1qZ4fwB1tceHtTG6QiA2SLAunvHX5G8cHvpSy05KHhpw/edit?usp=sharing,,70m
Harveys Supermarket,,1146154,3070,https://fadmin.flippback.com/flyer_runs/1146154,Harveys Supermarket - Week 7,02/03/2026,2/10/2026,2/11/2026,2/9/2026,02/17/2026,https://docs.google.com/document/d/1qZ4fwB1tceHtTG6QiA2SLAunvHX5G8cHvpSy05KHhpw/edit?usp=sharing,,70m
Harveys Supermarket,,1146155,3070,https://fadmin.flippback.com/flyer_runs/1146155,Harveys Supermarket - Week 8,02/10/2026,2/17/2026,2/18/2026,2/16/2026,02/24/2026,https://docs.google.com/document/d/1qZ4fwB1tceHtTG6QiA2SLAunvHX5G8cHvpSy05KHhpw/edit?usp=sharing,,70m
Harveys Supermarket,,1146156,3070,https://fadmin.flippback.com/flyer_runs/1146156,Harveys Supermarket - Week 9,02/17/2026,2/24/2026,2/25/2026,2/23/2026,03/03/2026,https://docs.google.com/document/d/1qZ4fwB1tceHtTG6QiA2SLAunvHX5G8cHvpSy05KHhpw/edit?usp=sharing,,70m
Harveys Supermarket,,1146157,3070,https://fadmin.flippback.com/flyer_runs/1146157,Harveys Supermarket - Week 10,02/24/2026,3/3/2026,3/4/2026,3/2/2026,03/10/2026,https://docs.google.com/document/d/1qZ4fwB1tceHtTG6QiA2SLAunvHX5G8cHvpSy05KHhpw/edit?usp=sharing,,70m
Harveys Supermarket,,1146158,3070,https://fadmin.flippback.com/flyer_runs/1146158,Harveys Supermarket - Week 11,03/03/2026,3/10/2026,3/11/2026,3/9/2026,03/17/2026,https://docs.google.com/document/d/1qZ4fwB1tceHtTG6QiA2SLAunvHX5G8cHvpSy05KHhpw/edit?usp=sharing,,70m
Harveys Supermarket,,1146159,3070,https://fadmin.flippback.com/flyer_runs/1146159,Harveys Supermarket - Week 12,03/10/2026,3/17/2026,3/18/2026,3/16/2026,03/24/2026,https://docs.google.com/document/d/1qZ4fwB1tceHtTG6QiA2SLAunvHX5G8cHvpSy05KHhpw/edit?usp=sharing,,70m
Harveys Supermarket,,1146160,3070,https://fadmin.flippback.com/flyer_runs/1146160,Harveys Supermarket - Week 13,03/17/2026,3/24/2026,3/25/2026,3/23/2026,03/31/2026,https://docs.google.com/document/d/1qZ4fwB1tceHtTG6QiA2SLAunvHX5G8cHvpSy05KHhpw/edit?usp=sharing,,70m
Harveys Supermarket,,1146161,3070,https://fadmin.flippback.com/flyer_runs/1146161,Harveys Supermarket - Week 14,03/24/2026,3/31/2026,4/1/2026,3/30/2026,04/07/2026,https://docs.google.com/document/d/1qZ4fwB1tceHtTG6QiA2SLAunvHX5G8cHvpSy05KHhpw/edit?usp=sharing,,70m
Harveys Supermarket,,1146162,3070,https://fadmin.flippback.com/flyer_runs/1146162,Harveys Supermarket - Week 15,03/31/2026,4/7/2026,4/8/2026,4/6/2026,04/14/2026,https://docs.google.com/document/d/1qZ4fwB1tceHtTG6QiA2SLAunvHX5G8cHvpSy05KHhpw/edit?usp=sharing,,70m
Harveys Supermarket,,1146163,3070,https://fadmin.flippback.com/flyer_runs/1146163,Harveys Supermarket - Week 16,04/07/2026,4/14/2026,4/15/2026,4/13/2026,04/21/2026,https://docs.google.com/document/d/1qZ4fwB1tceHtTG6QiA2SLAunvHX5G8cHvpSy05KHhpw/edit?usp=sharing,,70m
Harveys Supermarket,,1146164,3070,https://fadmin.flippback.com/flyer_runs/1146164,Harveys Supermarket - Week 17,04/14/2026,4/21/2026,4/22/2026,4/20/2026,04/28/2026,https://docs.google.com/document/d/1qZ4fwB1tceHtTG6QiA2SLAunvHX5G8cHvpSy05KHhpw/edit?usp=sharing,,70m
Harveys Supermarket,,1146165,3070,https://fadmin.flippback.com/flyer_runs/1146165,Harveys Supermarket - Week 18,04/21/2026,4/28/2026,4/29/2026,4/27/2026,05/05/2026,https://docs.google.com/document/d/1qZ4fwB1tceHtTG6QiA2SLAunvHX5G8cHvpSy05KHhpw/edit?usp=sharing,,70m
Harveys Supermarket,,1146166,3070,https://fadmin.flippback.com/flyer_runs/1146166,Harveys Supermarket - Week 19,04/28/2026,5/5/2026,5/6/2026,5/4/2026,05/12/2026,https://docs.google.com/document/d/1qZ4fwB1tceHtTG6QiA2SLAunvHX5G8cHvpSy05KHhpw/edit?usp=sharing,,70m
Harveys Supermarket,,1146167,3070,https://fadmin.flippback.com/flyer_runs/1146167,Harveys Supermarket - Week 20,05/05/2026,5/12/2026,5/13/2026,5/11/2026,05/19/2026,https://docs.google.com/document/d/1qZ4fwB1tceHtTG6QiA2SLAunvHX5G8cHvpSy05KHhpw/edit?usp=sharing,,70m
Harveys Supermarket,,1146168,3070,https://fadmin.flippback.com/flyer_runs/1146168,Harveys Supermarket - Week 21,05/12/2026,5/19/2026,5/20/2026,5/18/2026,05/26/2026,https://docs.google.com/document/d/1qZ4fwB1tceHtTG6QiA2SLAunvHX5G8cHvpSy05KHhpw/edit?usp=sharing,,70m
Harveys Supermarket,,1146169,3070,https://fadmin.flippback.com/flyer_runs/1146169,Harveys Supermarket - Week 22,05/19/2026,5/26/2026,5/27/2026,5/25/2026,06/02/2026,https://docs.google.com/document/d/1qZ4fwB1tceHtTG6QiA2SLAunvHX5G8cHvpSy05KHhpw/edit?usp=sharing,,70m
Harveys Supermarket,,1146170,3070,https://fadmin.flippback.com/flyer_runs/1146170,Harveys Supermarket - Week 23,05/26/2026,6/2/2026,6/3/2026,6/1/2026,06/09/2026,https://docs.google.com/document/d/1qZ4fwB1tceHtTG6QiA2SLAunvHX5G8cHvpSy05KHhpw/edit?usp=sharing,,70m
Harveys Supermarket,,1146171,3070,https://fadmin.flippback.com/flyer_runs/1146171,Harveys Supermarket - Week 24,06/02/2026,6/9/2026,6/10/2026,6/8/2026,06/16/2026,https://docs.google.com/document/d/1qZ4fwB1tceHtTG6QiA2SLAunvHX5G8cHvpSy05KHhpw/edit?usp=sharing,,70m
Harveys Supermarket,,1146172,3070,https://fadmin.flippback.com/flyer_runs/1146172,Harveys Supermarket - Week 25,06/09/2026,6/16/2026,6/17/2026,6/15/2026,06/23/2026,https://docs.google.com/document/d/1qZ4fwB1tceHtTG6QiA2SLAunvHX5G8cHvpSy05KHhpw/edit?usp=sharing,,70m
Harveys Supermarket,,1146173,3070,https://fadmin.flippback.com/flyer_runs/1146173,Harveys Supermarket - Week 26,06/16/2026,6/23/2026,6/24/2026,6/22/2026,06/30/2026,https://docs.google.com/document/d/1qZ4fwB1tceHtTG6QiA2SLAunvHX5G8cHvpSy05KHhpw/edit?usp=sharing,,70m
Harveys Supermarket,,1146174,3070,https://fadmin.flippback.com/flyer_runs/1146174,Harveys Supermarket - Week 27,06/23/2026,6/30/2026,7/1/2026,6/29/2026,07/07/2026,https://docs.google.com/document/d/1qZ4fwB1tceHtTG6QiA2SLAunvHX5G8cHvpSy05KHhpw/edit?usp=sharing,,70m
Harveys Supermarket,,1146301,3292,https://fadmin.flippback.com/flyer_runs/1146301,Harveys Supermarket - Passout Week 2-3,01/07/2026,1/14/2026,1/14/2026,1/13/2026,01/27/2026,https://docs.google.com/document/d/1qZ4fwB1tceHtTG6QiA2SLAunvHX5G8cHvpSy05KHhpw/edit?usp=sharing,,70m
Harveys Supermarket,,1146302,3292,https://fadmin.flippback.com/flyer_runs/1146302,Harveys Supermarket - Passout Week 4-5,01/21/2026,1/28/2026,1/28/2026,1/27/2026,02/10/2026,https://docs.google.com/document/d/1qZ4fwB1tceHtTG6QiA2SLAunvHX5G8cHvpSy05KHhpw/edit?usp=sharing,,70m
Harveys Supermarket,,1146303,3292,https://fadmin.flippback.com/flyer_runs/1146303,Harveys Supermarket - Passout Week 6-7,02/04/2026,2/11/2026,2/11/2026,2/10/2026,02/24/2026,https://docs.google.com/document/d/1qZ4fwB1tceHtTG6QiA2SLAunvHX5G8cHvpSy05KHhpw/edit?usp=sharing,,70m
Harveys Supermarket,,1146304,3292,https://fadmin.flippback.com/flyer_runs/1146304,Harveys Supermarket - Passout Week 8-9,02/18/2026,2/25/2026,2/25/2026,2/24/2026,03/10/2026,https://docs.google.com/document/d/1qZ4fwB1tceHtTG6QiA2SLAunvHX5G8cHvpSy05KHhpw/edit?usp=sharing,,70m
Harveys Supermarket,,1146305,3292,https://fadmin.flippback.com/flyer_runs/1146305,Harveys Supermarket - Passout Week 10-11,03/04/2026,3/11/2026,3/11/2026,3/10/2026,03/24/2026,https://docs.google.com/document/d/1qZ4fwB1tceHtTG6QiA2SLAunvHX5G8cHvpSy05KHhpw/edit?usp=sharing,,70m
Harveys Supermarket,,1146306,3292,https://fadmin.flippback.com/flyer_runs/1146306,Harveys Supermarket - Passout Week 12-13,03/05/2026,3/12/2026,3/13/2026,3/11/2026,03/26/2026,https://docs.google.com/document/d/1qZ4fwB1tceHtTG6QiA2SLAunvHX5G8cHvpSy05KHhpw/edit?usp=sharing,,70m
Harveys Supermarket,,1146307,3292,https://fadmin.flippback.com/flyer_runs/1146307,Harveys Supermarket - Passout Week 14-15,03/19/2026,3/26/2026,3/27/2026,3/25/2026,04/09/2026,https://docs.google.com/document/d/1qZ4fwB1tceHtTG6QiA2SLAunvHX5G8cHvpSy05KHhpw/edit?usp=sharing,,70m
Harveys Supermarket,,1146308,3292,https://fadmin.flippback.com/flyer_runs/1146308,Harveys Supermarket - Passout Week 16-17,04/02/2026,4/9/2026,4/10/2026,4/8/2026,04/23/2026,https://docs.google.com/document/d/1qZ4fwB1tceHtTG6QiA2SLAunvHX5G8cHvpSy05KHhpw/edit?usp=sharing,,70m
Harveys Supermarket,,1146309,3292,https://fadmin.flippback.com/flyer_runs/1146309,Harveys Supermarket - Passout Week 18-19,04/16/2026,4/23/2026,4/24/2026,4/22/2026,05/07/2026,https://docs.google.com/document/d/1qZ4fwB1tceHtTG6QiA2SLAunvHX5G8cHvpSy05KHhpw/edit?usp=sharing,,70m
Harveys Supermarket,,1146310,3292,https://fadmin.flippback.com/flyer_runs/1146310,Harveys Supermarket - Passout Week 20-21,04/30/2026,5/7/2026,5/8/2026,5/6/2026,05/21/2026,https://docs.google.com/document/d/1qZ4fwB1tceHtTG6QiA2SLAunvHX5G8cHvpSy05KHhpw/edit?usp=sharing,,70m
Harveys Supermarket,,1146311,3292,https://fadmin.flippback.com/flyer_runs/1146311,Harveys Supermarket - Passout Week 22-23,05/14/2026,5/21/2026,5/22/2026,5/20/2026,06/04/2026,https://docs.google.com/document/d/1qZ4fwB1tceHtTG6QiA2SLAunvHX5G8cHvpSy05KHhpw/edit?usp=sharing,,70m
Harveys Supermarket,,1146312,3292,https://fadmin.flippback.com/flyer_runs/1146312,Harveys Supermarket - Passout Week 24-25,05/28/2026,6/4/2026,6/5/2026,6/3/2026,06/18/2026,https://docs.google.com/document/d/1qZ4fwB1tceHtTG6QiA2SLAunvHX5G8cHvpSy05KHhpw/edit?usp=sharing,,70m
Harveys Supermarket,,1146313,3292,https://fadmin.flippback.com/flyer_runs/1146313,Harveys Supermarket - Passout Week 26-27,06/11/2026,6/18/2026,6/19/2026,6/17/2026,07/02/2026,https://docs.google.com/document/d/1qZ4fwB1tceHtTG6QiA2SLAunvHX5G8cHvpSy05KHhpw/edit?usp=sharing,,70m
Horizon Santé,,1166246,11163,https://fadmin.flippback.com/flyer_runs/1166246,Horizon Santé - December Flyer,11/20/2025,11/30/2025,12/1/2025,11/29/2025,12/31/2025,https://docs.google.com/document/d/1R09DkY_i9UU1xB_VEDLFCvzNQUWIjhdjAXAm10I3nxk/edit?tab=t.0#heading=h.y2dgj7b691i1,,10m
Horizon Santé,,1166265,11637,https://fadmin.flippback.com/flyer_runs/1166265,Horizon Santé - December One Pager,11/20/2025,11/30/2025,12/1/2025,11/29/2025,12/31/2025,https://docs.google.com/document/d/1R09DkY_i9UU1xB_VEDLFCvzNQUWIjhdjAXAm10I3nxk/edit?tab=t.0#heading=h.y2dgj7b691i1,,10m
I.D.A.,OPS - Monthly Inserts Process - Post FQC,1164020,4977,https://fadmin.flippback.com/flyer_runs/1164020,I.D.A. - Dec 12 Combined 25km,11/26/2025,12/10/2025,12/12/2025,12/9/2025,12/18/2025,https://docs.google.com/document/d/12lPGN4-ORB-VAafh9gnjOUJ4MTag-yBEoPrz21Sz5t4/edit?tab=t.0#heading=h.y2dgj7b691i1,1 Clone (captured in FQC post processing tasks),125m
I.D.A.,OPS - Monthly Inserts Process - Post FQC,1164741,4977,https://fadmin.flippback.com/flyer_runs/1164741,I.D.A. - Dec 5 Combined 25km,11/19/2025,12/3/2025,12/05/2025,12/2/2025,12/11/2025,https://docs.google.com/document/d/12lPGN4-ORB-VAafh9gnjOUJ4MTag-yBEoPrz21Sz5t4/edit?tab=t.0#heading=h.y2dgj7b691i1,1 Clone (captured in FQC post processing tasks),125m
I.D.A.,OPS - Monthly Inserts Process - Post FQC,1166297,4977,https://fadmin.flippback.com/flyer_runs/1166297,I.D.A. - Dec 19 Combined 25km,12/3/2025,12/17/2025,12/19/2025,12/16/2025,12/25/2025,https://docs.google.com/document/d/12lPGN4-ORB-VAafh9gnjOUJ4MTag-yBEoPrz21Sz5t4/edit?tab=t.0#heading=h.y2dgj7b691i1,1 Clone (captured in FQC post processing tasks),125m
La Boite à Grains,PLACEHOLDER - Weekly Page Swap,1149621,10470,https://fadmin.flippback.com/flyer_runs/1149621,La Boite à Grains - January: December 31 to Jan 27,12/24/2025,12/31/2025,12/31/2025,12/30/2025,01/27/2026,https://docs.google.com/document/d/15SC5_Yf6paOvPISTQgd18lc5hlqIVcUcUyRroL6YIBQ/edit,,65m
La Boite à Grains,PLACEHOLDER - Weekly Page Swap,1149622,10470,https://fadmin.flippback.com/flyer_runs/1149622,La Boite à Grains - February: Jan 28 to Feb 24,01/21/2026,1/28/2026,1/28/2026,1/27/2026,02/24/2026,https://docs.google.com/document/d/15SC5_Yf6paOvPISTQgd18lc5hlqIVcUcUyRroL6YIBQ/edit,,65m
La Boite à Grains,PLACEHOLDER - Weekly Page Swap,1149623,10470,https://fadmin.flippback.com/flyer_runs/1149623,La Boite à Grains - March: Feb 25 to Mar 24,02/18/2026,2/25/2026,2/25/2026,2/24/2026,03/24/2026,https://docs.google.com/document/d/15SC5_Yf6paOvPISTQgd18lc5hlqIVcUcUyRroL6YIBQ/edit,,65m
La Boite à Grains,PLACEHOLDER - Weekly Page Swap,1149624,10470,https://fadmin.flippback.com/flyer_runs/1149624,La Boite à Grains - April: Mar 25 to Apr 28,03/18/2026,3/25/2026,3/25/2026,3/24/2026,04/28/2026,https://docs.google.com/document/d/15SC5_Yf6paOvPISTQgd18lc5hlqIVcUcUyRroL6YIBQ/edit,,65m
La Boite à Grains,PLACEHOLDER - Weekly Page Swap,1149625,10470,https://fadmin.flippback.com/flyer_runs/1149625,La Boite à Grains - May: Apr 29 to May 26,04/22/2026,4/29/2026,4/29/2026,4/28/2026,05/26/2026,https://docs.google.com/document/d/15SC5_Yf6paOvPISTQgd18lc5hlqIVcUcUyRroL6YIBQ/edit,,65m
La Boite à Grains,PLACEHOLDER - Weekly Page Swap,1149626,10470,https://fadmin.flippback.com/flyer_runs/1149626,La Boite à Grains - June: May 27 to June 23,05/20/2026,5/27/2026,5/27/2026,5/26/2026,06/23/2026,https://docs.google.com/document/d/15SC5_Yf6paOvPISTQgd18lc5hlqIVcUcUyRroL6YIBQ/edit,,65m
La Boite à Grains,PLACEHOLDER - Weekly Page Swap,1149627,10470,https://fadmin.flippback.com/flyer_runs/1149627,La Boite à Grains - Summer flyer: June 24 to August 18,06/17/2026,6/24/2026,6/24/2026,6/23/2026,08/18/2026,https://docs.google.com/document/d/15SC5_Yf6paOvPISTQgd18lc5hlqIVcUcUyRroL6YIBQ/edit,,65m
Lunds & Byerlys,OPS - Box QC Post FQC,1127637,11320,https://fadmin.flippback.com/flyer_runs/1127637,Lunds & Byerlys - Dec 4,11/30/2025,12/4/2025,12/4/2025,12/3/2025,12/10/2025,https://docs.google.com/document/d/1J3Mmoe4QIejKy64THNxnuNQlo6N7eCiVxHJ8ua7xFk8/edit?tab=t.0#heading=h.y2dgj7b691i1,,10m
Lunds & Byerlys,OPS - Box QC Post FQC,1127638,11320,https://fadmin.flippback.com/flyer_runs/1127638,Lunds & Byerlys - Dec 11,12/7/2025,12/11/2025,12/11/2025,12/10/2025,12/17/2025,https://docs.google.com/document/d/1J3Mmoe4QIejKy64THNxnuNQlo6N7eCiVxHJ8ua7xFk8/edit?tab=t.0#heading=h.y2dgj7b691i2,,10m
Lunds & Byerlys,OPS - Box QC Post FQC,1127639,11320,https://fadmin.flippback.com/flyer_runs/1127639,Lunds & Byerlys - Dec 18,12/14/2025,12/18/2025,12/18/2025,12/17/2025,12/24/2025,https://docs.google.com/document/d/1J3Mmoe4QIejKy64THNxnuNQlo6N7eCiVxHJ8ua7xFk8/edit?tab=t.0#heading=h.y2dgj7b691i3,,10m
Lunds & Byerlys,OPS - Box QC Post FQC,1127640,11320,https://fadmin.flippback.com/flyer_runs/1127640,Lunds & Byerlys - Dec 25,12/21/2025,12/25/2025,12/25/2025,12/24/2025,12/31/2025,https://docs.google.com/document/d/1J3Mmoe4QIejKy64THNxnuNQlo6N7eCiVxHJ8ua7xFk8/edit?tab=t.0#heading=h.y2dgj7b691i4,,10m
Lunds & Byerlys,OPS - Box QC Post FQC,1127641,11320,https://fadmin.flippback.com/flyer_runs/1127641,Lunds & Byerlys - Jan 1,12/28/2025,1/1/2026,1/1/2026,12/31/2025,01/07/2026,https://docs.google.com/document/d/1J3Mmoe4QIejKy64THNxnuNQlo6N7eCiVxHJ8ua7xFk8/edit?tab=t.0#heading=h.y2dgj7b691i5,,10m
Lunds & Byerlys,OPS - Box QC Post FQC,1127642,11320,https://fadmin.flippback.com/flyer_runs/1127642,Lunds & Byerlys - Jan 8,01/04/2026,1/8/2026,1/8/2026,1/7/2026,01/14/2026,https://docs.google.com/document/d/1J3Mmoe4QIejKy64THNxnuNQlo6N7eCiVxHJ8ua7xFk8/edit?tab=t.0#heading=h.y2dgj7b691i6,,10m
Lunds & Byerlys,OPS - Box QC Post FQC,1127643,11320,https://fadmin.flippback.com/flyer_runs/1127643,Lunds & Byerlys - Jan 15,01/11/2026,1/15/2026,1/15/2026,1/14/2026,01/21/2026,https://docs.google.com/document/d/1J3Mmoe4QIejKy64THNxnuNQlo6N7eCiVxHJ8ua7xFk8/edit?tab=t.0#heading=h.y2dgj7b691i7,,10m
Lunds & Byerlys,OPS - Box QC Post FQC,1127644,11320,https://fadmin.flippback.com/flyer_runs/1127644,Lunds & Byerlys - Jan 22,01/18/2026,1/22/2026,1/22/2026,1/21/2026,01/28/2026,https://docs.google.com/document/d/1J3Mmoe4QIejKy64THNxnuNQlo6N7eCiVxHJ8ua7xFk8/edit?tab=t.0#heading=h.y2dgj7b691i8,,10m
Lunds & Byerlys,OPS - Box QC Post FQC,1127645,11320,https://fadmin.flippback.com/flyer_runs/1127645,Lunds & Byerlys - Jan 29,01/25/2026,1/29/2026,1/29/2026,1/28/2026,02/04/2026,https://docs.google.com/document/d/1J3Mmoe4QIejKy64THNxnuNQlo6N7eCiVxHJ8ua7xFk8/edit?tab=t.0#heading=h.y2dgj7b691i9,,10m
Mad Butcher,FTE - Clone this run into Food Giant retailer (same dates) as FINAL step before completing FQC,1094341,11981,https://fadmin.flippback.com/flyer_runs/1094341,Mad Butcher - Dec 3,11/27/2025,12/2/2025,12/3/2025,12/1/2025,12/09/2025,https://docs.google.com/document/d/19sS7g3I4gWUKCYmbUheDz978PhZxk4fo_REsTYrCSfY/edit?tab=t.0#heading=h.y2dgj7b691i1,"Clone during FQC (Per OneGuide, Create the Clone as the FINAL step before completing the FQC checklist)",10m
Mad Butcher,FTE - Clone this run into Food Giant retailer (same dates) as FINAL step before completing FQC,1094342,11981,https://fadmin.flippback.com/flyer_runs/1094342,Mad Butcher - Dec 10,12/4/2025,12/9/2025,12/10/2025,12/8/2025,12/16/2025,https://docs.google.com/document/d/19sS7g3I4gWUKCYmbUheDz978PhZxk4fo_REsTYrCSfY/edit?tab=t.0#heading=h.y2dgj7b691i2,"Clone during FQC (Per OneGuide, Create the Clone as the FINAL step before completing the FQC checklist)",10m
Mad Butcher,FTE - Clone this run into Food Giant retailer (same dates) as FINAL step before completing FQC,1094343,11981,https://fadmin.flippback.com/flyer_runs/1094343,Mad Butcher - Dec 17,12/11/2025,12/16/2025,12/17/2025,12/15/2025,12/23/2025,https://docs.google.com/document/d/19sS7g3I4gWUKCYmbUheDz978PhZxk4fo_REsTYrCSfY/edit?tab=t.0#heading=h.y2dgj7b691i3,"Clone during FQC (Per OneGuide, Create the Clone as the FINAL step before completing the FQC checklist)",10m
Mad Butcher,FTE - Clone this run into Food Giant retailer (same dates) as FINAL step before completing FQC,1094344,11981,https://fadmin.flippback.com/flyer_runs/1094344,Mad Butcher - Dec 24,12/18/2025,12/23/2025,12/24/2025,12/22/2025,12/30/2025,https://docs.google.com/document/d/19sS7g3I4gWUKCYmbUheDz978PhZxk4fo_REsTYrCSfY/edit?tab=t.0#heading=h.y2dgj7b691i4,"Clone during FQC (Per OneGuide, Create the Clone as the FINAL step before completing the FQC checklist)",10m
Mad Butcher,FTE - Clone this run into Food Giant retailer (same dates) as FINAL step before completing FQC,1094345,11981,https://fadmin.flippback.com/flyer_runs/1094345,Mad Butcher - Dec 31,12/25/2025,12/30/2025,12/31/2025,12/29/2025,01/06/2026,https://docs.google.com/document/d/19sS7g3I4gWUKCYmbUheDz978PhZxk4fo_REsTYrCSfY/edit?tab=t.0#heading=h.y2dgj7b691i5,"Clone during FQC (Per OneGuide, Create the Clone as the FINAL step before completing the FQC checklist)",10m
Mad Butcher,FTE - Clone this run into Food Giant retailer (same dates) as FINAL step before completing FQC,1094346,11981,https://fadmin.flippback.com/flyer_runs/1094346,Mad Butcher - Jan 7,01/01/2026,1/6/2026,1/7/2026,1/5/2026,01/13/2026,https://docs.google.com/document/d/19sS7g3I4gWUKCYmbUheDz978PhZxk4fo_REsTYrCSfY/edit?tab=t.0#heading=h.y2dgj7b691i6,"Clone during FQC (Per OneGuide, Create the Clone as the FINAL step before completing the FQC checklist)",10m
Mad Butcher,FTE - Clone this run into Food Giant retailer (same dates) as FINAL step before completing FQC,1094347,11981,https://fadmin.flippback.com/flyer_runs/1094347,Mad Butcher - Jan 14,01/08/2026,1/13/2026,1/14/2026,1/12/2026,01/20/2026,https://docs.google.com/document/d/19sS7g3I4gWUKCYmbUheDz978PhZxk4fo_REsTYrCSfY/edit?tab=t.0#heading=h.y2dgj7b691i7,"Clone during FQC (Per OneGuide, Create the Clone as the FINAL step before completing the FQC checklist)",10m
Mad Butcher,FTE - Clone this run into Food Giant retailer (same dates) as FINAL step before completing FQC,1151505,11981,https://fadmin.flippback.com/flyer_runs/1151505,Mad Butcher - Jan 21,01/15/2026,1/20/2026,1/21/2026,1/19/2026,01/27/2026,https://docs.google.com/document/d/19sS7g3I4gWUKCYmbUheDz978PhZxk4fo_REsTYrCSfY/edit?tab=t.0#heading=h.y2dgj7b691i8,"Clone during FQC (Per OneGuide, Create the Clone as the FINAL step before completing the FQC checklist)",10m
Mad Butcher,FTE - Clone this run into Food Giant retailer (same dates) as FINAL step before completing FQC,1151506,11981,https://fadmin.flippback.com/flyer_runs/1151506,Mad Butcher - Jan 28,01/22/2026,1/27/2026,1/28/2026,1/26/2026,02/03/2026,https://docs.google.com/document/d/19sS7g3I4gWUKCYmbUheDz978PhZxk4fo_REsTYrCSfY/edit?tab=t.0#heading=h.y2dgj7b691i9,"Clone during FQC (Per OneGuide, Create the Clone as the FINAL step before completing the FQC checklist)",10m
Mad Butcher,FTE - Clone this run into Food Giant retailer (same dates) as FINAL step before completing FQC,1151507,11981,https://fadmin.flippback.com/flyer_runs/1151507,Mad Butcher - Feb 4,01/29/2026,2/3/2026,2/4/2026,2/2/2026,02/10/2026,https://docs.google.com/document/d/19sS7g3I4gWUKCYmbUheDz978PhZxk4fo_REsTYrCSfY/edit?tab=t.0#heading=h.y2dgj7b691i10,"Clone during FQC (Per OneGuide, Create the Clone as the FINAL step before completing the FQC checklist)",10m
Mad Butcher,FTE - Clone this run into Food Giant retailer (same dates) as FINAL step before completing FQC,1151508,11981,https://fadmin.flippback.com/flyer_runs/1151508,Mad Butcher - Feb 11,02/05/2026,2/10/2026,2/11/2026,2/9/2026,02/17/2026,https://docs.google.com/document/d/19sS7g3I4gWUKCYmbUheDz978PhZxk4fo_REsTYrCSfY/edit?tab=t.0#heading=h.y2dgj7b691i11,"Clone during FQC (Per OneGuide, Create the Clone as the FINAL step before completing the FQC checklist)",10m
Mad Butcher,FTE - Clone this run into Food Giant retailer (same dates) as FINAL step before completing FQC,1151509,11981,https://fadmin.flippback.com/flyer_runs/1151509,Mad Butcher - Feb 18,02/12/2026,2/17/2026,2/18/2026,2/16/2026,02/24/2026,https://docs.google.com/document/d/19sS7g3I4gWUKCYmbUheDz978PhZxk4fo_REsTYrCSfY/edit?tab=t.0#heading=h.y2dgj7b691i12,"Clone during FQC (Per OneGuide, Create the Clone as the FINAL step before completing the FQC checklist)",10m
Mad Butcher,FTE - Clone this run into Food Giant retailer (same dates) as FINAL step before completing FQC,1151510,11981,https://fadmin.flippback.com/flyer_runs/1151510,Mad Butcher - Feb 25,02/19/2026,2/24/2026,2/25/2026,2/23/2026,03/03/2026,https://docs.google.com/document/d/19sS7g3I4gWUKCYmbUheDz978PhZxk4fo_REsTYrCSfY/edit?tab=t.0#heading=h.y2dgj7b691i13,"Clone during FQC (Per OneGuide, Create the Clone as the FINAL step before completing the FQC checklist)",10m
Mad Butcher,FTE - Clone this run into Food Giant retailer (same dates) as FINAL step before completing FQC,1151511,11981,https://fadmin.flippback.com/flyer_runs/1151511,Mad Butcher - Mar 4,02/26/2026,3/3/2026,3/4/2026,3/2/2026,03/10/2026,https://docs.google.com/document/d/19sS7g3I4gWUKCYmbUheDz978PhZxk4fo_REsTYrCSfY/edit?tab=t.0#heading=h.y2dgj7b691i14,"Clone during FQC (Per OneGuide, Create the Clone as the FINAL step before completing the FQC checklist)",10m
Mad Butcher,FTE - Clone this run into Food Giant retailer (same dates) as FINAL step before completing FQC,1151512,11981,https://fadmin.flippback.com/flyer_runs/1151512,Mad Butcher - Mar 11,03/05/2026,3/10/2026,3/11/2026,3/9/2026,03/17/2026,https://docs.google.com/document/d/19sS7g3I4gWUKCYmbUheDz978PhZxk4fo_REsTYrCSfY/edit?tab=t.0#heading=h.y2dgj7b691i15,"Clone during FQC (Per OneGuide, Create the Clone as the FINAL step before completing the FQC checklist)",10m
Mad Butcher,FTE - Clone this run into Food Giant retailer (same dates) as FINAL step before completing FQC,1151513,11981,https://fadmin.flippback.com/flyer_runs/1151513,Mad Butcher - Mar 18,03/12/2026,3/17/2026,3/18/2026,3/16/2026,03/24/2026,https://docs.google.com/document/d/19sS7g3I4gWUKCYmbUheDz978PhZxk4fo_REsTYrCSfY/edit?tab=t.0#heading=h.y2dgj7b691i16,"Clone during FQC (Per OneGuide, Create the Clone as the FINAL step before completing the FQC checklist)",10m
Mad Butcher,FTE - Clone this run into Food Giant retailer (same dates) as FINAL step before completing FQC,1151514,11981,https://fadmin.flippback.com/flyer_runs/1151514,Mad Butcher - Mar 25,03/19/2026,3/24/2026,3/25/2026,3/23/2026,03/31/2026,https://docs.google.com/document/d/19sS7g3I4gWUKCYmbUheDz978PhZxk4fo_REsTYrCSfY/edit?tab=t.0#heading=h.y2dgj7b691i17,"Clone during FQC (Per OneGuide, Create the Clone as the FINAL step before completing the FQC checklist)",10m
Mad Butcher,FTE - Clone this run into Food Giant retailer (same dates) as FINAL step before completing FQC,1151515,11981,https://fadmin.flippback.com/flyer_runs/1151515,Mad Butcher - Apr 1,03/26/2026,3/31/2026,4/1/2026,3/30/2026,04/07/2026,https://docs.google.com/document/d/19sS7g3I4gWUKCYmbUheDz978PhZxk4fo_REsTYrCSfY/edit?tab=t.0#heading=h.y2dgj7b691i18,"Clone during FQC (Per OneGuide, Create the Clone as the FINAL step before completing the FQC checklist)",10m
Mad Butcher,FTE - Clone this run into Food Giant retailer (same dates) as FINAL step before completing FQC,1151516,11981,https://fadmin.flippback.com/flyer_runs/1151516,Mad Butcher - Apr 8,04/02/2026,4/7/2026,4/8/2026,4/6/2026,04/14/2026,https://docs.google.com/document/d/19sS7g3I4gWUKCYmbUheDz978PhZxk4fo_REsTYrCSfY/edit?tab=t.0#heading=h.y2dgj7b691i19,"Clone during FQC (Per OneGuide, Create the Clone as the FINAL step before completing the FQC checklist)",10m
Mad Butcher,FTE - Clone this run into Food Giant retailer (same dates) as FINAL step before completing FQC,1151517,11981,https://fadmin.flippback.com/flyer_runs/1151517,Mad Butcher - Apr 15,04/09/2026,4/14/2026,4/15/2026,4/13/2026,04/21/2026,https://docs.google.com/document/d/19sS7g3I4gWUKCYmbUheDz978PhZxk4fo_REsTYrCSfY/edit?tab=t.0#heading=h.y2dgj7b691i20,"Clone during FQC (Per OneGuide, Create the Clone as the FINAL step before completing the FQC checklist)",10m
Mad Butcher,FTE - Clone this run into Food Giant retailer (same dates) as FINAL step before completing FQC,1151518,11981,https://fadmin.flippback.com/flyer_runs/1151518,Mad Butcher - Apr 22,04/16/2026,4/21/2026,4/22/2026,4/20/2026,04/28/2026,https://docs.google.com/document/d/19sS7g3I4gWUKCYmbUheDz978PhZxk4fo_REsTYrCSfY/edit?tab=t.0#heading=h.y2dgj7b691i21,"Clone during FQC (Per OneGuide, Create the Clone as the FINAL step before completing the FQC checklist)",10m
Mad Butcher,FTE - Clone this run into Food Giant retailer (same dates) as FINAL step before completing FQC,1151519,11981,https://fadmin.flippback.com/flyer_runs/1151519,Mad Butcher - Apr 29,04/23/2026,4/28/2026,4/29/2026,4/27/2026,05/05/2026,https://docs.google.com/document/d/19sS7g3I4gWUKCYmbUheDz978PhZxk4fo_REsTYrCSfY/edit?tab=t.0#heading=h.y2dgj7b691i22,"Clone during FQC (Per OneGuide, Create the Clone as the FINAL step before completing the FQC checklist)",10m
Mad Butcher,FTE - Clone this run into Food Giant retailer (same dates) as FINAL step before completing FQC,1151520,11981,https://fadmin.flippback.com/flyer_runs/1151520,Mad Butcher - May 6,04/30/2026,5/5/2026,5/6/2026,5/4/2026,05/12/2026,https://docs.google.com/document/d/19sS7g3I4gWUKCYmbUheDz978PhZxk4fo_REsTYrCSfY/edit?tab=t.0#heading=h.y2dgj7b691i23,"Clone during FQC (Per OneGuide, Create the Clone as the FINAL step before completing the FQC checklist)",10m
Mad Butcher,FTE - Clone this run into Food Giant retailer (same dates) as FINAL step before completing FQC,1151521,11981,https://fadmin.flippback.com/flyer_runs/1151521,Mad Butcher - May 13,05/07/2026,5/12/2026,5/13/2026,5/11/2026,05/19/2026,https://docs.google.com/document/d/19sS7g3I4gWUKCYmbUheDz978PhZxk4fo_REsTYrCSfY/edit?tab=t.0#heading=h.y2dgj7b691i24,"Clone during FQC (Per OneGuide, Create the Clone as the FINAL step before completing the FQC checklist)",10m
Mad Butcher,FTE - Clone this run into Food Giant retailer (same dates) as FINAL step before completing FQC,1151522,11981,https://fadmin.flippback.com/flyer_runs/1151522,Mad Butcher - May 20,05/14/2026,5/19/2026,5/20/2026,5/18/2026,05/26/2026,https://docs.google.com/document/d/19sS7g3I4gWUKCYmbUheDz978PhZxk4fo_REsTYrCSfY/edit?tab=t.0#heading=h.y2dgj7b691i25,"Clone during FQC (Per OneGuide, Create the Clone as the FINAL step before completing the FQC checklist)",10m
Mad Butcher,FTE - Clone this run into Food Giant retailer (same dates) as FINAL step before completing FQC,1151523,11981,https://fadmin.flippback.com/flyer_runs/1151523,Mad Butcher - May 27,05/21/2026,5/26/2026,5/27/2026,5/25/2026,06/02/2026,https://docs.google.com/document/d/19sS7g3I4gWUKCYmbUheDz978PhZxk4fo_REsTYrCSfY/edit?tab=t.0#heading=h.y2dgj7b691i26,"Clone during FQC (Per OneGuide, Create the Clone as the FINAL step before completing the FQC checklist)",10m
Mad Butcher,FTE - Clone this run into Food Giant retailer (same dates) as FINAL step before completing FQC,1151524,11981,https://fadmin.flippback.com/flyer_runs/1151524,Mad Butcher - Jun 3,05/28/2026,6/2/2026,6/3/2026,6/1/2026,06/09/2026,https://docs.google.com/document/d/19sS7g3I4gWUKCYmbUheDz978PhZxk4fo_REsTYrCSfY/edit?tab=t.0#heading=h.y2dgj7b691i27,"Clone during FQC (Per OneGuide, Create the Clone as the FINAL step before completing the FQC checklist)",10m
Mad Butcher,FTE - Clone this run into Food Giant retailer (same dates) as FINAL step before completing FQC,1151525,11981,https://fadmin.flippback.com/flyer_runs/1151525,Mad Butcher - Jun 10,06/04/2026,6/9/2026,6/10/2026,6/8/2026,06/16/2026,https://docs.google.com/document/d/19sS7g3I4gWUKCYmbUheDz978PhZxk4fo_REsTYrCSfY/edit?tab=t.0#heading=h.y2dgj7b691i28,"Clone during FQC (Per OneGuide, Create the Clone as the FINAL step before completing the FQC checklist)",10m
Mad Butcher,FTE - Clone this run into Food Giant retailer (same dates) as FINAL step before completing FQC,1151526,11981,https://fadmin.flippback.com/flyer_runs/1151526,Mad Butcher - Jun 17,06/11/2026,6/16/2026,6/17/2026,6/15/2026,06/23/2026,https://docs.google.com/document/d/19sS7g3I4gWUKCYmbUheDz978PhZxk4fo_REsTYrCSfY/edit?tab=t.0#heading=h.y2dgj7b691i29,"Clone during FQC (Per OneGuide, Create the Clone as the FINAL step before completing the FQC checklist)",10m
Mad Butcher,FTE - Clone this run into Food Giant retailer (same dates) as FINAL step before completing FQC,1151527,11981,https://fadmin.flippback.com/flyer_runs/1151527,Mad Butcher - Jun 24,06/18/2026,6/23/2026,6/24/2026,6/22/2026,06/30/2026,https://docs.google.com/document/d/19sS7g3I4gWUKCYmbUheDz978PhZxk4fo_REsTYrCSfY/edit?tab=t.0#heading=h.y2dgj7b691i30,"Clone during FQC (Per OneGuide, Create the Clone as the FINAL step before completing the FQC checklist)",10m
Mad Butcher,FTE - Clone this run into Food Giant retailer (same dates) as FINAL step before completing FQC,1151528,11981,https://fadmin.flippback.com/flyer_runs/1151528,Mad Butcher - Jul 1,06/25/2026,6/30/2026,7/1/2026,6/29/2026,07/07/2026,https://docs.google.com/document/d/19sS7g3I4gWUKCYmbUheDz978PhZxk4fo_REsTYrCSfY/edit?tab=t.0#heading=h.y2dgj7b691i31,"Clone during FQC (Per OneGuide, Create the Clone as the FINAL step before completing the FQC checklist)",10m
MarchesTAU,,1161089,11639,https://fadmin.flippback.com/flyer_runs/1161089,MarchesTAU - Jan 5 Monthly Flyer,12/28/2025,1/5/2026,1/5/2026,1/4/2026,02/01/2026,https://docs.google.com/document/d/1FwwWKHItEnhVx4Tgbp5x6D8NSa5RyQhfACukFQsLECA/edit?tab=t.0#heading=h.y2dgj7b691i1,,5m
MarchesTAU,,1161090,11639,https://fadmin.flippback.com/flyer_runs/1161090,MarchesTAU - Feb 2 Monthly Flyer,01/25/2026,2/2/2026,2/2/2026,2/1/2026,03/01/2026,https://docs.google.com/document/d/1FwwWKHItEnhVx4Tgbp5x6D8NSa5RyQhfACukFQsLECA/edit?tab=t.0#heading=h.y2dgj7b691i2,,5m
MarchesTAU,,1161091,11639,https://fadmin.flippback.com/flyer_runs/1161091,MarchesTAU - Mar 2 Monthly Flyer,02/22/2026,3/2/2026,3/2/2026,3/1/2026,03/29/2026,https://docs.google.com/document/d/1FwwWKHItEnhVx4Tgbp5x6D8NSa5RyQhfACukFQsLECA/edit?tab=t.0#heading=h.y2dgj7b691i3,,5m
MarchesTAU,,1161092,11639,https://fadmin.flippback.com/flyer_runs/1161092,MarchesTAU - Mar 30 Monthly Flyer,03/22/2026,3/30/2026,3/30/2026,3/29/2026,05/03/2026,https://docs.google.com/document/d/1FwwWKHItEnhVx4Tgbp5x6D8NSa5RyQhfACukFQsLECA/edit?tab=t.0#heading=h.y2dgj7b691i4,,5m
MarchesTAU,,1161093,11639,https://fadmin.flippback.com/flyer_runs/1161093,MarchesTAU - May 4 Monthly Flyer,04/26/2026,5/4/2026,5/4/2026,5/3/2026,06/14/2026,https://docs.google.com/document/d/1FwwWKHItEnhVx4Tgbp5x6D8NSa5RyQhfACukFQsLECA/edit?tab=t.0#heading=h.y2dgj7b691i5,,5m
MarchesTAU,,1161094,11639,https://fadmin.flippback.com/flyer_runs/1161094,MarchesTAU - Jun 15 Monthly Flyer,06/07/2026,6/15/2026,6/15/2026,6/14/2026,08/02/2026,https://docs.google.com/document/d/1FwwWKHItEnhVx4Tgbp5x6D8NSa5RyQhfACukFQsLECA/edit?tab=t.0#heading=h.y2dgj7b691i6,,5m
MarchesTAU,,1161099,11639,https://fadmin.flippback.com/flyer_runs/1161099,MarchesTAU - Jan 12 Mini Flyer,01/04/2026,1/12/2026,1/12/2026,1/11/2026,01/25/2026,https://docs.google.com/document/d/1FwwWKHItEnhVx4Tgbp5x6D8NSa5RyQhfACukFQsLECA/edit?tab=t.0#heading=h.y2dgj7b691i7,,5m
MarchesTAU,,1161100,11639,https://fadmin.flippback.com/flyer_runs/1161100,MarchesTAU - Feb 9 Mini Flyer,02/01/2026,2/9/2026,2/9/2026,2/8/2026,02/22/2026,https://docs.google.com/document/d/1FwwWKHItEnhVx4Tgbp5x6D8NSa5RyQhfACukFQsLECA/edit?tab=t.0#heading=h.y2dgj7b691i8,,5m
MarchesTAU,,1161101,11639,https://fadmin.flippback.com/flyer_runs/1161101,MarchesTAU - Mar 9 Mini Flyer,03/01/2026,3/9/2026,3/9/2026,3/8/2026,03/22/2026,https://docs.google.com/document/d/1FwwWKHItEnhVx4Tgbp5x6D8NSa5RyQhfACukFQsLECA/edit?tab=t.0#heading=h.y2dgj7b691i9,,5m
MarchesTAU,,1161102,11639,https://fadmin.flippback.com/flyer_runs/1161102,MarchesTAU - Apr 13 Mini Flyer,04/05/2026,4/13/2026,4/13/2026,4/12/2026,04/26/2026,https://docs.google.com/document/d/1FwwWKHItEnhVx4Tgbp5x6D8NSa5RyQhfACukFQsLECA/edit?tab=t.0#heading=h.y2dgj7b691i10,,5m
MarchesTAU,,1161103,11639,https://fadmin.flippback.com/flyer_runs/1161103,MarchesTAU - May 18 Mini Flyer,05/10/2026,5/18/2026,5/18/2026,5/17/2026,05/31/2026,https://docs.google.com/document/d/1FwwWKHItEnhVx4Tgbp5x6D8NSa5RyQhfACukFQsLECA/edit?tab=t.0#heading=h.y2dgj7b691i11,,5m
MarchesTAU,,1161104,11639,https://fadmin.flippback.com/flyer_runs/1161104,MarchesTAU - Jun 29 Mini Flyer,06/21/2026,6/29/2026,6/29/2026,6/28/2026,07/12/2026,https://docs.google.com/document/d/1FwwWKHItEnhVx4Tgbp5x6D8NSa5RyQhfACukFQsLECA/edit?tab=t.0#heading=h.y2dgj7b691i12,,5m
MarchesTAU,,1161109,12198,https://fadmin.flippback.com/flyer_runs/1161109,MarchesTAU - Dec 01 Produce Flyer,11/29/2025,12/2/2025,12/1/2025,12/1/2025,12/07/2025,https://docs.google.com/document/d/1FwwWKHItEnhVx4Tgbp5x6D8NSa5RyQhfACukFQsLECA/edit?tab=t.0#heading=h.y2dgj7b691i13,If uploading this run on a  Monday - please file an urgent processing ticket,20m
MarchesTAU,,1161110,12198,https://fadmin.flippback.com/flyer_runs/1161110,MarchesTAU - Dec 08 Produce Flyer,12/6/2025,12/9/2025,12/8/2025,12/8/2025,12/14/2025,https://docs.google.com/document/d/1FwwWKHItEnhVx4Tgbp5x6D8NSa5RyQhfACukFQsLECA/edit?tab=t.0#heading=h.y2dgj7b691i14,If uploading this run on a  Monday - please file an urgent processing ticket,20m
MarchesTAU,,1161111,12198,https://fadmin.flippback.com/flyer_runs/1161111,MarchesTAU - Dec 15 Produce Flyer,12/13/2025,12/16/2025,12/15/2025,12/15/2025,12/21/2025,https://docs.google.com/document/d/1FwwWKHItEnhVx4Tgbp5x6D8NSa5RyQhfACukFQsLECA/edit?tab=t.0#heading=h.y2dgj7b691i15,If uploading this run on a  Monday - please file an urgent processing ticket,20m
MarchesTAU,,1161112,12198,https://fadmin.flippback.com/flyer_runs/1161112,MarchesTAU - Dec 22 Produce Flyer,12/20/2025,12/23/2025,12/22/2025,12/22/2025,12/28/2025,https://docs.google.com/document/d/1FwwWKHItEnhVx4Tgbp5x6D8NSa5RyQhfACukFQsLECA/edit?tab=t.0#heading=h.y2dgj7b691i16,If uploading this run on a  Monday - please file an urgent processing ticket,20m
MarchesTAU,,1161113,12198,https://fadmin.flippback.com/flyer_runs/1161113,MarchesTAU - Dec 29 Produce Flyer,12/27/2025,12/30/2025,12/29/2025,12/29/2025,01/04/2026,https://docs.google.com/document/d/1FwwWKHItEnhVx4Tgbp5x6D8NSa5RyQhfACukFQsLECA/edit?tab=t.0#heading=h.y2dgj7b691i17,If uploading this run on a  Monday - please file an urgent processing ticket,20m
MarchesTAU,,1161114,12198,https://fadmin.flippback.com/flyer_runs/1161114,MarchesTAU - Jan 05 Produce Flyer,01/03/2026,1/6/2026,1/5/2026,1/5/2026,01/11/2026,https://docs.google.com/document/d/1FwwWKHItEnhVx4Tgbp5x6D8NSa5RyQhfACukFQsLECA/edit?tab=t.0#heading=h.y2dgj7b691i18,If uploading this run on a  Monday - please file an urgent processing ticket,20m
MarchesTAU,,1161115,12198,https://fadmin.flippback.com/flyer_runs/1161115,MarchesTAU - Jan 12 Produce Flyer,01/10/2026,1/13/2026,1/12/2026,1/12/2026,01/18/2026,https://docs.google.com/document/d/1FwwWKHItEnhVx4Tgbp5x6D8NSa5RyQhfACukFQsLECA/edit?tab=t.0#heading=h.y2dgj7b691i19,If uploading this run on a  Monday - please file an urgent processing ticket,20m
MarchesTAU,,1161116,12198,https://fadmin.flippback.com/flyer_runs/1161116,MarchesTAU - Jan 19 Produce Flyer,01/17/2026,1/20/2026,1/19/2026,1/19/2026,01/25/2026,https://docs.google.com/document/d/1FwwWKHItEnhVx4Tgbp5x6D8NSa5RyQhfACukFQsLECA/edit?tab=t.0#heading=h.y2dgj7b691i20,If uploading this run on a  Monday - please file an urgent processing ticket,20m
MarchesTAU,,1161117,12198,https://fadmin.flippback.com/flyer_runs/1161117,MarchesTAU - Jan 26 Produce Flyer,01/24/2026,1/27/2026,1/26/2026,1/26/2026,02/01/2026,https://docs.google.com/document/d/1FwwWKHItEnhVx4Tgbp5x6D8NSa5RyQhfACukFQsLECA/edit?tab=t.0#heading=h.y2dgj7b691i21,If uploading this run on a  Monday - please file an urgent processing ticket,20m
MarchesTAU,,1161118,12198,https://fadmin.flippback.com/flyer_runs/1161118,MarchesTAU - Feb 02 Produce Flyer,01/31/2026,2/3/2026,2/2/2026,2/2/2026,02/08/2026,https://docs.google.com/document/d/1FwwWKHItEnhVx4Tgbp5x6D8NSa5RyQhfACukFQsLECA/edit?tab=t.0#heading=h.y2dgj7b691i22,If uploading this run on a  Monday - please file an urgent processing ticket,20m
MarchesTAU,,1161119,12198,https://fadmin.flippback.com/flyer_runs/1161119,MarchesTAU - Feb 09 Produce Flyer,02/07/2026,2/10/2026,2/9/2026,2/9/2026,02/15/2026,https://docs.google.com/document/d/1FwwWKHItEnhVx4Tgbp5x6D8NSa5RyQhfACukFQsLECA/edit?tab=t.0#heading=h.y2dgj7b691i23,If uploading this run on a  Monday - please file an urgent processing ticket,20m
MarchesTAU,,1161120,12198,https://fadmin.flippback.com/flyer_runs/1161120,MarchesTAU - Feb 16 Produce Flyer,02/14/2026,2/17/2026,2/16/2026,2/16/2026,02/22/2026,https://docs.google.com/document/d/1FwwWKHItEnhVx4Tgbp5x6D8NSa5RyQhfACukFQsLECA/edit?tab=t.0#heading=h.y2dgj7b691i24,If uploading this run on a  Monday - please file an urgent processing ticket,20m
MarchesTAU,,1161121,12198,https://fadmin.flippback.com/flyer_runs/1161121,MarchesTAU - Feb 23 Produce Flyer,02/21/2026,2/24/2026,2/23/2026,2/23/2026,03/01/2026,https://docs.google.com/document/d/1FwwWKHItEnhVx4Tgbp5x6D8NSa5RyQhfACukFQsLECA/edit?tab=t.0#heading=h.y2dgj7b691i25,If uploading this run on a  Monday - please file an urgent processing ticket,20m
MarchesTAU,,1161122,12198,https://fadmin.flippback.com/flyer_runs/1161122,MarchesTAU - Mar 02 Produce Flyer,02/28/2026,3/3/2026,3/2/2026,3/2/2026,03/08/2026,https://docs.google.com/document/d/1FwwWKHItEnhVx4Tgbp5x6D8NSa5RyQhfACukFQsLECA/edit?tab=t.0#heading=h.y2dgj7b691i26,If uploading this run on a  Monday - please file an urgent processing ticket,20m
MarchesTAU,,1161123,12198,https://fadmin.flippback.com/flyer_runs/1161123,MarchesTAU - Mar 09 Produce Flyer,03/07/2026,3/10/2026,3/9/2026,3/9/2026,03/15/2026,https://docs.google.com/document/d/1FwwWKHItEnhVx4Tgbp5x6D8NSa5RyQhfACukFQsLECA/edit?tab=t.0#heading=h.y2dgj7b691i27,If uploading this run on a  Monday - please file an urgent processing ticket,20m
MarchesTAU,,1161124,12198,https://fadmin.flippback.com/flyer_runs/1161124,MarchesTAU - Mar 16 Produce Flyer,03/14/2026,3/17/2026,3/16/2026,3/16/2026,03/22/2026,https://docs.google.com/document/d/1FwwWKHItEnhVx4Tgbp5x6D8NSa5RyQhfACukFQsLECA/edit?tab=t.0#heading=h.y2dgj7b691i28,If uploading this run on a  Monday - please file an urgent processing ticket,20m
MarchesTAU,,1161125,12198,https://fadmin.flippback.com/flyer_runs/1161125,MarchesTAU - Mar 23 Produce Flyer,03/21/2026,3/24/2026,3/23/2026,3/23/2026,03/29/2026,https://docs.google.com/document/d/1FwwWKHItEnhVx4Tgbp5x6D8NSa5RyQhfACukFQsLECA/edit?tab=t.0#heading=h.y2dgj7b691i29,If uploading this run on a  Monday - please file an urgent processing ticket,20m
MarchesTAU,,1161126,12198,https://fadmin.flippback.com/flyer_runs/1161126,MarchesTAU - Mar 30 Produce Flyer,03/28/2026,3/31/2026,3/30/2026,3/30/2026,04/05/2026,https://docs.google.com/document/d/1FwwWKHItEnhVx4Tgbp5x6D8NSa5RyQhfACukFQsLECA/edit?tab=t.0#heading=h.y2dgj7b691i30,If uploading this run on a  Monday - please file an urgent processing ticket,20m
MarchesTAU,,1161127,12198,https://fadmin.flippback.com/flyer_runs/1161127,MarchesTAU - Apr 06 Produce Flyer,04/04/2026,4/7/2026,4/6/2026,4/6/2026,04/12/2026,https://docs.google.com/document/d/1FwwWKHItEnhVx4Tgbp5x6D8NSa5RyQhfACukFQsLECA/edit?tab=t.0#heading=h.y2dgj7b691i31,If uploading this run on a  Monday - please file an urgent processing ticket,20m
MarchesTAU,,1161128,12198,https://fadmin.flippback.com/flyer_runs/1161128,MarchesTAU - Apr 13 Produce Flyer,04/11/2026,4/14/2026,4/13/2026,4/13/2026,04/19/2026,https://docs.google.com/document/d/1FwwWKHItEnhVx4Tgbp5x6D8NSa5RyQhfACukFQsLECA/edit?tab=t.0#heading=h.y2dgj7b691i32,If uploading this run on a  Monday - please file an urgent processing ticket,20m
MarchesTAU,,1161129,12198,https://fadmin.flippback.com/flyer_runs/1161129,MarchesTAU - Apr 20 Produce Flyer,04/18/2026,4/21/2026,4/20/2026,4/20/2026,04/26/2026,https://docs.google.com/document/d/1FwwWKHItEnhVx4Tgbp5x6D8NSa5RyQhfACukFQsLECA/edit?tab=t.0#heading=h.y2dgj7b691i33,If uploading this run on a  Monday - please file an urgent processing ticket,20m
MarchesTAU,,1161130,12198,https://fadmin.flippback.com/flyer_runs/1161130,MarchesTAU - Apr 27 Produce Flyer,04/25/2026,4/28/2026,4/27/2026,4/27/2026,05/03/2026,https://docs.google.com/document/d/1FwwWKHItEnhVx4Tgbp5x6D8NSa5RyQhfACukFQsLECA/edit?tab=t.0#heading=h.y2dgj7b691i34,If uploading this run on a  Monday - please file an urgent processing ticket,20m
MarchesTAU,,1161131,12198,https://fadmin.flippback.com/flyer_runs/1161131,MarchesTAU - May 04 Produce Flyer,05/02/2026,5/5/2026,5/4/2026,5/4/2026,05/10/2026,https://docs.google.com/document/d/1FwwWKHItEnhVx4Tgbp5x6D8NSa5RyQhfACukFQsLECA/edit?tab=t.0#heading=h.y2dgj7b691i35,If uploading this run on a  Monday - please file an urgent processing ticket,20m
MarchesTAU,,1161132,12198,https://fadmin.flippback.com/flyer_runs/1161132,MarchesTAU - May 11 Produce Flyer,05/09/2026,5/12/2026,5/11/2026,5/11/2026,05/17/2026,https://docs.google.com/document/d/1FwwWKHItEnhVx4Tgbp5x6D8NSa5RyQhfACukFQsLECA/edit?tab=t.0#heading=h.y2dgj7b691i36,If uploading this run on a  Monday - please file an urgent processing ticket,20m
MarchesTAU,,1161133,12198,https://fadmin.flippback.com/flyer_runs/1161133,MarchesTAU - May 18 Produce Flyer,05/16/2026,5/19/2026,5/18/2026,5/18/2026,05/24/2026,https://docs.google.com/document/d/1FwwWKHItEnhVx4Tgbp5x6D8NSa5RyQhfACukFQsLECA/edit?tab=t.0#heading=h.y2dgj7b691i37,If uploading this run on a  Monday - please file an urgent processing ticket,20m
MarchesTAU,,1161134,12198,https://fadmin.flippback.com/flyer_runs/1161134,MarchesTAU - May 25 Produce Flyer,05/23/2026,5/26/2026,5/25/2026,5/25/2026,05/31/2026,https://docs.google.com/document/d/1FwwWKHItEnhVx4Tgbp5x6D8NSa5RyQhfACukFQsLECA/edit?tab=t.0#heading=h.y2dgj7b691i38,If uploading this run on a  Monday - please file an urgent processing ticket,20m
MarchesTAU,,1161135,12198,https://fadmin.flippback.com/flyer_runs/1161135,MarchesTAU - Jun 01 Produce Flyer,05/30/2026,6/2/2026,6/1/2026,6/1/2026,06/07/2026,https://docs.google.com/document/d/1FwwWKHItEnhVx4Tgbp5x6D8NSa5RyQhfACukFQsLECA/edit?tab=t.0#heading=h.y2dgj7b691i39,If uploading this run on a  Monday - please file an urgent processing ticket,20m
MarchesTAU,,1161136,12198,https://fadmin.flippback.com/flyer_runs/1161136,MarchesTAU - Jun 08 Produce Flyer,06/06/2026,6/9/2026,6/8/2026,6/8/2026,06/14/2026,https://docs.google.com/document/d/1FwwWKHItEnhVx4Tgbp5x6D8NSa5RyQhfACukFQsLECA/edit?tab=t.0#heading=h.y2dgj7b691i40,If uploading this run on a  Monday - please file an urgent processing ticket,20m
MarchesTAU,,1161137,12198,https://fadmin.flippback.com/flyer_runs/1161137,MarchesTAU - Jun 15 Produce Flyer,06/13/2026,6/16/2026,6/15/2026,6/15/2026,06/21/2026,https://docs.google.com/document/d/1FwwWKHItEnhVx4Tgbp5x6D8NSa5RyQhfACukFQsLECA/edit?tab=t.0#heading=h.y2dgj7b691i41,If uploading this run on a  Monday - please file an urgent processing ticket,20m
MarchesTAU,,1161138,12198,https://fadmin.flippback.com/flyer_runs/1161138,MarchesTAU - Jun 22 Produce Flyer,06/20/2026,6/23/2026,6/22/2026,6/22/2026,06/28/2026,https://docs.google.com/document/d/1FwwWKHItEnhVx4Tgbp5x6D8NSa5RyQhfACukFQsLECA/edit?tab=t.0#heading=h.y2dgj7b691i42,If uploading this run on a  Monday - please file an urgent processing ticket,20m
MarchesTAU,,1161139,12198,https://fadmin.flippback.com/flyer_runs/1161139,MarchesTAU - Jun 29 Produce Flyer,06/27/2026,6/30/2026,6/29/2026,6/29/2026,07/05/2026,https://docs.google.com/document/d/1FwwWKHItEnhVx4Tgbp5x6D8NSa5RyQhfACukFQsLECA/edit?tab=t.0#heading=h.y2dgj7b691i43,If uploading this run on a  Monday - please file an urgent processing ticket,20m
Nebraska Furniture Mart,,1165362,2939,https://fadmin.flippback.com/flyer_runs/1165362,Nebraska Furniture Mart - 2025 - 1129 Bedding Online,11/24/2025,11/29/2025,11/29/2025,11/28/2025,12/02/2025,https://docs.google.com/document/d/1EcO1fTUSazQS82hr6DzGft-GyV1k56Nq0HMGzCoPowE/edit,,30m
Nebraska Furniture Mart,,1165363,2939,https://fadmin.flippback.com/flyer_runs/1165363,Nebraska Furniture Mart - 2025 - 1129 Online,11/24/2025,11/29/2025,11/29/2025,11/28/2025,12/02/2025,https://docs.google.com/document/d/1EcO1fTUSazQS82hr6DzGft-GyV1k56Nq0HMGzCoPowE/edit,,30m
Nebraska Furniture Mart,,1165364,2939,https://fadmin.flippback.com/flyer_runs/1165364,Nebraska Furniture Mart - 2025 - 1130 Online,11/25/2025,11/30/2025,11/30/2025,11/29/2025,12/02/2025,https://docs.google.com/document/d/1EcO1fTUSazQS82hr6DzGft-GyV1k56Nq0HMGzCoPowE/edit,,30m
Nebraska Furniture Mart,,1165365,2939,https://fadmin.flippback.com/flyer_runs/1165365,Nebraska Furniture Mart - 2025 - 1130 12 Best Toy,11/25/2025,11/30/2025,11/30/2025,11/29/2025,12/24/2025,https://docs.google.com/document/d/1EcO1fTUSazQS82hr6DzGft-GyV1k56Nq0HMGzCoPowE/edit,,30m
Nebraska Furniture Mart,,1166528,12164,https://fadmin.flippback.com/flyer_runs/1166528,Nebraska Furniture Mart - CP_2025-1211 Online Preview 1,11/27/2025,12/2/2025,12/9/2025,12/1/2025,12/02/2025,https://docs.google.com/document/d/1EcO1fTUSazQS82hr6DzGft-GyV1k56Nq0HMGzCoPowE/edit,,30m
Nebraska Furniture Mart,,1167117,2939,https://fadmin.flippback.com/flyer_runs/1167117,Nebraska Furniture Mart - 2025 - 1203 Online,11/28/2025,12/3/2025,12/3/2025,12/2/2025,12/10/2025,https://docs.google.com/document/d/1EcO1fTUSazQS82hr6DzGft-GyV1k56Nq0HMGzCoPowE/edit,,30m
Nebraska Furniture Mart,,1167119,2939,https://fadmin.flippback.com/flyer_runs/1167119,Nebraska Furniture Mart - 2025 - 1203 DM Online,11/28/2025,12/3/2025,12/3/2025,12/2/2025,12/10/2025,https://docs.google.com/document/d/1EcO1fTUSazQS82hr6DzGft-GyV1k56Nq0HMGzCoPowE/edit,,30m
Nob Hill Foods,,1108147,9301,https://fadmin.flippback.com/flyer_runs/1108147,Nob Hill Foods - Week 34,11/21/2025,11/28/2025,11/28/2025,11/27/2025,12/02/2025,https://docs.google.com/document/d/1KXMWbNZC6pvwPvkGay4DbIGcZbxGdHr3iCciVW2E5_Q/edit#heading=h.y2dgj7b691i1,Nob Hill runs are cloned from Raley's at FQC time - this run won't show progress in FADMIN until the Raley's run is cloned.,10m
Nob Hill Foods,,1108148,9301,https://fadmin.flippback.com/flyer_runs/1108148,Nob Hill Foods - Week 35,11/26/2025,12/3/2025,12/3/2025,12/2/2025,12/09/2025,https://docs.google.com/document/d/1KXMWbNZC6pvwPvkGay4DbIGcZbxGdHr3iCciVW2E5_Q/edit#heading=h.y2dgj7b691i2,Nob Hill runs are cloned from Raley's at FQC time - this run won't show progress in FADMIN until the Raley's run is cloned.,10m
Nob Hill Foods,,1108149,9301,https://fadmin.flippback.com/flyer_runs/1108149,Nob Hill Foods - Week 36,12/3/2025,12/10/2025,12/10/2025,12/9/2025,12/16/2025,https://docs.google.com/document/d/1KXMWbNZC6pvwPvkGay4DbIGcZbxGdHr3iCciVW2E5_Q/edit#heading=h.y2dgj7b691i3,Nob Hill runs are cloned from Raley's at FQC time - this run won't show progress in FADMIN until the Raley's run is cloned.,10m
Nob Hill Foods,,1108150,9301,https://fadmin.flippback.com/flyer_runs/1108150,Nob Hill Foods - Week 37,12/10/2025,12/17/2025,12/17/2025,12/16/2025,12/23/2025,https://docs.google.com/document/d/1KXMWbNZC6pvwPvkGay4DbIGcZbxGdHr3iCciVW2E5_Q/edit#heading=h.y2dgj7b691i4,Nob Hill runs are cloned from Raley's at FQC time - this run won't show progress in FADMIN until the Raley's run is cloned.,10m
Nob Hill Foods,,1108151,9301,https://fadmin.flippback.com/flyer_runs/1108151,Nob Hill Foods - Week 38,12/17/2025,12/24/2025,12/24/2025,12/23/2025,12/30/2025,https://docs.google.com/document/d/1KXMWbNZC6pvwPvkGay4DbIGcZbxGdHr3iCciVW2E5_Q/edit#heading=h.y2dgj7b691i5,Nob Hill runs are cloned from Raley's at FQC time - this run won't show progress in FADMIN until the Raley's run is cloned.,10m
Nob Hill Foods,,1108152,9301,https://fadmin.flippback.com/flyer_runs/1108152,Nob Hill Foods - Week 40,12/24/2025,12/31/2025,12/31/2025,12/30/2025,01/06/2026,https://docs.google.com/document/d/1KXMWbNZC6pvwPvkGay4DbIGcZbxGdHr3iCciVW2E5_Q/edit#heading=h.y2dgj7b691i6,Nob Hill runs are cloned from Raley's at FQC time - this run won't show progress in FADMIN until the Raley's run is cloned.,10m
Nob Hill Foods,,1142567,9301,https://fadmin.flippback.com/flyer_runs/1142567,Nob Hill Foods - Week 1,12/31/2025,1/7/2026,1/7/2026,1/6/2026,01/13/2026,https://docs.google.com/document/d/1KXMWbNZC6pvwPvkGay4DbIGcZbxGdHr3iCciVW2E5_Q/edit#heading=h.y2dgj7b691i7,Nob Hill runs are cloned from Raley's at FQC time - this run won't show progress in FADMIN until the Raley's run is cloned.,10m
Nob Hill Foods,,1142568,9301,https://fadmin.flippback.com/flyer_runs/1142568,Nob Hill Foods - Week 2,01/07/2026,1/14/2026,1/14/2026,1/13/2026,01/20/2026,https://docs.google.com/document/d/1KXMWbNZC6pvwPvkGay4DbIGcZbxGdHr3iCciVW2E5_Q/edit#heading=h.y2dgj7b691i8,Nob Hill runs are cloned from Raley's at FQC time - this run won't show progress in FADMIN until the Raley's run is cloned.,10m
Nob Hill Foods,,1142569,9301,https://fadmin.flippback.com/flyer_runs/1142569,Nob Hill Foods - Week 3,01/14/2026,1/21/2026,1/21/2026,1/20/2026,01/27/2026,https://docs.google.com/document/d/1KXMWbNZC6pvwPvkGay4DbIGcZbxGdHr3iCciVW2E5_Q/edit#heading=h.y2dgj7b691i9,Nob Hill runs are cloned from Raley's at FQC time - this run won't show progress in FADMIN until the Raley's run is cloned.,10m
Nob Hill Foods,,1142570,9301,https://fadmin.flippback.com/flyer_runs/1142570,Nob Hill Foods - Week 4,01/21/2026,1/28/2026,1/28/2026,1/27/2026,02/03/2026,https://docs.google.com/document/d/1KXMWbNZC6pvwPvkGay4DbIGcZbxGdHr3iCciVW2E5_Q/edit#heading=h.y2dgj7b691i10,Nob Hill runs are cloned from Raley's at FQC time - this run won't show progress in FADMIN until the Raley's run is cloned.,10m
Nob Hill Foods,,1142571,9301,https://fadmin.flippback.com/flyer_runs/1142571,Nob Hill Foods - Week 5,01/28/2026,2/4/2026,2/4/2026,2/3/2026,02/10/2026,https://docs.google.com/document/d/1KXMWbNZC6pvwPvkGay4DbIGcZbxGdHr3iCciVW2E5_Q/edit#heading=h.y2dgj7b691i11,Nob Hill runs are cloned from Raley's at FQC time - this run won't show progress in FADMIN until the Raley's run is cloned.,10m
Nob Hill Foods,,1142572,9301,https://fadmin.flippback.com/flyer_runs/1142572,Nob Hill Foods - Week 6,02/04/2026,2/11/2026,2/11/2026,2/10/2026,02/17/2026,https://docs.google.com/document/d/1KXMWbNZC6pvwPvkGay4DbIGcZbxGdHr3iCciVW2E5_Q/edit#heading=h.y2dgj7b691i12,Nob Hill runs are cloned from Raley's at FQC time - this run won't show progress in FADMIN until the Raley's run is cloned.,10m
Nob Hill Foods,,1142573,9301,https://fadmin.flippback.com/flyer_runs/1142573,Nob Hill Foods - Week 7,02/11/2026,2/18/2026,2/18/2026,2/17/2026,02/24/2026,https://docs.google.com/document/d/1KXMWbNZC6pvwPvkGay4DbIGcZbxGdHr3iCciVW2E5_Q/edit#heading=h.y2dgj7b691i13,Nob Hill runs are cloned from Raley's at FQC time - this run won't show progress in FADMIN until the Raley's run is cloned.,10m
Nob Hill Foods,,1142574,9301,https://fadmin.flippback.com/flyer_runs/1142574,Nob Hill Foods - Week 8,02/18/2026,2/25/2026,2/25/2026,2/24/2026,03/03/2026,https://docs.google.com/document/d/1KXMWbNZC6pvwPvkGay4DbIGcZbxGdHr3iCciVW2E5_Q/edit#heading=h.y2dgj7b691i14,Nob Hill runs are cloned from Raley's at FQC time - this run won't show progress in FADMIN until the Raley's run is cloned.,10m
Nob Hill Foods,,1142575,9301,https://fadmin.flippback.com/flyer_runs/1142575,Nob Hill Foods - Week 9,02/25/2026,3/4/2026,3/4/2026,3/3/2026,03/10/2026,https://docs.google.com/document/d/1KXMWbNZC6pvwPvkGay4DbIGcZbxGdHr3iCciVW2E5_Q/edit#heading=h.y2dgj7b691i15,Nob Hill runs are cloned from Raley's at FQC time - this run won't show progress in FADMIN until the Raley's run is cloned.,10m
Nob Hill Foods,,1142576,9301,https://fadmin.flippback.com/flyer_runs/1142576,Nob Hill Foods - Week 10,03/04/2026,3/11/2026,3/11/2026,3/10/2026,03/17/2026,https://docs.google.com/document/d/1KXMWbNZC6pvwPvkGay4DbIGcZbxGdHr3iCciVW2E5_Q/edit#heading=h.y2dgj7b691i16,Nob Hill runs are cloned from Raley's at FQC time - this run won't show progress in FADMIN until the Raley's run is cloned.,10m
Nob Hill Foods,,1142577,9301,https://fadmin.flippback.com/flyer_runs/1142577,Nob Hill Foods - Week 11,03/11/2026,3/18/2026,3/18/2026,3/17/2026,03/24/2026,https://docs.google.com/document/d/1KXMWbNZC6pvwPvkGay4DbIGcZbxGdHr3iCciVW2E5_Q/edit#heading=h.y2dgj7b691i17,Nob Hill runs are cloned from Raley's at FQC time - this run won't show progress in FADMIN until the Raley's run is cloned.,10m
Nob Hill Foods,,1142578,9301,https://fadmin.flippback.com/flyer_runs/1142578,Nob Hill Foods - Week 12,03/18/2026,3/25/2026,3/25/2026,3/24/2026,03/31/2026,https://docs.google.com/document/d/1KXMWbNZC6pvwPvkGay4DbIGcZbxGdHr3iCciVW2E5_Q/edit#heading=h.y2dgj7b691i18,Nob Hill runs are cloned from Raley's at FQC time - this run won't show progress in FADMIN until the Raley's run is cloned.,10m
Nob Hill Foods,,1142579,9301,https://fadmin.flippback.com/flyer_runs/1142579,Nob Hill Foods - Week 13,03/25/2026,4/1/2026,4/1/2026,3/31/2026,04/07/2026,https://docs.google.com/document/d/1KXMWbNZC6pvwPvkGay4DbIGcZbxGdHr3iCciVW2E5_Q/edit#heading=h.y2dgj7b691i19,Nob Hill runs are cloned from Raley's at FQC time - this run won't show progress in FADMIN until the Raley's run is cloned.,10m
Nob Hill Foods,,1142580,9301,https://fadmin.flippback.com/flyer_runs/1142580,Nob Hill Foods - Week 14,04/01/2026,4/8/2026,4/8/2026,4/7/2026,04/14/2026,https://docs.google.com/document/d/1KXMWbNZC6pvwPvkGay4DbIGcZbxGdHr3iCciVW2E5_Q/edit#heading=h.y2dgj7b691i20,Nob Hill runs are cloned from Raley's at FQC time - this run won't show progress in FADMIN until the Raley's run is cloned.,10m
Nob Hill Foods,,1142581,9301,https://fadmin.flippback.com/flyer_runs/1142581,Nob Hill Foods - Week 15,04/08/2026,4/15/2026,4/15/2026,4/14/2026,04/21/2026,https://docs.google.com/document/d/1KXMWbNZC6pvwPvkGay4DbIGcZbxGdHr3iCciVW2E5_Q/edit#heading=h.y2dgj7b691i21,Nob Hill runs are cloned from Raley's at FQC time - this run won't show progress in FADMIN until the Raley's run is cloned.,10m
Nob Hill Foods,,1142582,9301,https://fadmin.flippback.com/flyer_runs/1142582,Nob Hill Foods - Week 16,04/15/2026,4/22/2026,4/22/2026,4/21/2026,04/28/2026,https://docs.google.com/document/d/1KXMWbNZC6pvwPvkGay4DbIGcZbxGdHr3iCciVW2E5_Q/edit#heading=h.y2dgj7b691i22,Nob Hill runs are cloned from Raley's at FQC time - this run won't show progress in FADMIN until the Raley's run is cloned.,10m
Nob Hill Foods,,1142583,9301,https://fadmin.flippback.com/flyer_runs/1142583,Nob Hill Foods - Week 17,04/22/2026,4/29/2026,4/29/2026,4/28/2026,05/05/2026,https://docs.google.com/document/d/1KXMWbNZC6pvwPvkGay4DbIGcZbxGdHr3iCciVW2E5_Q/edit#heading=h.y2dgj7b691i23,Nob Hill runs are cloned from Raley's at FQC time - this run won't show progress in FADMIN until the Raley's run is cloned.,10m
Nob Hill Foods,,1142584,9301,https://fadmin.flippback.com/flyer_runs/1142584,Nob Hill Foods - Week 18,04/29/2026,5/6/2026,5/6/2026,5/5/2026,05/12/2026,https://docs.google.com/document/d/1KXMWbNZC6pvwPvkGay4DbIGcZbxGdHr3iCciVW2E5_Q/edit#heading=h.y2dgj7b691i24,Nob Hill runs are cloned from Raley's at FQC time - this run won't show progress in FADMIN until the Raley's run is cloned.,10m
Nob Hill Foods,,1142585,9301,https://fadmin.flippback.com/flyer_runs/1142585,Nob Hill Foods - Week 19,05/06/2026,5/13/2026,5/13/2026,5/12/2026,05/19/2026,https://docs.google.com/document/d/1KXMWbNZC6pvwPvkGay4DbIGcZbxGdHr3iCciVW2E5_Q/edit#heading=h.y2dgj7b691i25,Nob Hill runs are cloned from Raley's at FQC time - this run won't show progress in FADMIN until the Raley's run is cloned.,10m
Nob Hill Foods,,1142586,9301,https://fadmin.flippback.com/flyer_runs/1142586,Nob Hill Foods - Week 20,05/13/2026,5/20/2026,5/20/2026,5/19/2026,05/26/2026,https://docs.google.com/document/d/1KXMWbNZC6pvwPvkGay4DbIGcZbxGdHr3iCciVW2E5_Q/edit#heading=h.y2dgj7b691i26,Nob Hill runs are cloned from Raley's at FQC time - this run won't show progress in FADMIN until the Raley's run is cloned.,10m
Nob Hill Foods,,1142587,9301,https://fadmin.flippback.com/flyer_runs/1142587,Nob Hill Foods - Week 21,05/20/2026,5/27/2026,5/27/2026,5/26/2026,06/02/2026,https://docs.google.com/document/d/1KXMWbNZC6pvwPvkGay4DbIGcZbxGdHr3iCciVW2E5_Q/edit#heading=h.y2dgj7b691i27,Nob Hill runs are cloned from Raley's at FQC time - this run won't show progress in FADMIN until the Raley's run is cloned.,10m
Nob Hill Foods,,1142588,9301,https://fadmin.flippback.com/flyer_runs/1142588,Nob Hill Foods - Week 22,05/27/2026,6/3/2026,6/3/2026,6/2/2026,06/09/2026,https://docs.google.com/document/d/1KXMWbNZC6pvwPvkGay4DbIGcZbxGdHr3iCciVW2E5_Q/edit#heading=h.y2dgj7b691i28,Nob Hill runs are cloned from Raley's at FQC time - this run won't show progress in FADMIN until the Raley's run is cloned.,10m
Nob Hill Foods,,1142589,9301,https://fadmin.flippback.com/flyer_runs/1142589,Nob Hill Foods - Week 23,06/03/2026,6/10/2026,6/10/2026,6/9/2026,06/16/2026,https://docs.google.com/document/d/1KXMWbNZC6pvwPvkGay4DbIGcZbxGdHr3iCciVW2E5_Q/edit#heading=h.y2dgj7b691i29,Nob Hill runs are cloned from Raley's at FQC time - this run won't show progress in FADMIN until the Raley's run is cloned.,10m
Nob Hill Foods,,1142590,9301,https://fadmin.flippback.com/flyer_runs/1142590,Nob Hill Foods - Week 24,06/10/2026,6/17/2026,6/17/2026,6/16/2026,06/23/2026,https://docs.google.com/document/d/1KXMWbNZC6pvwPvkGay4DbIGcZbxGdHr3iCciVW2E5_Q/edit#heading=h.y2dgj7b691i30,Nob Hill runs are cloned from Raley's at FQC time - this run won't show progress in FADMIN until the Raley's run is cloned.,10m
Nob Hill Foods,,1142600,9301,https://fadmin.flippback.com/flyer_runs/1142600,Nob Hill Foods - [NGL] Week 34,11/21/2025,11/28/2025,11/28/2025,11/27/2025,12/02/2025,https://docs.google.com/document/d/1KXMWbNZC6pvwPvkGay4DbIGcZbxGdHr3iCciVW2E5_Q/edit#heading=h.y2dgj7b691i31,Nob Hill runs are cloned from Raley's at FQC time - this run won't show progress in FADMIN until the Raley's run is cloned.,10m
NSLC,,1145783,9896,https://fadmin.flippback.com/flyer_runs/1145783,NSLC - Flyer Version P7 Holiday Savings - Dec 5-19,11/30/2025,12/5/2025,12/5/2025,12/4/2025,12/19/2025,https://docs.google.com/document/d/1-kA0T4StG79tyCKH76AR8CzVs3pD_P7WfDjRyk_Az5A/edit#heading=h.y2dgj7b691i1,,45m
NSLC,,1145784,9896,https://fadmin.flippback.com/flyer_runs/1145784,NSLC - Flyer Version P7 New Year Savings - Dec 26 - Jan 4,12/21/2025,12/26/2025,12/26/2025,12/25/2025,01/04/2026,https://docs.google.com/document/d/1-kA0T4StG79tyCKH76AR8CzVs3pD_P7WfDjRyk_Az5A/edit#heading=h.y2dgj7b691i2,,45m
NSLC,,1145785,9896,https://fadmin.flippback.com/flyer_runs/1145785,NSLC - Flyer Version P8 Winter Savings - Jan 7-21,01/02/2026,1/7/2026,1/7/2026,1/6/2026,01/21/2026,https://docs.google.com/document/d/1-kA0T4StG79tyCKH76AR8CzVs3pD_P7WfDjRyk_Az5A/edit#heading=h.y2dgj7b691i3,,45m
NSLC,,1145786,9896,https://fadmin.flippback.com/flyer_runs/1145786,NSLC - Flyer Version P8 Winter Savings - Jan 23 - Feb 13,01/18/2026,1/23/2026,1/23/2026,1/22/2026,02/13/2026,https://docs.google.com/document/d/1-kA0T4StG79tyCKH76AR8CzVs3pD_P7WfDjRyk_Az5A/edit#heading=h.y2dgj7b691i4,,45m
NSLC,,1145787,9896,https://fadmin.flippback.com/flyer_runs/1145787,NSLC - Flyer Version P9 Winter Savings - Feb 25 - Mar 11,02/20/2026,2/25/2026,2/25/2026,2/24/2026,03/11/2026,https://docs.google.com/document/d/1-kA0T4StG79tyCKH76AR8CzVs3pD_P7WfDjRyk_Az5A/edit#heading=h.y2dgj7b691i5,,45m
NSLC,,1145788,9896,https://fadmin.flippback.com/flyer_runs/1145788,NSLC - Flyer Version P9 Winter Savings - Mar 13-27,03/08/2026,3/13/2026,3/13/2026,3/12/2026,03/27/2026,https://docs.google.com/document/d/1-kA0T4StG79tyCKH76AR8CzVs3pD_P7WfDjRyk_Az5A/edit#heading=h.y2dgj7b691i6,,45m
Pic N Sav,,1146963,12128,https://fadmin.flippback.com/flyer_runs/1146963,Pic N Sav - Dec 3,11/27/2025,12/2/2025,12/3/2025,12/1/2025,12/09/2025,https://docs.google.com/document/d/19sS7g3I4gWUKCYmbUheDz978PhZxk4fo_REsTYrCSfY/edit?tab=t.0#heading=h.y2dgj7b691i1,,45m
Pic N Sav,,1146964,12128,https://fadmin.flippback.com/flyer_runs/1146964,Pic N Sav - Dec 10,12/4/2025,12/9/2025,12/10/2025,12/8/2025,12/16/2025,https://docs.google.com/document/d/19sS7g3I4gWUKCYmbUheDz978PhZxk4fo_REsTYrCSfY/edit?tab=t.0#heading=h.y2dgj7b691i2,,45m
Pic N Sav,,1146965,12128,https://fadmin.flippback.com/flyer_runs/1146965,Pic N Sav - Dec 17,12/11/2025,12/16/2025,12/17/2025,12/15/2025,12/23/2025,https://docs.google.com/document/d/19sS7g3I4gWUKCYmbUheDz978PhZxk4fo_REsTYrCSfY/edit?tab=t.0#heading=h.y2dgj7b691i3,,45m
Pic N Sav,,1146966,12128,https://fadmin.flippback.com/flyer_runs/1146966,Pic N Sav - Dec 24,12/18/2025,12/23/2025,12/24/2025,12/22/2025,12/30/2025,https://docs.google.com/document/d/19sS7g3I4gWUKCYmbUheDz978PhZxk4fo_REsTYrCSfY/edit?tab=t.0#heading=h.y2dgj7b691i4,,45m
Pic N Sav,,1146967,12128,https://fadmin.flippback.com/flyer_runs/1146967,Pic N Sav - Dec 31,12/25/2025,12/30/2025,12/31/2025,12/29/2025,01/06/2026,https://docs.google.com/document/d/19sS7g3I4gWUKCYmbUheDz978PhZxk4fo_REsTYrCSfY/edit?tab=t.0#heading=h.y2dgj7b691i5,,45m
Pic N Sav,,1151306,12128,https://fadmin.flippback.com/flyer_runs/1151306,Pic N Sav - Jan 7,01/01/2026,1/6/2026,1/7/2026,1/5/2026,01/13/2026,https://docs.google.com/document/d/19sS7g3I4gWUKCYmbUheDz978PhZxk4fo_REsTYrCSfY/edit?tab=t.0#heading=h.y2dgj7b691i6,,45m
Pic N Sav,,1151307,12128,https://fadmin.flippback.com/flyer_runs/1151307,Pic N Sav - Jan 14,01/08/2026,1/13/2026,1/14/2026,1/12/2026,01/20/2026,https://docs.google.com/document/d/19sS7g3I4gWUKCYmbUheDz978PhZxk4fo_REsTYrCSfY/edit?tab=t.0#heading=h.y2dgj7b691i7,,45m
Pic N Sav,,1151308,12128,https://fadmin.flippback.com/flyer_runs/1151308,Pic N Sav - Jan 21,01/15/2026,1/20/2026,1/21/2026,1/19/2026,01/27/2026,https://docs.google.com/document/d/19sS7g3I4gWUKCYmbUheDz978PhZxk4fo_REsTYrCSfY/edit?tab=t.0#heading=h.y2dgj7b691i8,,45m
Pic N Sav,,1151309,12128,https://fadmin.flippback.com/flyer_runs/1151309,Pic N Sav - Jan 28,01/22/2026,1/27/2026,1/28/2026,1/26/2026,02/03/2026,https://docs.google.com/document/d/19sS7g3I4gWUKCYmbUheDz978PhZxk4fo_REsTYrCSfY/edit?tab=t.0#heading=h.y2dgj7b691i9,,45m
Pic N Sav,,1151310,12128,https://fadmin.flippback.com/flyer_runs/1151310,Pic N Sav - Feb 4,01/29/2026,2/3/2026,2/4/2026,2/2/2026,02/10/2026,https://docs.google.com/document/d/19sS7g3I4gWUKCYmbUheDz978PhZxk4fo_REsTYrCSfY/edit?tab=t.0#heading=h.y2dgj7b691i10,,45m
Pic N Sav,,1151311,12128,https://fadmin.flippback.com/flyer_runs/1151311,Pic N Sav - Feb 11,02/05/2026,2/10/2026,2/11/2026,2/9/2026,02/17/2026,https://docs.google.com/document/d/19sS7g3I4gWUKCYmbUheDz978PhZxk4fo_REsTYrCSfY/edit?tab=t.0#heading=h.y2dgj7b691i11,,45m
Pic N Sav,,1151312,12128,https://fadmin.flippback.com/flyer_runs/1151312,Pic N Sav - Feb 18,02/12/2026,2/17/2026,2/18/2026,2/16/2026,02/24/2026,https://docs.google.com/document/d/19sS7g3I4gWUKCYmbUheDz978PhZxk4fo_REsTYrCSfY/edit?tab=t.0#heading=h.y2dgj7b691i12,,45m
Pic N Sav,,1151313,12128,https://fadmin.flippback.com/flyer_runs/1151313,Pic N Sav - Feb 25,02/19/2026,2/24/2026,2/25/2026,2/23/2026,03/03/2026,https://docs.google.com/document/d/19sS7g3I4gWUKCYmbUheDz978PhZxk4fo_REsTYrCSfY/edit?tab=t.0#heading=h.y2dgj7b691i13,,45m
Pic N Sav,,1151314,12128,https://fadmin.flippback.com/flyer_runs/1151314,Pic N Sav - Mar 4,02/26/2026,3/3/2026,3/4/2026,3/2/2026,03/10/2026,https://docs.google.com/document/d/19sS7g3I4gWUKCYmbUheDz978PhZxk4fo_REsTYrCSfY/edit?tab=t.0#heading=h.y2dgj7b691i14,,45m
Pic N Sav,,1151315,12128,https://fadmin.flippback.com/flyer_runs/1151315,Pic N Sav - Mar 11,03/05/2026,3/10/2026,3/11/2026,3/9/2026,03/17/2026,https://docs.google.com/document/d/19sS7g3I4gWUKCYmbUheDz978PhZxk4fo_REsTYrCSfY/edit?tab=t.0#heading=h.y2dgj7b691i15,,45m
Pic N Sav,,1151316,12128,https://fadmin.flippback.com/flyer_runs/1151316,Pic N Sav - Mar 18,03/12/2026,3/17/2026,3/18/2026,3/16/2026,03/24/2026,https://docs.google.com/document/d/19sS7g3I4gWUKCYmbUheDz978PhZxk4fo_REsTYrCSfY/edit?tab=t.0#heading=h.y2dgj7b691i16,,45m
Pic N Sav,,1151317,12128,https://fadmin.flippback.com/flyer_runs/1151317,Pic N Sav - Mar 25,03/19/2026,3/24/2026,3/25/2026,3/23/2026,03/31/2026,https://docs.google.com/document/d/19sS7g3I4gWUKCYmbUheDz978PhZxk4fo_REsTYrCSfY/edit?tab=t.0#heading=h.y2dgj7b691i17,,45m
Pic N Sav,,1151318,12128,https://fadmin.flippback.com/flyer_runs/1151318,Pic N Sav - Apr 1,03/26/2026,3/31/2026,4/1/2026,3/30/2026,04/07/2026,https://docs.google.com/document/d/19sS7g3I4gWUKCYmbUheDz978PhZxk4fo_REsTYrCSfY/edit?tab=t.0#heading=h.y2dgj7b691i18,,45m
Pic N Sav,,1151319,12128,https://fadmin.flippback.com/flyer_runs/1151319,Pic N Sav - Apr 8,04/02/2026,4/7/2026,4/8/2026,4/6/2026,04/14/2026,https://docs.google.com/document/d/19sS7g3I4gWUKCYmbUheDz978PhZxk4fo_REsTYrCSfY/edit?tab=t.0#heading=h.y2dgj7b691i19,,45m
Pic N Sav,,1151320,12128,https://fadmin.flippback.com/flyer_runs/1151320,Pic N Sav - Apr 15,04/09/2026,4/14/2026,4/15/2026,4/13/2026,04/21/2026,https://docs.google.com/document/d/19sS7g3I4gWUKCYmbUheDz978PhZxk4fo_REsTYrCSfY/edit?tab=t.0#heading=h.y2dgj7b691i20,,45m
Pic N Sav,,1151321,12128,https://fadmin.flippback.com/flyer_runs/1151321,Pic N Sav - Apr 22,04/16/2026,4/21/2026,4/22/2026,4/20/2026,04/28/2026,https://docs.google.com/document/d/19sS7g3I4gWUKCYmbUheDz978PhZxk4fo_REsTYrCSfY/edit?tab=t.0#heading=h.y2dgj7b691i21,,45m
Pic N Sav,,1151322,12128,https://fadmin.flippback.com/flyer_runs/1151322,Pic N Sav - Apr 29,04/23/2026,4/28/2026,4/29/2026,4/27/2026,05/05/2026,https://docs.google.com/document/d/19sS7g3I4gWUKCYmbUheDz978PhZxk4fo_REsTYrCSfY/edit?tab=t.0#heading=h.y2dgj7b691i22,,45m
Pic N Sav,,1151323,12128,https://fadmin.flippback.com/flyer_runs/1151323,Pic N Sav - May 6,04/30/2026,5/5/2026,5/6/2026,5/4/2026,05/12/2026,https://docs.google.com/document/d/19sS7g3I4gWUKCYmbUheDz978PhZxk4fo_REsTYrCSfY/edit?tab=t.0#heading=h.y2dgj7b691i23,,45m
Pic N Sav,,1151324,12128,https://fadmin.flippback.com/flyer_runs/1151324,Pic N Sav - May 13,05/07/2026,5/12/2026,5/13/2026,5/11/2026,05/19/2026,https://docs.google.com/document/d/19sS7g3I4gWUKCYmbUheDz978PhZxk4fo_REsTYrCSfY/edit?tab=t.0#heading=h.y2dgj7b691i24,,45m
Pic N Sav,,1151325,12128,https://fadmin.flippback.com/flyer_runs/1151325,Pic N Sav - May 20,05/14/2026,5/19/2026,5/20/2026,5/18/2026,05/26/2026,https://docs.google.com/document/d/19sS7g3I4gWUKCYmbUheDz978PhZxk4fo_REsTYrCSfY/edit?tab=t.0#heading=h.y2dgj7b691i25,,45m
Pic N Sav,,1151326,12128,https://fadmin.flippback.com/flyer_runs/1151326,Pic N Sav - May 27,05/21/2026,5/26/2026,5/27/2026,5/25/2026,06/02/2026,https://docs.google.com/document/d/19sS7g3I4gWUKCYmbUheDz978PhZxk4fo_REsTYrCSfY/edit?tab=t.0#heading=h.y2dgj7b691i26,,45m
Pic N Sav,,1151327,12128,https://fadmin.flippback.com/flyer_runs/1151327,Pic N Sav - Jun 3,05/28/2026,6/2/2026,6/3/2026,6/1/2026,06/09/2026,https://docs.google.com/document/d/19sS7g3I4gWUKCYmbUheDz978PhZxk4fo_REsTYrCSfY/edit?tab=t.0#heading=h.y2dgj7b691i27,,45m
Pic N Sav,,1151328,12128,https://fadmin.flippback.com/flyer_runs/1151328,Pic N Sav - Jun 10,06/04/2026,6/9/2026,6/10/2026,6/8/2026,06/16/2026,https://docs.google.com/document/d/19sS7g3I4gWUKCYmbUheDz978PhZxk4fo_REsTYrCSfY/edit?tab=t.0#heading=h.y2dgj7b691i28,,45m
Pic N Sav,,1151329,12128,https://fadmin.flippback.com/flyer_runs/1151329,Pic N Sav - Jun 17,06/11/2026,6/16/2026,6/17/2026,6/15/2026,06/23/2026,https://docs.google.com/document/d/19sS7g3I4gWUKCYmbUheDz978PhZxk4fo_REsTYrCSfY/edit?tab=t.0#heading=h.y2dgj7b691i29,,45m
Pic N Sav,,1151330,12128,https://fadmin.flippback.com/flyer_runs/1151330,Pic N Sav - Jun 24,06/18/2026,6/23/2026,6/24/2026,6/22/2026,06/30/2026,https://docs.google.com/document/d/19sS7g3I4gWUKCYmbUheDz978PhZxk4fo_REsTYrCSfY/edit?tab=t.0#heading=h.y2dgj7b691i30,,45m
Pic N Sav,,1151331,12128,https://fadmin.flippback.com/flyer_runs/1151331,Pic N Sav - Jul 1,06/25/2026,6/30/2026,7/1/2026,6/29/2026,07/07/2026,https://docs.google.com/document/d/19sS7g3I4gWUKCYmbUheDz978PhZxk4fo_REsTYrCSfY/edit?tab=t.0#heading=h.y2dgj7b691i31,,45m
Piggly Wiggly - FG,FTE - Clone this run into Food Giant retailer (same dates) as FINAL step before completing FQC,1094390,11954,https://fadmin.flippback.com/flyer_runs/1094390,Piggly Wiggly - FG - Dec 3,11/27/2025,12/2/2025,12/3/2025,12/1/2025,12/09/2025,https://docs.google.com/document/d/19sS7g3I4gWUKCYmbUheDz978PhZxk4fo_REsTYrCSfY/edit?tab=t.0#heading=h.y2dgj7b691i1,"Clone during FQC (Per OneGuide, Create the Clone as the FINAL step before completing the FQC checklist)",10m
Piggly Wiggly - FG,FTE - Clone this run into Food Giant retailer (same dates) as FINAL step before completing FQC,1094391,11954,https://fadmin.flippback.com/flyer_runs/1094391,Piggly Wiggly - FG - Dec 10,12/4/2025,12/9/2025,12/10/2025,12/8/2025,12/16/2025,https://docs.google.com/document/d/19sS7g3I4gWUKCYmbUheDz978PhZxk4fo_REsTYrCSfY/edit?tab=t.0#heading=h.y2dgj7b691i2,"Clone during FQC (Per OneGuide, Create the Clone as the FINAL step before completing the FQC checklist)",10m
Piggly Wiggly - FG,FTE - Clone this run into Food Giant retailer (same dates) as FINAL step before completing FQC,1094392,11954,https://fadmin.flippback.com/flyer_runs/1094392,Piggly Wiggly - FG - Dec 17,12/11/2025,12/16/2025,12/17/2025,12/15/2025,12/23/2025,https://docs.google.com/document/d/19sS7g3I4gWUKCYmbUheDz978PhZxk4fo_REsTYrCSfY/edit?tab=t.0#heading=h.y2dgj7b691i3,"Clone during FQC (Per OneGuide, Create the Clone as the FINAL step before completing the FQC checklist)",10m
Piggly Wiggly - FG,FTE - Clone this run into Food Giant retailer (same dates) as FINAL step before completing FQC,1094393,11954,https://fadmin.flippback.com/flyer_runs/1094393,Piggly Wiggly - FG - Dec 24,12/18/2025,12/23/2025,12/24/2025,12/22/2025,12/30/2025,https://docs.google.com/document/d/19sS7g3I4gWUKCYmbUheDz978PhZxk4fo_REsTYrCSfY/edit?tab=t.0#heading=h.y2dgj7b691i4,"Clone during FQC (Per OneGuide, Create the Clone as the FINAL step before completing the FQC checklist)",10m
Piggly Wiggly - FG,FTE - Clone this run into Food Giant retailer (same dates) as FINAL step before completing FQC,1094394,11954,https://fadmin.flippback.com/flyer_runs/1094394,Piggly Wiggly - FG - Dec 31,12/25/2025,12/30/2025,12/31/2025,12/29/2025,01/06/2026,https://docs.google.com/document/d/19sS7g3I4gWUKCYmbUheDz978PhZxk4fo_REsTYrCSfY/edit?tab=t.0#heading=h.y2dgj7b691i5,"Clone during FQC (Per OneGuide, Create the Clone as the FINAL step before completing the FQC checklist)",10m
Piggly Wiggly - FG,FTE - Clone this run into Food Giant retailer (same dates) as FINAL step before completing FQC,1094395,11954,https://fadmin.flippback.com/flyer_runs/1094395,Piggly Wiggly - FG - Jan 7,01/01/2026,1/6/2026,1/7/2026,1/5/2026,01/13/2026,https://docs.google.com/document/d/19sS7g3I4gWUKCYmbUheDz978PhZxk4fo_REsTYrCSfY/edit?tab=t.0#heading=h.y2dgj7b691i6,"Clone during FQC (Per OneGuide, Create the Clone as the FINAL step before completing the FQC checklist)",10m
Piggly Wiggly - FG,FTE - Clone this run into Food Giant retailer (same dates) as FINAL step before completing FQC,1094396,11954,https://fadmin.flippback.com/flyer_runs/1094396,Piggly Wiggly - FG - Jan 14,01/08/2026,1/13/2026,1/14/2026,1/12/2026,01/20/2026,https://docs.google.com/document/d/19sS7g3I4gWUKCYmbUheDz978PhZxk4fo_REsTYrCSfY/edit?tab=t.0#heading=h.y2dgj7b691i7,"Clone during FQC (Per OneGuide, Create the Clone as the FINAL step before completing the FQC checklist)",10m
Piggly Wiggly - FG,FTE - Clone this run into Food Giant retailer (same dates) as FINAL step before completing FQC,1151409,11954,https://fadmin.flippback.com/flyer_runs/1151409,Piggly Wiggly - FG - Jan 21,01/15/2026,1/20/2026,1/21/2026,1/19/2026,01/27/2026,https://docs.google.com/document/d/19sS7g3I4gWUKCYmbUheDz978PhZxk4fo_REsTYrCSfY/edit?tab=t.0#heading=h.y2dgj7b691i8,"Clone during FQC (Per OneGuide, Create the Clone as the FINAL step before completing the FQC checklist)",10m
Piggly Wiggly - FG,FTE - Clone this run into Food Giant retailer (same dates) as FINAL step before completing FQC,1151410,11954,https://fadmin.flippback.com/flyer_runs/1151410,Piggly Wiggly - FG - Jan 28,01/22/2026,1/27/2026,1/28/2026,1/26/2026,02/03/2026,https://docs.google.com/document/d/19sS7g3I4gWUKCYmbUheDz978PhZxk4fo_REsTYrCSfY/edit?tab=t.0#heading=h.y2dgj7b691i9,"Clone during FQC (Per OneGuide, Create the Clone as the FINAL step before completing the FQC checklist)",10m
Piggly Wiggly - FG,FTE - Clone this run into Food Giant retailer (same dates) as FINAL step before completing FQC,1151411,11954,https://fadmin.flippback.com/flyer_runs/1151411,Piggly Wiggly - FG - Feb 4,01/29/2026,2/3/2026,2/4/2026,2/2/2026,02/10/2026,https://docs.google.com/document/d/19sS7g3I4gWUKCYmbUheDz978PhZxk4fo_REsTYrCSfY/edit?tab=t.0#heading=h.y2dgj7b691i10,"Clone during FQC (Per OneGuide, Create the Clone as the FINAL step before completing the FQC checklist)",10m
Piggly Wiggly - FG,FTE - Clone this run into Food Giant retailer (same dates) as FINAL step before completing FQC,1151412,11954,https://fadmin.flippback.com/flyer_runs/1151412,Piggly Wiggly - FG - Feb 11,02/05/2026,2/10/2026,2/11/2026,2/9/2026,02/17/2026,https://docs.google.com/document/d/19sS7g3I4gWUKCYmbUheDz978PhZxk4fo_REsTYrCSfY/edit?tab=t.0#heading=h.y2dgj7b691i11,"Clone during FQC (Per OneGuide, Create the Clone as the FINAL step before completing the FQC checklist)",10m
Piggly Wiggly - FG,FTE - Clone this run into Food Giant retailer (same dates) as FINAL step before completing FQC,1151413,11954,https://fadmin.flippback.com/flyer_runs/1151413,Piggly Wiggly - FG - Feb 18,02/12/2026,2/17/2026,2/18/2026,2/16/2026,02/24/2026,https://docs.google.com/document/d/19sS7g3I4gWUKCYmbUheDz978PhZxk4fo_REsTYrCSfY/edit?tab=t.0#heading=h.y2dgj7b691i12,"Clone during FQC (Per OneGuide, Create the Clone as the FINAL step before completing the FQC checklist)",10m
Piggly Wiggly - FG,FTE - Clone this run into Food Giant retailer (same dates) as FINAL step before completing FQC,1151414,11954,https://fadmin.flippback.com/flyer_runs/1151414,Piggly Wiggly - FG - Feb 25,02/19/2026,2/24/2026,2/25/2026,2/23/2026,03/03/2026,https://docs.google.com/document/d/19sS7g3I4gWUKCYmbUheDz978PhZxk4fo_REsTYrCSfY/edit?tab=t.0#heading=h.y2dgj7b691i13,"Clone during FQC (Per OneGuide, Create the Clone as the FINAL step before completing the FQC checklist)",10m
Piggly Wiggly - FG,FTE - Clone this run into Food Giant retailer (same dates) as FINAL step before completing FQC,1151415,11954,https://fadmin.flippback.com/flyer_runs/1151415,Piggly Wiggly - FG - Mar 4,02/26/2026,3/3/2026,3/4/2026,3/2/2026,03/10/2026,https://docs.google.com/document/d/19sS7g3I4gWUKCYmbUheDz978PhZxk4fo_REsTYrCSfY/edit?tab=t.0#heading=h.y2dgj7b691i14,"Clone during FQC (Per OneGuide, Create the Clone as the FINAL step before completing the FQC checklist)",10m
Piggly Wiggly - FG,FTE - Clone this run into Food Giant retailer (same dates) as FINAL step before completing FQC,1151416,11954,https://fadmin.flippback.com/flyer_runs/1151416,Piggly Wiggly - FG - Mar 11,03/05/2026,3/10/2026,3/11/2026,3/9/2026,03/17/2026,https://docs.google.com/document/d/19sS7g3I4gWUKCYmbUheDz978PhZxk4fo_REsTYrCSfY/edit?tab=t.0#heading=h.y2dgj7b691i15,"Clone during FQC (Per OneGuide, Create the Clone as the FINAL step before completing the FQC checklist)",10m
Piggly Wiggly - FG,FTE - Clone this run into Food Giant retailer (same dates) as FINAL step before completing FQC,1151417,11954,https://fadmin.flippback.com/flyer_runs/1151417,Piggly Wiggly - FG - Mar 18,03/12/2026,3/17/2026,3/18/2026,3/16/2026,03/24/2026,https://docs.google.com/document/d/19sS7g3I4gWUKCYmbUheDz978PhZxk4fo_REsTYrCSfY/edit?tab=t.0#heading=h.y2dgj7b691i16,"Clone during FQC (Per OneGuide, Create the Clone as the FINAL step before completing the FQC checklist)",10m
Piggly Wiggly - FG,FTE - Clone this run into Food Giant retailer (same dates) as FINAL step before completing FQC,1151418,11954,https://fadmin.flippback.com/flyer_runs/1151418,Piggly Wiggly - FG - Mar 25,03/19/2026,3/24/2026,3/25/2026,3/23/2026,03/31/2026,https://docs.google.com/document/d/19sS7g3I4gWUKCYmbUheDz978PhZxk4fo_REsTYrCSfY/edit?tab=t.0#heading=h.y2dgj7b691i17,"Clone during FQC (Per OneGuide, Create the Clone as the FINAL step before completing the FQC checklist)",10m
Piggly Wiggly - FG,FTE - Clone this run into Food Giant retailer (same dates) as FINAL step before completing FQC,1151419,11954,https://fadmin.flippback.com/flyer_runs/1151419,Piggly Wiggly - FG - Apr 1,03/26/2026,3/31/2026,4/1/2026,3/30/2026,04/07/2026,https://docs.google.com/document/d/19sS7g3I4gWUKCYmbUheDz978PhZxk4fo_REsTYrCSfY/edit?tab=t.0#heading=h.y2dgj7b691i18,"Clone during FQC (Per OneGuide, Create the Clone as the FINAL step before completing the FQC checklist)",10m
Piggly Wiggly - FG,FTE - Clone this run into Food Giant retailer (same dates) as FINAL step before completing FQC,1151420,11954,https://fadmin.flippback.com/flyer_runs/1151420,Piggly Wiggly - FG - Apr 8,04/02/2026,4/7/2026,4/8/2026,4/6/2026,04/14/2026,https://docs.google.com/document/d/19sS7g3I4gWUKCYmbUheDz978PhZxk4fo_REsTYrCSfY/edit?tab=t.0#heading=h.y2dgj7b691i19,"Clone during FQC (Per OneGuide, Create the Clone as the FINAL step before completing the FQC checklist)",10m
Piggly Wiggly - FG,FTE - Clone this run into Food Giant retailer (same dates) as FINAL step before completing FQC,1151421,11954,https://fadmin.flippback.com/flyer_runs/1151421,Piggly Wiggly - FG - Apr 15,04/09/2026,4/14/2026,4/15/2026,4/13/2026,04/21/2026,https://docs.google.com/document/d/19sS7g3I4gWUKCYmbUheDz978PhZxk4fo_REsTYrCSfY/edit?tab=t.0#heading=h.y2dgj7b691i20,"Clone during FQC (Per OneGuide, Create the Clone as the FINAL step before completing the FQC checklist)",10m
Piggly Wiggly - FG,FTE - Clone this run into Food Giant retailer (same dates) as FINAL step before completing FQC,1151422,11954,https://fadmin.flippback.com/flyer_runs/1151422,Piggly Wiggly - FG - Apr 22,04/16/2026,4/21/2026,4/22/2026,4/20/2026,04/28/2026,https://docs.google.com/document/d/19sS7g3I4gWUKCYmbUheDz978PhZxk4fo_REsTYrCSfY/edit?tab=t.0#heading=h.y2dgj7b691i21,"Clone during FQC (Per OneGuide, Create the Clone as the FINAL step before completing the FQC checklist)",10m
Piggly Wiggly - FG,FTE - Clone this run into Food Giant retailer (same dates) as FINAL step before completing FQC,1151423,11954,https://fadmin.flippback.com/flyer_runs/1151423,Piggly Wiggly - FG - Apr 29,04/23/2026,4/28/2026,4/29/2026,4/27/2026,05/05/2026,https://docs.google.com/document/d/19sS7g3I4gWUKCYmbUheDz978PhZxk4fo_REsTYrCSfY/edit?tab=t.0#heading=h.y2dgj7b691i22,"Clone during FQC (Per OneGuide, Create the Clone as the FINAL step before completing the FQC checklist)",10m
Piggly Wiggly - FG,FTE - Clone this run into Food Giant retailer (same dates) as FINAL step before completing FQC,1151424,11954,https://fadmin.flippback.com/flyer_runs/1151424,Piggly Wiggly - FG - May 6,04/30/2026,5/5/2026,5/6/2026,5/4/2026,05/12/2026,https://docs.google.com/document/d/19sS7g3I4gWUKCYmbUheDz978PhZxk4fo_REsTYrCSfY/edit?tab=t.0#heading=h.y2dgj7b691i23,"Clone during FQC (Per OneGuide, Create the Clone as the FINAL step before completing the FQC checklist)",10m
Piggly Wiggly - FG,FTE - Clone this run into Food Giant retailer (same dates) as FINAL step before completing FQC,1151425,11954,https://fadmin.flippback.com/flyer_runs/1151425,Piggly Wiggly - FG - May 13,05/07/2026,5/12/2026,5/13/2026,5/11/2026,05/19/2026,https://docs.google.com/document/d/19sS7g3I4gWUKCYmbUheDz978PhZxk4fo_REsTYrCSfY/edit?tab=t.0#heading=h.y2dgj7b691i24,"Clone during FQC (Per OneGuide, Create the Clone as the FINAL step before completing the FQC checklist)",10m
Piggly Wiggly - FG,FTE - Clone this run into Food Giant retailer (same dates) as FINAL step before completing FQC,1151426,11954,https://fadmin.flippback.com/flyer_runs/1151426,Piggly Wiggly - FG - May 20,05/14/2026,5/19/2026,5/20/2026,5/18/2026,05/26/2026,https://docs.google.com/document/d/19sS7g3I4gWUKCYmbUheDz978PhZxk4fo_REsTYrCSfY/edit?tab=t.0#heading=h.y2dgj7b691i25,"Clone during FQC (Per OneGuide, Create the Clone as the FINAL step before completing the FQC checklist)",10m
Piggly Wiggly - FG,FTE - Clone this run into Food Giant retailer (same dates) as FINAL step before completing FQC,1151427,11954,https://fadmin.flippback.com/flyer_runs/1151427,Piggly Wiggly - FG - May 27,05/21/2026,5/26/2026,5/27/2026,5/25/2026,06/02/2026,https://docs.google.com/document/d/19sS7g3I4gWUKCYmbUheDz978PhZxk4fo_REsTYrCSfY/edit?tab=t.0#heading=h.y2dgj7b691i26,"Clone during FQC (Per OneGuide, Create the Clone as the FINAL step before completing the FQC checklist)",10m
Piggly Wiggly - FG,FTE - Clone this run into Food Giant retailer (same dates) as FINAL step before completing FQC,1151428,11954,https://fadmin.flippback.com/flyer_runs/1151428,Piggly Wiggly - FG - Jun 3,05/28/2026,6/2/2026,6/3/2026,6/1/2026,06/09/2026,https://docs.google.com/document/d/19sS7g3I4gWUKCYmbUheDz978PhZxk4fo_REsTYrCSfY/edit?tab=t.0#heading=h.y2dgj7b691i27,"Clone during FQC (Per OneGuide, Create the Clone as the FINAL step before completing the FQC checklist)",10m
Piggly Wiggly - FG,FTE - Clone this run into Food Giant retailer (same dates) as FINAL step before completing FQC,1151429,11954,https://fadmin.flippback.com/flyer_runs/1151429,Piggly Wiggly - FG - Jun 10,06/04/2026,6/9/2026,6/10/2026,6/8/2026,06/16/2026,https://docs.google.com/document/d/19sS7g3I4gWUKCYmbUheDz978PhZxk4fo_REsTYrCSfY/edit?tab=t.0#heading=h.y2dgj7b691i28,"Clone during FQC (Per OneGuide, Create the Clone as the FINAL step before completing the FQC checklist)",10m
Piggly Wiggly - FG,FTE - Clone this run into Food Giant retailer (same dates) as FINAL step before completing FQC,1151430,11954,https://fadmin.flippback.com/flyer_runs/1151430,Piggly Wiggly - FG - Jun 17,06/11/2026,6/16/2026,6/17/2026,6/15/2026,06/23/2026,https://docs.google.com/document/d/19sS7g3I4gWUKCYmbUheDz978PhZxk4fo_REsTYrCSfY/edit?tab=t.0#heading=h.y2dgj7b691i29,"Clone during FQC (Per OneGuide, Create the Clone as the FINAL step before completing the FQC checklist)",10m
Piggly Wiggly - FG,FTE - Clone this run into Food Giant retailer (same dates) as FINAL step before completing FQC,1151431,11954,https://fadmin.flippback.com/flyer_runs/1151431,Piggly Wiggly - FG - Jun 24,06/18/2026,6/23/2026,6/24/2026,6/22/2026,06/30/2026,https://docs.google.com/document/d/19sS7g3I4gWUKCYmbUheDz978PhZxk4fo_REsTYrCSfY/edit?tab=t.0#heading=h.y2dgj7b691i30,"Clone during FQC (Per OneGuide, Create the Clone as the FINAL step before completing the FQC checklist)",10m
Piggly Wiggly - FG,FTE - Clone this run into Food Giant retailer (same dates) as FINAL step before completing FQC,1151432,11954,https://fadmin.flippback.com/flyer_runs/1151432,Piggly Wiggly - FG - Jul 1,06/25/2026,6/30/2026,7/1/2026,6/29/2026,07/07/2026,https://docs.google.com/document/d/19sS7g3I4gWUKCYmbUheDz978PhZxk4fo_REsTYrCSfY/edit?tab=t.0#heading=h.y2dgj7b691i31,"Clone during FQC (Per OneGuide, Create the Clone as the FINAL step before completing the FQC checklist)",10m
Proxim,OPS - Clone Post FQC,1074577,5832,https://fadmin.flippback.com/flyer_runs/1074577,Proxim - A December 4,11/22/2025,12/2/2025,12/4/2025,12/1/2025,12/10/2025,https://docs.google.com/document/d/1ZWrGeKnNbRRUgjBLxrQaHbV-46JQDmSSmsh59UTOk_o/edit?tab=t.0#heading=h.y2dgj7b691i1,,120m
Proxim,OPS - Clone Post FQC,1074578,5832,https://fadmin.flippback.com/flyer_runs/1074578,Proxim - A December 11,11/29/2025,12/9/2025,12/11/2025,12/8/2025,12/17/2025,https://docs.google.com/document/d/1ZWrGeKnNbRRUgjBLxrQaHbV-46JQDmSSmsh59UTOk_o/edit?tab=t.0#heading=h.y2dgj7b691i2,,120m
Proxim,OPS - Clone Post FQC,1074579,5832,https://fadmin.flippback.com/flyer_runs/1074579,Proxim - A December 18,12/6/2025,12/16/2025,12/18/2025,12/15/2025,12/24/2025,https://docs.google.com/document/d/1ZWrGeKnNbRRUgjBLxrQaHbV-46JQDmSSmsh59UTOk_o/edit?tab=t.0#heading=h.y2dgj7b691i3,,120m
Proxim,OPS - Clone Post FQC,1074580,5832,https://fadmin.flippback.com/flyer_runs/1074580,Proxim - A December 25,12/13/2025,12/23/2025,12/25/2025,12/22/2025,12/31/2025,https://docs.google.com/document/d/1ZWrGeKnNbRRUgjBLxrQaHbV-46JQDmSSmsh59UTOk_o/edit?tab=t.0#heading=h.y2dgj7b691i4,,120m
Proxim,OPS - Clone Post FQC,1074581,5832,https://fadmin.flippback.com/flyer_runs/1074581,Proxim - A January 1,12/20/2025,12/30/2025,1/1/2026,12/29/2025,01/07/2026,https://docs.google.com/document/d/1ZWrGeKnNbRRUgjBLxrQaHbV-46JQDmSSmsh59UTOk_o/edit?tab=t.0#heading=h.y2dgj7b691i5,,120m
Proxim,OPS - Clone Post FQC,1074582,5832,https://fadmin.flippback.com/flyer_runs/1074582,Proxim - A January 7,12/27/2025,1/6/2026,1/8/2026,1/5/2026,01/14/2026,https://docs.google.com/document/d/1ZWrGeKnNbRRUgjBLxrQaHbV-46JQDmSSmsh59UTOk_o/edit?tab=t.0#heading=h.y2dgj7b691i6,,120m
Proxim,OPS - Clone Post FQC,1074583,5832,https://fadmin.flippback.com/flyer_runs/1074583,Proxim - A January 14,01/03/2026,1/13/2026,1/15/2026,1/12/2026,01/21/2026,https://docs.google.com/document/d/1ZWrGeKnNbRRUgjBLxrQaHbV-46JQDmSSmsh59UTOk_o/edit?tab=t.0#heading=h.y2dgj7b691i7,,120m
Proxim,OPS - Clone Post FQC,1074630,5868,https://fadmin.flippback.com/flyer_runs/1074630,Proxim - [NGL] C December 4,11/22/2025,12/2/2025,12/4/2025,12/1/2025,12/10/2025,https://docs.google.com/document/d/1ZWrGeKnNbRRUgjBLxrQaHbV-46JQDmSSmsh59UTOk_o/edit?tab=t.0#heading=h.y2dgj7b691i8,,120m
Proxim,OPS - Clone Post FQC,1074631,5868,https://fadmin.flippback.com/flyer_runs/1074631,Proxim - [NGL] C December 11,11/29/2025,12/9/2025,12/11/2025,12/8/2025,12/17/2025,https://docs.google.com/document/d/1ZWrGeKnNbRRUgjBLxrQaHbV-46JQDmSSmsh59UTOk_o/edit?tab=t.0#heading=h.y2dgj7b691i9,,120m
Proxim,OPS - Clone Post FQC,1074632,5868,https://fadmin.flippback.com/flyer_runs/1074632,Proxim - [NGL] C December 18,12/6/2025,12/16/2025,12/18/2025,12/15/2025,12/24/2025,https://docs.google.com/document/d/1ZWrGeKnNbRRUgjBLxrQaHbV-46JQDmSSmsh59UTOk_o/edit?tab=t.0#heading=h.y2dgj7b691i10,,120m
Proxim,OPS - Clone Post FQC,1074633,5868,https://fadmin.flippback.com/flyer_runs/1074633,Proxim - [NGL] C December 25,12/13/2025,12/23/2025,12/25/2025,12/22/2025,12/31/2025,https://docs.google.com/document/d/1ZWrGeKnNbRRUgjBLxrQaHbV-46JQDmSSmsh59UTOk_o/edit?tab=t.0#heading=h.y2dgj7b691i11,,120m
Proxim,OPS - Clone Post FQC,1074634,5868,https://fadmin.flippback.com/flyer_runs/1074634,Proxim - [NGL] C January 1,12/20/2025,12/30/2025,12/31/2025,12/29/2025,01/07/2026,https://docs.google.com/document/d/1ZWrGeKnNbRRUgjBLxrQaHbV-46JQDmSSmsh59UTOk_o/edit?tab=t.0#heading=h.y2dgj7b691i12,,120m
Proxim,OPS - Clone Post FQC,1074635,5868,https://fadmin.flippback.com/flyer_runs/1074635,Proxim - [NGL] C January 7,12/27/2025,1/6/2026,1/8/2026,1/5/2026,01/14/2026,https://docs.google.com/document/d/1ZWrGeKnNbRRUgjBLxrQaHbV-46JQDmSSmsh59UTOk_o/edit?tab=t.0#heading=h.y2dgj7b691i13,,120m
Proxim,OPS - Clone Post FQC,1074636,5868,https://fadmin.flippback.com/flyer_runs/1074636,Proxim - [NGL] C January 14,01/03/2026,1/13/2026,1/15/2026,1/12/2026,01/22/2026,https://docs.google.com/document/d/1ZWrGeKnNbRRUgjBLxrQaHbV-46JQDmSSmsh59UTOk_o/edit?tab=t.0#heading=h.y2dgj7b691i14,,120m
Proxim,OPS - Clone Post FQC,1164197,5869,https://fadmin.flippback.com/flyer_runs/1164197,Proxim - E Dec 4,11/22/2025,12/2/2025,12/4/2025,12/1/2025,12/31/2025,https://docs.google.com/document/d/1ZWrGeKnNbRRUgjBLxrQaHbV-46JQDmSSmsh59UTOk_o/edit?tab=t.0#heading=h.y2dgj7b691i15,,120m
Proxim,OPS - Clone Post FQC,1164655,5869,https://fadmin.flippback.com/flyer_runs/1164655,Proxim - [NGL] E Dec 4,11/22/2025,12/2/2025,12/4/2025,12/1/2025,12/31/2025,https://docs.google.com/document/d/1ZWrGeKnNbRRUgjBLxrQaHbV-46JQDmSSmsh59UTOk_o/edit?tab=t.0#heading=h.y2dgj7b691i16,,120m
Raley's,"FTE - Clone this run into Bel Air retailer (same dates) at FQC, FTE - Clone this run into Nob Hill retailer (same dates) after FQC",1108193,9184,https://fadmin.flippback.com/flyer_runs/1108193,Raley's - Week 34,11/21/2025,11/28/2025,11/28/2025,11/27/2025,12/02/2025,https://docs.google.com/document/d/1KXMWbNZC6pvwPvkGay4DbIGcZbxGdHr3iCciVW2E5_Q/edit#heading=h.y2dgj7b691i1,,40m
Raley's,"FTE - Clone this run into Bel Air retailer (same dates) at FQC, FTE - Clone this run into Nob Hill retailer (same dates) after FQC",1108194,9184,https://fadmin.flippback.com/flyer_runs/1108194,Raley's - Week 35,11/26/2025,12/3/2025,12/3/2025,12/2/2025,12/09/2025,https://docs.google.com/document/d/1KXMWbNZC6pvwPvkGay4DbIGcZbxGdHr3iCciVW2E5_Q/edit#heading=h.y2dgj7b691i2,,40m
Raley's,"FTE - Clone this run into Bel Air retailer (same dates) at FQC, FTE - Clone this run into Nob Hill retailer (same dates) after FQC",1108195,9184,https://fadmin.flippback.com/flyer_runs/1108195,Raley's - Week 36,12/3/2025,12/10/2025,12/10/2025,12/9/2025,12/16/2025,https://docs.google.com/document/d/1KXMWbNZC6pvwPvkGay4DbIGcZbxGdHr3iCciVW2E5_Q/edit#heading=h.y2dgj7b691i3,,40m
Raley's,"FTE - Clone this run into Bel Air retailer (same dates) at FQC, FTE - Clone this run into Nob Hill retailer (same dates) after FQC",1108196,9184,https://fadmin.flippback.com/flyer_runs/1108196,Raley's - Week 37,12/10/2025,12/17/2025,12/17/2025,12/16/2025,12/23/2025,https://docs.google.com/document/d/1KXMWbNZC6pvwPvkGay4DbIGcZbxGdHr3iCciVW2E5_Q/edit#heading=h.y2dgj7b691i4,,40m
Raley's,"FTE - Clone this run into Bel Air retailer (same dates) at FQC, FTE - Clone this run into Nob Hill retailer (same dates) after FQC",1108197,9184,https://fadmin.flippback.com/flyer_runs/1108197,Raley's - Week 38,12/17/2025,12/24/2025,12/24/2025,12/23/2025,12/30/2025,https://docs.google.com/document/d/1KXMWbNZC6pvwPvkGay4DbIGcZbxGdHr3iCciVW2E5_Q/edit#heading=h.y2dgj7b691i5,,40m
Raley's,"FTE - Clone this run into Bel Air retailer (same dates) at FQC, FTE - Clone this run into Nob Hill retailer (same dates) after FQC",1108198,9184,https://fadmin.flippback.com/flyer_runs/1108198,Raley's - Week 39,12/24/2025,12/31/2025,12/31/2025,12/30/2025,01/06/2026,https://docs.google.com/document/d/1KXMWbNZC6pvwPvkGay4DbIGcZbxGdHr3iCciVW2E5_Q/edit#heading=h.y2dgj7b691i6,,40m
Raley's,"FTE - Clone this run into Bel Air retailer (same dates) at FQC, FTE - Clone this run into Nob Hill retailer (same dates) after FQC",1142515,9184,https://fadmin.flippback.com/flyer_runs/1142515,Raley's - Week 1,12/31/2025,1/7/2026,1/7/2026,1/6/2026,01/13/2026,https://docs.google.com/document/d/1KXMWbNZC6pvwPvkGay4DbIGcZbxGdHr3iCciVW2E5_Q/edit#heading=h.y2dgj7b691i7,,40m
Raley's,"FTE - Clone this run into Bel Air retailer (same dates) at FQC, FTE - Clone this run into Nob Hill retailer (same dates) after FQC",1142516,9184,https://fadmin.flippback.com/flyer_runs/1142516,Raley's - Week 2,01/07/2026,1/14/2026,1/14/2026,1/13/2026,01/20/2026,https://docs.google.com/document/d/1KXMWbNZC6pvwPvkGay4DbIGcZbxGdHr3iCciVW2E5_Q/edit#heading=h.y2dgj7b691i8,,40m
Raley's,"FTE - Clone this run into Bel Air retailer (same dates) at FQC, FTE - Clone this run into Nob Hill retailer (same dates) after FQC",1142517,9184,https://fadmin.flippback.com/flyer_runs/1142517,Raley's - Week 3,01/14/2026,1/21/2026,1/21/2026,1/20/2026,01/27/2026,https://docs.google.com/document/d/1KXMWbNZC6pvwPvkGay4DbIGcZbxGdHr3iCciVW2E5_Q/edit#heading=h.y2dgj7b691i9,,40m
Raley's,"FTE - Clone this run into Bel Air retailer (same dates) at FQC, FTE - Clone this run into Nob Hill retailer (same dates) after FQC",1142518,9184,https://fadmin.flippback.com/flyer_runs/1142518,Raley's - Week 4,01/21/2026,1/28/2026,1/28/2026,1/27/2026,02/03/2026,https://docs.google.com/document/d/1KXMWbNZC6pvwPvkGay4DbIGcZbxGdHr3iCciVW2E5_Q/edit#heading=h.y2dgj7b691i10,,40m
Raley's,"FTE - Clone this run into Bel Air retailer (same dates) at FQC, FTE - Clone this run into Nob Hill retailer (same dates) after FQC",1142519,9184,https://fadmin.flippback.com/flyer_runs/1142519,Raley's - Week 5,01/28/2026,2/4/2026,2/4/2026,2/3/2026,02/10/2026,https://docs.google.com/document/d/1KXMWbNZC6pvwPvkGay4DbIGcZbxGdHr3iCciVW2E5_Q/edit#heading=h.y2dgj7b691i11,,40m
Raley's,"FTE - Clone this run into Bel Air retailer (same dates) at FQC, FTE - Clone this run into Nob Hill retailer (same dates) after FQC",1142520,9184,https://fadmin.flippback.com/flyer_runs/1142520,Raley's - Week 6,02/04/2026,2/11/2026,2/11/2026,2/10/2026,02/17/2026,https://docs.google.com/document/d/1KXMWbNZC6pvwPvkGay4DbIGcZbxGdHr3iCciVW2E5_Q/edit#heading=h.y2dgj7b691i12,,40m
Raley's,"FTE - Clone this run into Bel Air retailer (same dates) at FQC, FTE - Clone this run into Nob Hill retailer (same dates) after FQC",1142521,9184,https://fadmin.flippback.com/flyer_runs/1142521,Raley's - Week 7,02/11/2026,2/18/2026,2/18/2026,2/17/2026,02/24/2026,https://docs.google.com/document/d/1KXMWbNZC6pvwPvkGay4DbIGcZbxGdHr3iCciVW2E5_Q/edit#heading=h.y2dgj7b691i13,,40m
Raley's,"FTE - Clone this run into Bel Air retailer (same dates) at FQC, FTE - Clone this run into Nob Hill retailer (same dates) after FQC",1142522,9184,https://fadmin.flippback.com/flyer_runs/1142522,Raley's - Week 8,02/18/2026,2/25/2026,2/25/2026,2/24/2026,03/03/2026,https://docs.google.com/document/d/1KXMWbNZC6pvwPvkGay4DbIGcZbxGdHr3iCciVW2E5_Q/edit#heading=h.y2dgj7b691i14,,40m
Raley's,"FTE - Clone this run into Bel Air retailer (same dates) at FQC, FTE - Clone this run into Nob Hill retailer (same dates) after FQC",1142523,9184,https://fadmin.flippback.com/flyer_runs/1142523,Raley's - Week 9,02/25/2026,3/4/2026,3/4/2026,3/3/2026,03/10/2026,https://docs.google.com/document/d/1KXMWbNZC6pvwPvkGay4DbIGcZbxGdHr3iCciVW2E5_Q/edit#heading=h.y2dgj7b691i15,,40m
Raley's,"FTE - Clone this run into Bel Air retailer (same dates) at FQC, FTE - Clone this run into Nob Hill retailer (same dates) after FQC",1142524,9184,https://fadmin.flippback.com/flyer_runs/1142524,Raley's - Week 10,03/04/2026,3/11/2026,3/11/2026,3/10/2026,03/17/2026,https://docs.google.com/document/d/1KXMWbNZC6pvwPvkGay4DbIGcZbxGdHr3iCciVW2E5_Q/edit#heading=h.y2dgj7b691i16,,40m
Raley's,"FTE - Clone this run into Bel Air retailer (same dates) at FQC, FTE - Clone this run into Nob Hill retailer (same dates) after FQC",1142525,9184,https://fadmin.flippback.com/flyer_runs/1142525,Raley's - Week 11,03/11/2026,3/18/2026,3/18/2026,3/17/2026,03/24/2026,https://docs.google.com/document/d/1KXMWbNZC6pvwPvkGay4DbIGcZbxGdHr3iCciVW2E5_Q/edit#heading=h.y2dgj7b691i17,,40m
Raley's,"FTE - Clone this run into Bel Air retailer (same dates) at FQC, FTE - Clone this run into Nob Hill retailer (same dates) after FQC",1142526,9184,https://fadmin.flippback.com/flyer_runs/1142526,Raley's - Week 12,03/18/2026,3/25/2026,3/25/2026,3/24/2026,03/31/2026,https://docs.google.com/document/d/1KXMWbNZC6pvwPvkGay4DbIGcZbxGdHr3iCciVW2E5_Q/edit#heading=h.y2dgj7b691i18,,40m
Raley's,"FTE - Clone this run into Bel Air retailer (same dates) at FQC, FTE - Clone this run into Nob Hill retailer (same dates) after FQC",1142527,9184,https://fadmin.flippback.com/flyer_runs/1142527,Raley's - Week 13,03/25/2026,4/1/2026,4/1/2026,3/31/2026,04/07/2026,https://docs.google.com/document/d/1KXMWbNZC6pvwPvkGay4DbIGcZbxGdHr3iCciVW2E5_Q/edit#heading=h.y2dgj7b691i19,,40m
Raley's,"FTE - Clone this run into Bel Air retailer (same dates) at FQC, FTE - Clone this run into Nob Hill retailer (same dates) after FQC",1142528,9184,https://fadmin.flippback.com/flyer_runs/1142528,Raley's - Week 14,04/01/2026,4/8/2026,4/8/2026,4/7/2026,04/14/2026,https://docs.google.com/document/d/1KXMWbNZC6pvwPvkGay4DbIGcZbxGdHr3iCciVW2E5_Q/edit#heading=h.y2dgj7b691i20,,40m
Raley's,"FTE - Clone this run into Bel Air retailer (same dates) at FQC, FTE - Clone this run into Nob Hill retailer (same dates) after FQC",1142529,9184,https://fadmin.flippback.com/flyer_runs/1142529,Raley's - Week 15,04/08/2026,4/15/2026,4/15/2026,4/14/2026,04/21/2026,https://docs.google.com/document/d/1KXMWbNZC6pvwPvkGay4DbIGcZbxGdHr3iCciVW2E5_Q/edit#heading=h.y2dgj7b691i21,,40m
Raley's,"FTE - Clone this run into Bel Air retailer (same dates) at FQC, FTE - Clone this run into Nob Hill retailer (same dates) after FQC",1142530,9184,https://fadmin.flippback.com/flyer_runs/1142530,Raley's - Week 16,04/15/2026,4/22/2026,4/22/2026,4/21/2026,04/28/2026,https://docs.google.com/document/d/1KXMWbNZC6pvwPvkGay4DbIGcZbxGdHr3iCciVW2E5_Q/edit#heading=h.y2dgj7b691i22,,40m
Raley's,"FTE - Clone this run into Bel Air retailer (same dates) at FQC, FTE - Clone this run into Nob Hill retailer (same dates) after FQC",1142531,9184,https://fadmin.flippback.com/flyer_runs/1142531,Raley's - Week 17,04/22/2026,4/29/2026,4/29/2026,4/28/2026,05/05/2026,https://docs.google.com/document/d/1KXMWbNZC6pvwPvkGay4DbIGcZbxGdHr3iCciVW2E5_Q/edit#heading=h.y2dgj7b691i23,,40m
Raley's,"FTE - Clone this run into Bel Air retailer (same dates) at FQC, FTE - Clone this run into Nob Hill retailer (same dates) after FQC",1142532,9184,https://fadmin.flippback.com/flyer_runs/1142532,Raley's - Week 18,04/29/2026,5/6/2026,5/6/2026,5/5/2026,05/12/2026,https://docs.google.com/document/d/1KXMWbNZC6pvwPvkGay4DbIGcZbxGdHr3iCciVW2E5_Q/edit#heading=h.y2dgj7b691i24,,40m
Raley's,"FTE - Clone this run into Bel Air retailer (same dates) at FQC, FTE - Clone this run into Nob Hill retailer (same dates) after FQC",1142533,9184,https://fadmin.flippback.com/flyer_runs/1142533,Raley's - Week 19,05/06/2026,5/13/2026,5/13/2026,5/12/2026,05/19/2026,https://docs.google.com/document/d/1KXMWbNZC6pvwPvkGay4DbIGcZbxGdHr3iCciVW2E5_Q/edit#heading=h.y2dgj7b691i25,,40m
Raley's,"FTE - Clone this run into Bel Air retailer (same dates) at FQC, FTE - Clone this run into Nob Hill retailer (same dates) after FQC",1142534,9184,https://fadmin.flippback.com/flyer_runs/1142534,Raley's - Week 20,05/13/2026,5/20/2026,5/20/2026,5/19/2026,05/26/2026,https://docs.google.com/document/d/1KXMWbNZC6pvwPvkGay4DbIGcZbxGdHr3iCciVW2E5_Q/edit#heading=h.y2dgj7b691i26,,40m
Raley's,"FTE - Clone this run into Bel Air retailer (same dates) at FQC, FTE - Clone this run into Nob Hill retailer (same dates) after FQC",1142535,9184,https://fadmin.flippback.com/flyer_runs/1142535,Raley's - Week 21,05/20/2026,5/27/2026,5/27/2026,5/26/2026,06/02/2026,https://docs.google.com/document/d/1KXMWbNZC6pvwPvkGay4DbIGcZbxGdHr3iCciVW2E5_Q/edit#heading=h.y2dgj7b691i27,,40m
Raley's,"FTE - Clone this run into Bel Air retailer (same dates) at FQC, FTE - Clone this run into Nob Hill retailer (same dates) after FQC",1142536,9184,https://fadmin.flippback.com/flyer_runs/1142536,Raley's - Week 22,05/27/2026,6/3/2026,6/3/2026,6/2/2026,06/09/2026,https://docs.google.com/document/d/1KXMWbNZC6pvwPvkGay4DbIGcZbxGdHr3iCciVW2E5_Q/edit#heading=h.y2dgj7b691i28,,40m
Raley's,"FTE - Clone this run into Bel Air retailer (same dates) at FQC, FTE - Clone this run into Nob Hill retailer (same dates) after FQC",1142537,9184,https://fadmin.flippback.com/flyer_runs/1142537,Raley's - Week 23,06/03/2026,6/10/2026,6/10/2026,6/9/2026,06/16/2026,https://docs.google.com/document/d/1KXMWbNZC6pvwPvkGay4DbIGcZbxGdHr3iCciVW2E5_Q/edit#heading=h.y2dgj7b691i29,,40m
Raley's,"FTE - Clone this run into Bel Air retailer (same dates) at FQC, FTE - Clone this run into Nob Hill retailer (same dates) after FQC",1142538,9184,https://fadmin.flippback.com/flyer_runs/1142538,Raley's - Week 24,06/10/2026,6/17/2026,6/17/2026,6/16/2026,06/23/2026,https://docs.google.com/document/d/1KXMWbNZC6pvwPvkGay4DbIGcZbxGdHr3iCciVW2E5_Q/edit#heading=h.y2dgj7b691i30,,40m
Raley's,"FTE - Clone this run into Bel Air retailer (same dates) at FQC, FTE - Clone this run into Nob Hill retailer (same dates) after FQC",1142539,9184,https://fadmin.flippback.com/flyer_runs/1142539,Raley's - Week 25,06/17/2026,6/24/2026,6/24/2026,6/23/2026,06/30/2026,https://docs.google.com/document/d/1KXMWbNZC6pvwPvkGay4DbIGcZbxGdHr3iCciVW2E5_Q/edit#heading=h.y2dgj7b691i31,,40m
Remedy'sRx,OPS - Monthly Inserts Process - Post FQC,1078370,5689,https://fadmin.flippback.com/flyer_runs/1078370,Remedy'sRx - 1226,12/14/2025,12/24/2025,12/26/2025,12/23/2025,01/22/2026,https://docs.google.com/document/d/14ObpOGYebf4pl_dbSZ5Xi1c2YnEWDEF9utgRcTnPc-4/edit?tab=t.0#heading=h.y2dgj7b691i1,1 Clone (captured in FQC post processing tasks),20m
Remedy'sRx,OPS - Monthly Inserts Process - Post FQC,1078371,5689,https://fadmin.flippback.com/flyer_runs/1078371,Remedy'sRx - 123,01/11/2026,1/21/2026,1/23/2026,1/20/2026,02/26/2026,https://docs.google.com/document/d/14ObpOGYebf4pl_dbSZ5Xi1c2YnEWDEF9utgRcTnPc-4/edit?tab=t.0#heading=h.y2dgj7b691i2,1 Clone (captured in FQC post processing tasks),20m
Remedy'sRx,OPS - Monthly Inserts Process - Post FQC,1078372,5689,https://fadmin.flippback.com/flyer_runs/1078372,Remedy'sRx - 227,02/15/2026,2/25/2026,2/27/2026,2/24/2026,03/26/2026,https://docs.google.com/document/d/14ObpOGYebf4pl_dbSZ5Xi1c2YnEWDEF9utgRcTnPc-4/edit?tab=t.0#heading=h.y2dgj7b691i3,1 Clone (captured in FQC post processing tasks),20m
Remedy'sRx,OPS - Monthly Inserts Process - Post FQC,1078373,5689,https://fadmin.flippback.com/flyer_runs/1078373,Remedy'sRx - 327,03/15/2026,3/25/2026,3/27/2026,3/24/2026,04/23/2026,https://docs.google.com/document/d/14ObpOGYebf4pl_dbSZ5Xi1c2YnEWDEF9utgRcTnPc-4/edit?tab=t.0#heading=h.y2dgj7b691i4,1 Clone (captured in FQC post processing tasks),20m
Remedy'sRx,OPS - Monthly Inserts Process - Post FQC,1166196,5689,https://fadmin.flippback.com/flyer_runs/1166196,Remedy'sRx - 1226,12/14/2025,12/24/2025,12/26/2025,12/23/2025,01/22/2026,https://docs.google.com/document/d/14ObpOGYebf4pl_dbSZ5Xi1c2YnEWDEF9utgRcTnPc-4/edit?tab=t.0#heading=h.y2dgj7b691i5,1 Clone (captured in FQC post processing tasks),20m
Ripley's Market,FTE - Clone this run into Food Giant retailer (same dates) as FINAL step before completing FQC,1094439,11983,https://fadmin.flippback.com/flyer_runs/1094439,Ripley's Market - [NGL] Dec 3,11/28/2025,12/3/2025,12/3/2025,12/2/2025,12/09/2025,https://docs.google.com/document/d/19sS7g3I4gWUKCYmbUheDz978PhZxk4fo_REsTYrCSfY/edit?tab=t.0#heading=h.y2dgj7b691i1,"Clone during FQC (Per OneGuide, Create the Clone as the FINAL step before completing the FQC checklist)",10m
Ripley's Market,FTE - Clone this run into Food Giant retailer (same dates) as FINAL step before completing FQC,1094440,11983,https://fadmin.flippback.com/flyer_runs/1094440,Ripley's Market - Dec 10,12/5/2025,12/10/2025,12/10/2025,12/9/2025,12/16/2025,https://docs.google.com/document/d/19sS7g3I4gWUKCYmbUheDz978PhZxk4fo_REsTYrCSfY/edit?tab=t.0#heading=h.y2dgj7b691i2,"Clone during FQC (Per OneGuide, Create the Clone as the FINAL step before completing the FQC checklist)",10m
Ripley's Market,FTE - Clone this run into Food Giant retailer (same dates) as FINAL step before completing FQC,1094441,11983,https://fadmin.flippback.com/flyer_runs/1094441,Ripley's Market - Dec 17,12/12/2025,12/17/2025,12/17/2025,12/16/2025,12/23/2025,https://docs.google.com/document/d/19sS7g3I4gWUKCYmbUheDz978PhZxk4fo_REsTYrCSfY/edit?tab=t.0#heading=h.y2dgj7b691i3,"Clone during FQC (Per OneGuide, Create the Clone as the FINAL step before completing the FQC checklist)",10m
Ripley's Market,FTE - Clone this run into Food Giant retailer (same dates) as FINAL step before completing FQC,1094442,11983,https://fadmin.flippback.com/flyer_runs/1094442,Ripley's Market - Dec 24,12/19/2025,12/24/2025,12/24/2025,12/23/2025,12/30/2025,https://docs.google.com/document/d/19sS7g3I4gWUKCYmbUheDz978PhZxk4fo_REsTYrCSfY/edit?tab=t.0#heading=h.y2dgj7b691i4,"Clone during FQC (Per OneGuide, Create the Clone as the FINAL step before completing the FQC checklist)",10m
Ripley's Market,FTE - Clone this run into Food Giant retailer (same dates) as FINAL step before completing FQC,1094443,11983,https://fadmin.flippback.com/flyer_runs/1094443,Ripley's Market - Dec 31,12/26/2025,12/31/2025,12/31/2025,12/30/2025,01/06/2026,https://docs.google.com/document/d/19sS7g3I4gWUKCYmbUheDz978PhZxk4fo_REsTYrCSfY/edit?tab=t.0#heading=h.y2dgj7b691i5,"Clone during FQC (Per OneGuide, Create the Clone as the FINAL step before completing the FQC checklist)",10m
Ripley's Market,FTE - Clone this run into Food Giant retailer (same dates) as FINAL step before completing FQC,1094444,11983,https://fadmin.flippback.com/flyer_runs/1094444,Ripley's Market - Jan 7,01/02/2026,1/7/2026,1/7/2026,1/6/2026,01/13/2026,https://docs.google.com/document/d/19sS7g3I4gWUKCYmbUheDz978PhZxk4fo_REsTYrCSfY/edit?tab=t.0#heading=h.y2dgj7b691i6,"Clone during FQC (Per OneGuide, Create the Clone as the FINAL step before completing the FQC checklist)",10m
Ripley's Market,FTE - Clone this run into Food Giant retailer (same dates) as FINAL step before completing FQC,1094445,11983,https://fadmin.flippback.com/flyer_runs/1094445,Ripley's Market - Jan 14,01/09/2026,1/14/2026,1/14/2026,1/13/2026,01/20/2026,https://docs.google.com/document/d/19sS7g3I4gWUKCYmbUheDz978PhZxk4fo_REsTYrCSfY/edit?tab=t.0#heading=h.y2dgj7b691i7,"Clone during FQC (Per OneGuide, Create the Clone as the FINAL step before completing the FQC checklist)",10m
Sav-Mor,FTE - Clone this run into Food Giant retailer (same dates) as FINAL step before completing FQC,1094488,11990,https://fadmin.flippback.com/flyer_runs/1094488,Sav-Mor - Dec 3,11/27/2025,12/2/2025,12/3/2025,12/1/2025,12/09/2025,https://docs.google.com/document/d/19sS7g3I4gWUKCYmbUheDz978PhZxk4fo_REsTYrCSfY/edit?tab=t.0#heading=h.y2dgj7b691i1,"Clone during FQC (Per OneGuide, Create the Clone as the FINAL step before completing the FQC checklist)",10m
Sav-Mor,FTE - Clone this run into Food Giant retailer (same dates) as FINAL step before completing FQC,1094489,11990,https://fadmin.flippback.com/flyer_runs/1094489,Sav-Mor - Dec 10,12/4/2025,12/9/2025,12/10/2025,12/8/2025,12/16/2025,https://docs.google.com/document/d/19sS7g3I4gWUKCYmbUheDz978PhZxk4fo_REsTYrCSfY/edit?tab=t.0#heading=h.y2dgj7b691i2,"Clone during FQC (Per OneGuide, Create the Clone as the FINAL step before completing the FQC checklist)",10m
Sav-Mor,FTE - Clone this run into Food Giant retailer (same dates) as FINAL step before completing FQC,1094490,11990,https://fadmin.flippback.com/flyer_runs/1094490,Sav-Mor - Dec 17,12/11/2025,12/16/2025,12/17/2025,12/15/2025,12/23/2025,https://docs.google.com/document/d/19sS7g3I4gWUKCYmbUheDz978PhZxk4fo_REsTYrCSfY/edit?tab=t.0#heading=h.y2dgj7b691i3,"Clone during FQC (Per OneGuide, Create the Clone as the FINAL step before completing the FQC checklist)",10m
Sav-Mor,FTE - Clone this run into Food Giant retailer (same dates) as FINAL step before completing FQC,1094491,11990,https://fadmin.flippback.com/flyer_runs/1094491,Sav-Mor - Dec 24,12/18/2025,12/23/2025,12/24/2025,12/22/2025,12/30/2025,https://docs.google.com/document/d/19sS7g3I4gWUKCYmbUheDz978PhZxk4fo_REsTYrCSfY/edit?tab=t.0#heading=h.y2dgj7b691i4,"Clone during FQC (Per OneGuide, Create the Clone as the FINAL step before completing the FQC checklist)",10m
Sav-Mor,FTE - Clone this run into Food Giant retailer (same dates) as FINAL step before completing FQC,1094492,11990,https://fadmin.flippback.com/flyer_runs/1094492,Sav-Mor - Dec 31,12/25/2025,12/30/2025,12/31/2025,12/29/2025,01/06/2026,https://docs.google.com/document/d/19sS7g3I4gWUKCYmbUheDz978PhZxk4fo_REsTYrCSfY/edit?tab=t.0#heading=h.y2dgj7b691i5,"Clone during FQC (Per OneGuide, Create the Clone as the FINAL step before completing the FQC checklist)",10m
Sav-Mor,FTE - Clone this run into Food Giant retailer (same dates) as FINAL step before completing FQC,1094493,11990,https://fadmin.flippback.com/flyer_runs/1094493,Sav-Mor - Jan 7,01/01/2026,1/6/2026,1/7/2026,1/5/2026,01/13/2026,https://docs.google.com/document/d/19sS7g3I4gWUKCYmbUheDz978PhZxk4fo_REsTYrCSfY/edit?tab=t.0#heading=h.y2dgj7b691i6,"Clone during FQC (Per OneGuide, Create the Clone as the FINAL step before completing the FQC checklist)",10m
Sav-Mor,FTE - Clone this run into Food Giant retailer (same dates) as FINAL step before completing FQC,1094494,11990,https://fadmin.flippback.com/flyer_runs/1094494,Sav-Mor - Jan 14,01/08/2026,1/13/2026,1/14/2026,1/12/2026,01/20/2026,https://docs.google.com/document/d/19sS7g3I4gWUKCYmbUheDz978PhZxk4fo_REsTYrCSfY/edit?tab=t.0#heading=h.y2dgj7b691i7,"Clone during FQC (Per OneGuide, Create the Clone as the FINAL step before completing the FQC checklist)",10m
Sav-Mor,FTE - Clone this run into Food Giant retailer (same dates) as FINAL step before completing FQC,1151604,11990,https://fadmin.flippback.com/flyer_runs/1151604,Sav-Mor - Jan 21,01/15/2026,1/20/2026,1/21/2026,1/19/2026,01/27/2026,https://docs.google.com/document/d/19sS7g3I4gWUKCYmbUheDz978PhZxk4fo_REsTYrCSfY/edit?tab=t.0#heading=h.y2dgj7b691i8,"Clone during FQC (Per OneGuide, Create the Clone as the FINAL step before completing the FQC checklist)",10m
Sav-Mor,FTE - Clone this run into Food Giant retailer (same dates) as FINAL step before completing FQC,1151605,11990,https://fadmin.flippback.com/flyer_runs/1151605,Sav-Mor - Jan 28,01/22/2026,1/27/2026,1/28/2026,1/26/2026,02/03/2026,https://docs.google.com/document/d/19sS7g3I4gWUKCYmbUheDz978PhZxk4fo_REsTYrCSfY/edit?tab=t.0#heading=h.y2dgj7b691i9,"Clone during FQC (Per OneGuide, Create the Clone as the FINAL step before completing the FQC checklist)",10m
Sav-Mor,FTE - Clone this run into Food Giant retailer (same dates) as FINAL step before completing FQC,1151606,11990,https://fadmin.flippback.com/flyer_runs/1151606,Sav-Mor - Feb 4,01/29/2026,2/3/2026,2/4/2026,2/2/2026,02/10/2026,https://docs.google.com/document/d/19sS7g3I4gWUKCYmbUheDz978PhZxk4fo_REsTYrCSfY/edit?tab=t.0#heading=h.y2dgj7b691i10,"Clone during FQC (Per OneGuide, Create the Clone as the FINAL step before completing the FQC checklist)",10m
Sav-Mor,FTE - Clone this run into Food Giant retailer (same dates) as FINAL step before completing FQC,1151607,11990,https://fadmin.flippback.com/flyer_runs/1151607,Sav-Mor - Feb 11,02/05/2026,2/10/2026,2/11/2026,2/9/2026,02/17/2026,https://docs.google.com/document/d/19sS7g3I4gWUKCYmbUheDz978PhZxk4fo_REsTYrCSfY/edit?tab=t.0#heading=h.y2dgj7b691i11,"Clone during FQC (Per OneGuide, Create the Clone as the FINAL step before completing the FQC checklist)",10m
Sav-Mor,FTE - Clone this run into Food Giant retailer (same dates) as FINAL step before completing FQC,1151608,11990,https://fadmin.flippback.com/flyer_runs/1151608,Sav-Mor - Feb 18,02/12/2026,2/17/2026,2/18/2026,2/16/2026,02/24/2026,https://docs.google.com/document/d/19sS7g3I4gWUKCYmbUheDz978PhZxk4fo_REsTYrCSfY/edit?tab=t.0#heading=h.y2dgj7b691i12,"Clone during FQC (Per OneGuide, Create the Clone as the FINAL step before completing the FQC checklist)",10m
Sav-Mor,FTE - Clone this run into Food Giant retailer (same dates) as FINAL step before completing FQC,1151609,11990,https://fadmin.flippback.com/flyer_runs/1151609,Sav-Mor - Feb 25,02/19/2026,2/24/2026,2/25/2026,2/23/2026,03/03/2026,https://docs.google.com/document/d/19sS7g3I4gWUKCYmbUheDz978PhZxk4fo_REsTYrCSfY/edit?tab=t.0#heading=h.y2dgj7b691i13,"Clone during FQC (Per OneGuide, Create the Clone as the FINAL step before completing the FQC checklist)",10m
Sav-Mor,FTE - Clone this run into Food Giant retailer (same dates) as FINAL step before completing FQC,1151610,11990,https://fadmin.flippback.com/flyer_runs/1151610,Sav-Mor - Mar 4,02/26/2026,3/3/2026,3/4/2026,3/2/2026,03/10/2026,https://docs.google.com/document/d/19sS7g3I4gWUKCYmbUheDz978PhZxk4fo_REsTYrCSfY/edit?tab=t.0#heading=h.y2dgj7b691i14,"Clone during FQC (Per OneGuide, Create the Clone as the FINAL step before completing the FQC checklist)",10m
Sav-Mor,FTE - Clone this run into Food Giant retailer (same dates) as FINAL step before completing FQC,1151611,11990,https://fadmin.flippback.com/flyer_runs/1151611,Sav-Mor - Mar 11,03/05/2026,3/10/2026,3/11/2026,3/9/2026,03/17/2026,https://docs.google.com/document/d/19sS7g3I4gWUKCYmbUheDz978PhZxk4fo_REsTYrCSfY/edit?tab=t.0#heading=h.y2dgj7b691i15,"Clone during FQC (Per OneGuide, Create the Clone as the FINAL step before completing the FQC checklist)",10m
Sav-Mor,FTE - Clone this run into Food Giant retailer (same dates) as FINAL step before completing FQC,1151612,11990,https://fadmin.flippback.com/flyer_runs/1151612,Sav-Mor - Mar 18,03/12/2026,3/17/2026,3/18/2026,3/16/2026,03/24/2026,https://docs.google.com/document/d/19sS7g3I4gWUKCYmbUheDz978PhZxk4fo_REsTYrCSfY/edit?tab=t.0#heading=h.y2dgj7b691i16,"Clone during FQC (Per OneGuide, Create the Clone as the FINAL step before completing the FQC checklist)",10m
Sav-Mor,FTE - Clone this run into Food Giant retailer (same dates) as FINAL step before completing FQC,1151613,11990,https://fadmin.flippback.com/flyer_runs/1151613,Sav-Mor - Mar 25,03/19/2026,3/24/2026,3/25/2026,3/23/2026,03/31/2026,https://docs.google.com/document/d/19sS7g3I4gWUKCYmbUheDz978PhZxk4fo_REsTYrCSfY/edit?tab=t.0#heading=h.y2dgj7b691i17,"Clone during FQC (Per OneGuide, Create the Clone as the FINAL step before completing the FQC checklist)",10m
Sav-Mor,FTE - Clone this run into Food Giant retailer (same dates) as FINAL step before completing FQC,1151614,11990,https://fadmin.flippback.com/flyer_runs/1151614,Sav-Mor - Apr 1,03/26/2026,3/31/2026,4/1/2026,3/30/2026,04/07/2026,https://docs.google.com/document/d/19sS7g3I4gWUKCYmbUheDz978PhZxk4fo_REsTYrCSfY/edit?tab=t.0#heading=h.y2dgj7b691i18,"Clone during FQC (Per OneGuide, Create the Clone as the FINAL step before completing the FQC checklist)",10m
Sav-Mor,FTE - Clone this run into Food Giant retailer (same dates) as FINAL step before completing FQC,1151615,11990,https://fadmin.flippback.com/flyer_runs/1151615,Sav-Mor - Apr 8,04/02/2026,4/7/2026,4/8/2026,4/6/2026,04/14/2026,https://docs.google.com/document/d/19sS7g3I4gWUKCYmbUheDz978PhZxk4fo_REsTYrCSfY/edit?tab=t.0#heading=h.y2dgj7b691i19,"Clone during FQC (Per OneGuide, Create the Clone as the FINAL step before completing the FQC checklist)",10m
Sav-Mor,FTE - Clone this run into Food Giant retailer (same dates) as FINAL step before completing FQC,1151616,11990,https://fadmin.flippback.com/flyer_runs/1151616,Sav-Mor - Apr 15,04/09/2026,4/14/2026,4/15/2026,4/13/2026,04/21/2026,https://docs.google.com/document/d/19sS7g3I4gWUKCYmbUheDz978PhZxk4fo_REsTYrCSfY/edit?tab=t.0#heading=h.y2dgj7b691i20,"Clone during FQC (Per OneGuide, Create the Clone as the FINAL step before completing the FQC checklist)",10m
Sav-Mor,FTE - Clone this run into Food Giant retailer (same dates) as FINAL step before completing FQC,1151617,11990,https://fadmin.flippback.com/flyer_runs/1151617,Sav-Mor - Apr 22,04/16/2026,4/21/2026,4/22/2026,4/20/2026,04/28/2026,https://docs.google.com/document/d/19sS7g3I4gWUKCYmbUheDz978PhZxk4fo_REsTYrCSfY/edit?tab=t.0#heading=h.y2dgj7b691i21,"Clone during FQC (Per OneGuide, Create the Clone as the FINAL step before completing the FQC checklist)",10m
Sav-Mor,FTE - Clone this run into Food Giant retailer (same dates) as FINAL step before completing FQC,1151618,11990,https://fadmin.flippback.com/flyer_runs/1151618,Sav-Mor - Apr 29,04/23/2026,4/28/2026,4/29/2026,4/27/2026,05/05/2026,https://docs.google.com/document/d/19sS7g3I4gWUKCYmbUheDz978PhZxk4fo_REsTYrCSfY/edit?tab=t.0#heading=h.y2dgj7b691i22,"Clone during FQC (Per OneGuide, Create the Clone as the FINAL step before completing the FQC checklist)",10m
Sav-Mor,FTE - Clone this run into Food Giant retailer (same dates) as FINAL step before completing FQC,1151619,11990,https://fadmin.flippback.com/flyer_runs/1151619,Sav-Mor - May 6,04/30/2026,5/5/2026,5/6/2026,5/4/2026,05/12/2026,https://docs.google.com/document/d/19sS7g3I4gWUKCYmbUheDz978PhZxk4fo_REsTYrCSfY/edit?tab=t.0#heading=h.y2dgj7b691i23,"Clone during FQC (Per OneGuide, Create the Clone as the FINAL step before completing the FQC checklist)",10m
Sav-Mor,FTE - Clone this run into Food Giant retailer (same dates) as FINAL step before completing FQC,1151620,11990,https://fadmin.flippback.com/flyer_runs/1151620,Sav-Mor - May 13,05/07/2026,5/12/2026,5/13/2026,5/11/2026,05/19/2026,https://docs.google.com/document/d/19sS7g3I4gWUKCYmbUheDz978PhZxk4fo_REsTYrCSfY/edit?tab=t.0#heading=h.y2dgj7b691i24,"Clone during FQC (Per OneGuide, Create the Clone as the FINAL step before completing the FQC checklist)",10m
Sav-Mor,FTE - Clone this run into Food Giant retailer (same dates) as FINAL step before completing FQC,1151621,11990,https://fadmin.flippback.com/flyer_runs/1151621,Sav-Mor - May 20,05/14/2026,5/19/2026,5/20/2026,5/18/2026,05/26/2026,https://docs.google.com/document/d/19sS7g3I4gWUKCYmbUheDz978PhZxk4fo_REsTYrCSfY/edit?tab=t.0#heading=h.y2dgj7b691i25,"Clone during FQC (Per OneGuide, Create the Clone as the FINAL step before completing the FQC checklist)",10m
Sav-Mor,FTE - Clone this run into Food Giant retailer (same dates) as FINAL step before completing FQC,1151622,11990,https://fadmin.flippback.com/flyer_runs/1151622,Sav-Mor - May 27,05/21/2026,5/26/2026,5/27/2026,5/25/2026,06/02/2026,https://docs.google.com/document/d/19sS7g3I4gWUKCYmbUheDz978PhZxk4fo_REsTYrCSfY/edit?tab=t.0#heading=h.y2dgj7b691i26,"Clone during FQC (Per OneGuide, Create the Clone as the FINAL step before completing the FQC checklist)",10m
Sav-Mor,FTE - Clone this run into Food Giant retailer (same dates) as FINAL step before completing FQC,1151623,11990,https://fadmin.flippback.com/flyer_runs/1151623,Sav-Mor - Jun 3,05/28/2026,6/2/2026,6/3/2026,6/1/2026,06/09/2026,https://docs.google.com/document/d/19sS7g3I4gWUKCYmbUheDz978PhZxk4fo_REsTYrCSfY/edit?tab=t.0#heading=h.y2dgj7b691i27,"Clone during FQC (Per OneGuide, Create the Clone as the FINAL step before completing the FQC checklist)",10m
Sav-Mor,FTE - Clone this run into Food Giant retailer (same dates) as FINAL step before completing FQC,1151624,11990,https://fadmin.flippback.com/flyer_runs/1151624,Sav-Mor - Jun 10,06/04/2026,6/9/2026,6/10/2026,6/8/2026,06/16/2026,https://docs.google.com/document/d/19sS7g3I4gWUKCYmbUheDz978PhZxk4fo_REsTYrCSfY/edit?tab=t.0#heading=h.y2dgj7b691i28,"Clone during FQC (Per OneGuide, Create the Clone as the FINAL step before completing the FQC checklist)",10m
Sav-Mor,FTE - Clone this run into Food Giant retailer (same dates) as FINAL step before completing FQC,1151625,11990,https://fadmin.flippback.com/flyer_runs/1151625,Sav-Mor - Jun 17,06/11/2026,6/16/2026,6/17/2026,6/15/2026,06/23/2026,https://docs.google.com/document/d/19sS7g3I4gWUKCYmbUheDz978PhZxk4fo_REsTYrCSfY/edit?tab=t.0#heading=h.y2dgj7b691i29,"Clone during FQC (Per OneGuide, Create the Clone as the FINAL step before completing the FQC checklist)",10m
Sav-Mor,FTE - Clone this run into Food Giant retailer (same dates) as FINAL step before completing FQC,1151626,11990,https://fadmin.flippback.com/flyer_runs/1151626,Sav-Mor - Jun 24,06/18/2026,6/23/2026,6/24/2026,6/22/2026,06/30/2026,https://docs.google.com/document/d/19sS7g3I4gWUKCYmbUheDz978PhZxk4fo_REsTYrCSfY/edit?tab=t.0#heading=h.y2dgj7b691i30,"Clone during FQC (Per OneGuide, Create the Clone as the FINAL step before completing the FQC checklist)",10m
Sav-Mor,FTE - Clone this run into Food Giant retailer (same dates) as FINAL step before completing FQC,1151627,11990,https://fadmin.flippback.com/flyer_runs/1151627,Sav-Mor - Jul 1,06/25/2026,6/30/2026,7/1/2026,6/29/2026,07/07/2026,https://docs.google.com/document/d/19sS7g3I4gWUKCYmbUheDz978PhZxk4fo_REsTYrCSfY/edit?tab=t.0#heading=h.y2dgj7b691i31,"Clone during FQC (Per OneGuide, Create the Clone as the FINAL step before completing the FQC checklist)",10m
Save Mart Supermarkets,FTE - Clone this run into Food Giant retailer (same dates) as FINAL step before completing FQC,1094537,11991,https://fadmin.flippback.com/flyer_runs/1094537,Save Mart Supermarkets - Dec 3,11/27/2025,12/2/2025,12/3/2025,12/1/2025,12/09/2025,https://docs.google.com/document/d/19sS7g3I4gWUKCYmbUheDz978PhZxk4fo_REsTYrCSfY/edit?tab=t.0#heading=h.y2dgj7b691i1,"Clone during FQC (Per OneGuide, Create the Clone as the FINAL step before completing the FQC checklist)",10m
Save Mart Supermarkets,FTE - Clone this run into Food Giant retailer (same dates) as FINAL step before completing FQC,1094538,11991,https://fadmin.flippback.com/flyer_runs/1094538,Save Mart Supermarkets - Dec 10,12/4/2025,12/9/2025,12/10/2025,12/8/2025,12/16/2025,https://docs.google.com/document/d/19sS7g3I4gWUKCYmbUheDz978PhZxk4fo_REsTYrCSfY/edit?tab=t.0#heading=h.y2dgj7b691i2,"Clone during FQC (Per OneGuide, Create the Clone as the FINAL step before completing the FQC checklist)",10m
Save Mart Supermarkets,FTE - Clone this run into Food Giant retailer (same dates) as FINAL step before completing FQC,1094539,11991,https://fadmin.flippback.com/flyer_runs/1094539,Save Mart Supermarkets - Dec 17,12/11/2025,12/16/2025,12/17/2025,12/15/2025,12/23/2025,https://docs.google.com/document/d/19sS7g3I4gWUKCYmbUheDz978PhZxk4fo_REsTYrCSfY/edit?tab=t.0#heading=h.y2dgj7b691i3,"Clone during FQC (Per OneGuide, Create the Clone as the FINAL step before completing the FQC checklist)",10m
Save Mart Supermarkets,FTE - Clone this run into Food Giant retailer (same dates) as FINAL step before completing FQC,1094540,11991,https://fadmin.flippback.com/flyer_runs/1094540,Save Mart Supermarkets - Dec 24,12/18/2025,12/23/2025,12/24/2025,12/22/2025,12/30/2025,https://docs.google.com/document/d/19sS7g3I4gWUKCYmbUheDz978PhZxk4fo_REsTYrCSfY/edit?tab=t.0#heading=h.y2dgj7b691i4,"Clone during FQC (Per OneGuide, Create the Clone as the FINAL step before completing the FQC checklist)",10m
Save Mart Supermarkets,FTE - Clone this run into Food Giant retailer (same dates) as FINAL step before completing FQC,1094541,11991,https://fadmin.flippback.com/flyer_runs/1094541,Save Mart Supermarkets - Dec 31,12/25/2025,12/30/2025,12/31/2025,12/29/2025,01/06/2026,https://docs.google.com/document/d/19sS7g3I4gWUKCYmbUheDz978PhZxk4fo_REsTYrCSfY/edit?tab=t.0#heading=h.y2dgj7b691i5,"Clone during FQC (Per OneGuide, Create the Clone as the FINAL step before completing the FQC checklist)",10m
Save Mart Supermarkets,FTE - Clone this run into Food Giant retailer (same dates) as FINAL step before completing FQC,1094542,11991,https://fadmin.flippback.com/flyer_runs/1094542,Save Mart Supermarkets - Jan 7,01/01/2026,1/6/2026,1/7/2026,1/5/2026,01/13/2026,https://docs.google.com/document/d/19sS7g3I4gWUKCYmbUheDz978PhZxk4fo_REsTYrCSfY/edit?tab=t.0#heading=h.y2dgj7b691i6,"Clone during FQC (Per OneGuide, Create the Clone as the FINAL step before completing the FQC checklist)",10m
Save Mart Supermarkets,FTE - Clone this run into Food Giant retailer (same dates) as FINAL step before completing FQC,1094543,11991,https://fadmin.flippback.com/flyer_runs/1094543,Save Mart Supermarkets - Jan 14,01/08/2026,1/13/2026,1/14/2026,1/12/2026,01/20/2026,https://docs.google.com/document/d/19sS7g3I4gWUKCYmbUheDz978PhZxk4fo_REsTYrCSfY/edit?tab=t.0#heading=h.y2dgj7b691i7,"Clone during FQC (Per OneGuide, Create the Clone as the FINAL step before completing the FQC checklist)",10m
Save Mart Supermarkets,FTE - Clone this run into Food Giant retailer (same dates) as FINAL step before completing FQC,1151652,11991,https://fadmin.flippback.com/flyer_runs/1151652,Save Mart Supermarkets - Jan 21,01/15/2026,1/20/2026,1/21/2026,1/19/2026,01/27/2026,https://docs.google.com/document/d/19sS7g3I4gWUKCYmbUheDz978PhZxk4fo_REsTYrCSfY/edit?tab=t.0#heading=h.y2dgj7b691i8,"Clone during FQC (Per OneGuide, Create the Clone as the FINAL step before completing the FQC checklist)",10m
Save Mart Supermarkets,FTE - Clone this run into Food Giant retailer (same dates) as FINAL step before completing FQC,1151653,11991,https://fadmin.flippback.com/flyer_runs/1151653,Save Mart Supermarkets - Jan 28,01/22/2026,1/27/2026,1/28/2026,1/26/2026,02/03/2026,https://docs.google.com/document/d/19sS7g3I4gWUKCYmbUheDz978PhZxk4fo_REsTYrCSfY/edit?tab=t.0#heading=h.y2dgj7b691i9,"Clone during FQC (Per OneGuide, Create the Clone as the FINAL step before completing the FQC checklist)",10m
Save Mart Supermarkets,FTE - Clone this run into Food Giant retailer (same dates) as FINAL step before completing FQC,1151654,11991,https://fadmin.flippback.com/flyer_runs/1151654,Save Mart Supermarkets - Feb 4,01/29/2026,2/3/2026,2/4/2026,2/2/2026,02/10/2026,https://docs.google.com/document/d/19sS7g3I4gWUKCYmbUheDz978PhZxk4fo_REsTYrCSfY/edit?tab=t.0#heading=h.y2dgj7b691i10,"Clone during FQC (Per OneGuide, Create the Clone as the FINAL step before completing the FQC checklist)",10m
Save Mart Supermarkets,FTE - Clone this run into Food Giant retailer (same dates) as FINAL step before completing FQC,1151655,11991,https://fadmin.flippback.com/flyer_runs/1151655,Save Mart Supermarkets - Feb 11,02/05/2026,2/10/2026,2/11/2026,2/9/2026,02/17/2026,https://docs.google.com/document/d/19sS7g3I4gWUKCYmbUheDz978PhZxk4fo_REsTYrCSfY/edit?tab=t.0#heading=h.y2dgj7b691i11,"Clone during FQC (Per OneGuide, Create the Clone as the FINAL step before completing the FQC checklist)",10m
Save Mart Supermarkets,FTE - Clone this run into Food Giant retailer (same dates) as FINAL step before completing FQC,1151656,11991,https://fadmin.flippback.com/flyer_runs/1151656,Save Mart Supermarkets - Feb 18,02/12/2026,2/17/2026,2/18/2026,2/16/2026,02/24/2026,https://docs.google.com/document/d/19sS7g3I4gWUKCYmbUheDz978PhZxk4fo_REsTYrCSfY/edit?tab=t.0#heading=h.y2dgj7b691i12,"Clone during FQC (Per OneGuide, Create the Clone as the FINAL step before completing the FQC checklist)",10m
Save Mart Supermarkets,FTE - Clone this run into Food Giant retailer (same dates) as FINAL step before completing FQC,1151657,11991,https://fadmin.flippback.com/flyer_runs/1151657,Save Mart Supermarkets - Feb 25,02/19/2026,2/24/2026,2/25/2026,2/23/2026,03/03/2026,https://docs.google.com/document/d/19sS7g3I4gWUKCYmbUheDz978PhZxk4fo_REsTYrCSfY/edit?tab=t.0#heading=h.y2dgj7b691i13,"Clone during FQC (Per OneGuide, Create the Clone as the FINAL step before completing the FQC checklist)",10m
Save Mart Supermarkets,FTE - Clone this run into Food Giant retailer (same dates) as FINAL step before completing FQC,1151658,11991,https://fadmin.flippback.com/flyer_runs/1151658,Save Mart Supermarkets - Mar 4,02/26/2026,3/3/2026,3/4/2026,3/2/2026,03/10/2026,https://docs.google.com/document/d/19sS7g3I4gWUKCYmbUheDz978PhZxk4fo_REsTYrCSfY/edit?tab=t.0#heading=h.y2dgj7b691i14,"Clone during FQC (Per OneGuide, Create the Clone as the FINAL step before completing the FQC checklist)",10m
Save Mart Supermarkets,FTE - Clone this run into Food Giant retailer (same dates) as FINAL step before completing FQC,1151659,11991,https://fadmin.flippback.com/flyer_runs/1151659,Save Mart Supermarkets - Mar 11,03/05/2026,3/10/2026,3/11/2026,3/9/2026,03/17/2026,https://docs.google.com/document/d/19sS7g3I4gWUKCYmbUheDz978PhZxk4fo_REsTYrCSfY/edit?tab=t.0#heading=h.y2dgj7b691i15,"Clone during FQC (Per OneGuide, Create the Clone as the FINAL step before completing the FQC checklist)",10m
Save Mart Supermarkets,FTE - Clone this run into Food Giant retailer (same dates) as FINAL step before completing FQC,1151660,11991,https://fadmin.flippback.com/flyer_runs/1151660,Save Mart Supermarkets - Mar 18,03/12/2026,3/17/2026,3/18/2026,3/16/2026,03/24/2026,https://docs.google.com/document/d/19sS7g3I4gWUKCYmbUheDz978PhZxk4fo_REsTYrCSfY/edit?tab=t.0#heading=h.y2dgj7b691i16,"Clone during FQC (Per OneGuide, Create the Clone as the FINAL step before completing the FQC checklist)",10m
Save Mart Supermarkets,FTE - Clone this run into Food Giant retailer (same dates) as FINAL step before completing FQC,1151661,11991,https://fadmin.flippback.com/flyer_runs/1151661,Save Mart Supermarkets - Mar 25,03/19/2026,3/24/2026,3/25/2026,3/23/2026,03/31/2026,https://docs.google.com/document/d/19sS7g3I4gWUKCYmbUheDz978PhZxk4fo_REsTYrCSfY/edit?tab=t.0#heading=h.y2dgj7b691i17,"Clone during FQC (Per OneGuide, Create the Clone as the FINAL step before completing the FQC checklist)",10m
Save Mart Supermarkets,FTE - Clone this run into Food Giant retailer (same dates) as FINAL step before completing FQC,1151662,11991,https://fadmin.flippback.com/flyer_runs/1151662,Save Mart Supermarkets - Apr 1,03/26/2026,3/31/2026,4/1/2026,3/30/2026,04/07/2026,https://docs.google.com/document/d/19sS7g3I4gWUKCYmbUheDz978PhZxk4fo_REsTYrCSfY/edit?tab=t.0#heading=h.y2dgj7b691i18,"Clone during FQC (Per OneGuide, Create the Clone as the FINAL step before completing the FQC checklist)",10m
Save Mart Supermarkets,FTE - Clone this run into Food Giant retailer (same dates) as FINAL step before completing FQC,1151663,11991,https://fadmin.flippback.com/flyer_runs/1151663,Save Mart Supermarkets - Apr 8,04/02/2026,4/7/2026,4/8/2026,4/6/2026,04/14/2026,https://docs.google.com/document/d/19sS7g3I4gWUKCYmbUheDz978PhZxk4fo_REsTYrCSfY/edit?tab=t.0#heading=h.y2dgj7b691i19,"Clone during FQC (Per OneGuide, Create the Clone as the FINAL step before completing the FQC checklist)",10m
Save Mart Supermarkets,FTE - Clone this run into Food Giant retailer (same dates) as FINAL step before completing FQC,1151664,11991,https://fadmin.flippback.com/flyer_runs/1151664,Save Mart Supermarkets - Apr 15,04/09/2026,4/14/2026,4/15/2026,4/13/2026,04/21/2026,https://docs.google.com/document/d/19sS7g3I4gWUKCYmbUheDz978PhZxk4fo_REsTYrCSfY/edit?tab=t.0#heading=h.y2dgj7b691i20,"Clone during FQC (Per OneGuide, Create the Clone as the FINAL step before completing the FQC checklist)",10m
Save Mart Supermarkets,FTE - Clone this run into Food Giant retailer (same dates) as FINAL step before completing FQC,1151665,11991,https://fadmin.flippback.com/flyer_runs/1151665,Save Mart Supermarkets - Apr 22,04/16/2026,4/21/2026,4/22/2026,4/20/2026,04/28/2026,https://docs.google.com/document/d/19sS7g3I4gWUKCYmbUheDz978PhZxk4fo_REsTYrCSfY/edit?tab=t.0#heading=h.y2dgj7b691i21,"Clone during FQC (Per OneGuide, Create the Clone as the FINAL step before completing the FQC checklist)",10m
Save Mart Supermarkets,FTE - Clone this run into Food Giant retailer (same dates) as FINAL step before completing FQC,1151666,11991,https://fadmin.flippback.com/flyer_runs/1151666,Save Mart Supermarkets - Apr 29,04/23/2026,4/28/2026,4/29/2026,4/27/2026,05/05/2026,https://docs.google.com/document/d/19sS7g3I4gWUKCYmbUheDz978PhZxk4fo_REsTYrCSfY/edit?tab=t.0#heading=h.y2dgj7b691i22,"Clone during FQC (Per OneGuide, Create the Clone as the FINAL step before completing the FQC checklist)",10m
Save Mart Supermarkets,FTE - Clone this run into Food Giant retailer (same dates) as FINAL step before completing FQC,1151667,11991,https://fadmin.flippback.com/flyer_runs/1151667,Save Mart Supermarkets - May 6,04/30/2026,5/5/2026,5/6/2026,5/4/2026,05/12/2026,https://docs.google.com/document/d/19sS7g3I4gWUKCYmbUheDz978PhZxk4fo_REsTYrCSfY/edit?tab=t.0#heading=h.y2dgj7b691i23,"Clone during FQC (Per OneGuide, Create the Clone as the FINAL step before completing the FQC checklist)",10m
Save Mart Supermarkets,FTE - Clone this run into Food Giant retailer (same dates) as FINAL step before completing FQC,1151668,11991,https://fadmin.flippback.com/flyer_runs/1151668,Save Mart Supermarkets - May 13,05/07/2026,5/12/2026,5/13/2026,5/11/2026,05/19/2026,https://docs.google.com/document/d/19sS7g3I4gWUKCYmbUheDz978PhZxk4fo_REsTYrCSfY/edit?tab=t.0#heading=h.y2dgj7b691i24,"Clone during FQC (Per OneGuide, Create the Clone as the FINAL step before completing the FQC checklist)",10m
Save Mart Supermarkets,FTE - Clone this run into Food Giant retailer (same dates) as FINAL step before completing FQC,1151669,11991,https://fadmin.flippback.com/flyer_runs/1151669,Save Mart Supermarkets - May 20,05/14/2026,5/19/2026,5/20/2026,5/18/2026,05/26/2026,https://docs.google.com/document/d/19sS7g3I4gWUKCYmbUheDz978PhZxk4fo_REsTYrCSfY/edit?tab=t.0#heading=h.y2dgj7b691i25,"Clone during FQC (Per OneGuide, Create the Clone as the FINAL step before completing the FQC checklist)",10m
Save Mart Supermarkets,FTE - Clone this run into Food Giant retailer (same dates) as FINAL step before completing FQC,1151670,11991,https://fadmin.flippback.com/flyer_runs/1151670,Save Mart Supermarkets - May 27,05/21/2026,5/26/2026,5/27/2026,5/25/2026,06/02/2026,https://docs.google.com/document/d/19sS7g3I4gWUKCYmbUheDz978PhZxk4fo_REsTYrCSfY/edit?tab=t.0#heading=h.y2dgj7b691i26,"Clone during FQC (Per OneGuide, Create the Clone as the FINAL step before completing the FQC checklist)",10m
Save Mart Supermarkets,FTE - Clone this run into Food Giant retailer (same dates) as FINAL step before completing FQC,1151671,11991,https://fadmin.flippback.com/flyer_runs/1151671,Save Mart Supermarkets - Jun 3,05/28/2026,6/2/2026,6/3/2026,6/1/2026,06/09/2026,https://docs.google.com/document/d/19sS7g3I4gWUKCYmbUheDz978PhZxk4fo_REsTYrCSfY/edit?tab=t.0#heading=h.y2dgj7b691i27,"Clone during FQC (Per OneGuide, Create the Clone as the FINAL step before completing the FQC checklist)",10m
Save Mart Supermarkets,FTE - Clone this run into Food Giant retailer (same dates) as FINAL step before completing FQC,1151672,11991,https://fadmin.flippback.com/flyer_runs/1151672,Save Mart Supermarkets - Jun 10,06/04/2026,6/9/2026,6/10/2026,6/8/2026,06/16/2026,https://docs.google.com/document/d/19sS7g3I4gWUKCYmbUheDz978PhZxk4fo_REsTYrCSfY/edit?tab=t.0#heading=h.y2dgj7b691i28,"Clone during FQC (Per OneGuide, Create the Clone as the FINAL step before completing the FQC checklist)",10m
Save Mart Supermarkets,FTE - Clone this run into Food Giant retailer (same dates) as FINAL step before completing FQC,1151673,11991,https://fadmin.flippback.com/flyer_runs/1151673,Save Mart Supermarkets - Jun 17,06/11/2026,6/16/2026,6/17/2026,6/15/2026,06/23/2026,https://docs.google.com/document/d/19sS7g3I4gWUKCYmbUheDz978PhZxk4fo_REsTYrCSfY/edit?tab=t.0#heading=h.y2dgj7b691i29,"Clone during FQC (Per OneGuide, Create the Clone as the FINAL step before completing the FQC checklist)",10m
Save Mart Supermarkets,FTE - Clone this run into Food Giant retailer (same dates) as FINAL step before completing FQC,1151674,11991,https://fadmin.flippback.com/flyer_runs/1151674,Save Mart Supermarkets - Jun 24,06/18/2026,6/23/2026,6/24/2026,6/22/2026,06/30/2026,https://docs.google.com/document/d/19sS7g3I4gWUKCYmbUheDz978PhZxk4fo_REsTYrCSfY/edit?tab=t.0#heading=h.y2dgj7b691i30,"Clone during FQC (Per OneGuide, Create the Clone as the FINAL step before completing the FQC checklist)",10m
Save Mart Supermarkets,FTE - Clone this run into Food Giant retailer (same dates) as FINAL step before completing FQC,1151675,11991,https://fadmin.flippback.com/flyer_runs/1151675,Save Mart Supermarkets - Jul 1,06/25/2026,6/30/2026,7/1/2026,6/29/2026,07/07/2026,https://docs.google.com/document/d/19sS7g3I4gWUKCYmbUheDz978PhZxk4fo_REsTYrCSfY/edit?tab=t.0#heading=h.y2dgj7b691i31,"Clone during FQC (Per OneGuide, Create the Clone as the FINAL step before completing the FQC checklist)",10m
Uniprix,OPS - Clone Post FQC,1124082,3551,https://fadmin.flippback.com/flyer_runs/1124082,Uniprix - Uniprix Weekly Dec 2,11/22/2025,12/2/2025,12/4/2025,12/1/2025,12/10/2025,https://docs.google.com/document/d/1xUcqTvwoZUT1Y1yQj1BI1-IdJGp3hVpFpImrWYgg8oY/edit?usp=sharing,,15m
Uniprix,OPS - Clone Post FQC,1124083,3551,https://fadmin.flippback.com/flyer_runs/1124083,Uniprix - Uniprix Weekly Dec 9,11/29/2025,12/9/2025,12/11/2025,12/8/2025,12/17/2025,https://docs.google.com/document/d/1xUcqTvwoZUT1Y1yQj1BI1-IdJGp3hVpFpImrWYgg8oY/edit?usp=sharing,,15m
Uniprix,OPS - Clone Post FQC,1124084,3551,https://fadmin.flippback.com/flyer_runs/1124084,Uniprix - Uniprix Weekly Dec 16,12/6/2025,12/16/2025,12/18/2025,12/15/2025,12/24/2025,https://docs.google.com/document/d/1xUcqTvwoZUT1Y1yQj1BI1-IdJGp3hVpFpImrWYgg8oY/edit?usp=sharing,,15m
Uniprix,OPS - Clone Post FQC,1124085,3551,https://fadmin.flippback.com/flyer_runs/1124085,Uniprix - Uniprix Weekly Dec 23,12/13/2025,12/23/2025,12/25/2025,12/22/2025,12/31/2025,https://docs.google.com/document/d/1xUcqTvwoZUT1Y1yQj1BI1-IdJGp3hVpFpImrWYgg8oY/edit?usp=sharing,,15m
Uniprix,OPS - Clone Post FQC,1124107,6648,https://fadmin.flippback.com/flyer_runs/1124107,Uniprix - Uniprix Sante Dec 4,11/24/2025,12/4/2025,12/4/2025,12/3/2025,12/10/2025,https://docs.google.com/document/d/1xUcqTvwoZUT1Y1yQj1BI1-IdJGp3hVpFpImrWYgg8oY/edit?usp=sharing,,15m
Uniprix,OPS - Clone Post FQC,1124108,6648,https://fadmin.flippback.com/flyer_runs/1124108,Uniprix - Uniprix Sante Dec 11,12/1/2025,12/11/2025,12/11/2025,12/10/2025,12/17/2025,https://docs.google.com/document/d/1xUcqTvwoZUT1Y1yQj1BI1-IdJGp3hVpFpImrWYgg8oY/edit?usp=sharing,,15m
Uniprix,OPS - Clone Post FQC,1124109,6648,https://fadmin.flippback.com/flyer_runs/1124109,Uniprix - Uniprix Sante Dec 18,12/8/2025,12/18/2025,12/18/2025,12/17/2025,12/24/2025,https://docs.google.com/document/d/1xUcqTvwoZUT1Y1yQj1BI1-IdJGp3hVpFpImrWYgg8oY/edit?usp=sharing,,15m
Uniprix,OPS - Clone Post FQC,1124110,6648,https://fadmin.flippback.com/flyer_runs/1124110,Uniprix - Uniprix Sante Dec 25,12/15/2025,12/25/2025,12/25/2025,12/24/2025,12/31/2025,https://docs.google.com/document/d/1xUcqTvwoZUT1Y1yQj1BI1-IdJGp3hVpFpImrWYgg8oY/edit?usp=sharing,,15m
Uniprix,OPS - Clone Post FQC,1167053,5893,https://fadmin.flippback.com/flyer_runs/1167053,Uniprix - Uniprix Carnet Beaute Dec 2,11/22/2025,12/2/2025,12/4/2025,12/1/2025,12/10/2025,https://docs.google.com/document/d/1xUcqTvwoZUT1Y1yQj1BI1-IdJGp3hVpFpImrWYgg8oY/edit?usp=sharing,,15m
Uniprix Sante,OPS - Clone Post FQC,1115361,12085,https://fadmin.flippback.com/flyer_runs/1115361,Uniprix Sante - December 4,11/24/2025,12/4/2025,12/4/2025,12/3/2025,12/10/2025,https://docs.google.com/document/d/1xUcqTvwoZUT1Y1yQj1BI1-IdJGp3hVpFpImrWYgg8oY/edit?usp=sharing,,15m
Uniprix Sante,OPS - Clone Post FQC,1115362,12085,https://fadmin.flippback.com/flyer_runs/1115362,Uniprix Sante - December 11,12/1/2025,12/11/2025,12/11/2025,12/10/2025,12/17/2025,https://docs.google.com/document/d/1xUcqTvwoZUT1Y1yQj1BI1-IdJGp3hVpFpImrWYgg8oY/edit?usp=sharing,,15m
Uniprix Sante,OPS - Clone Post FQC,1115363,12085,https://fadmin.flippback.com/flyer_runs/1115363,Uniprix Sante - December 18,12/8/2025,12/18/2025,12/18/2025,12/17/2025,12/24/2025,https://docs.google.com/document/d/1xUcqTvwoZUT1Y1yQj1BI1-IdJGp3hVpFpImrWYgg8oY/edit?usp=sharing,,15m
Uniprix Sante,OPS - Clone Post FQC,1115364,12085,https://fadmin.flippback.com/flyer_runs/1115364,Uniprix Sante - December 25,12/15/2025,12/25/2025,12/25/2025,12/24/2025,12/31/2025,https://docs.google.com/document/d/1xUcqTvwoZUT1Y1yQj1BI1-IdJGp3hVpFpImrWYgg8oY/edit?usp=sharing,,15m
Winn-Dixie,,1083823,3099,https://fadmin.flippback.com/flyer_runs/1083823,Winn-Dixie - [NGL] Week 51 BRSR,11/26/2025,12/3/2025,12/10/2025,12/2/2025,12/16/2025,https://docs.google.com/document/d/10egXq3eXv6XOcZAGhu3z5IhxGtsS9GJlxyPVU8Jf8-w/edit,,110m
Winn-Dixie,,1083824,3099,https://fadmin.flippback.com/flyer_runs/1083824,Winn-Dixie - [NGL] Week 52 BRSR,12/3/2025,12/10/2025,12/17/2025,12/9/2025,12/23/2025,https://docs.google.com/document/d/10egXq3eXv6XOcZAGhu3z5IhxGtsS9GJlxyPVU8Jf8-w/edit,,110m
Winn-Dixie,,1083825,3099,https://fadmin.flippback.com/flyer_runs/1083825,Winn-Dixie - [NGL] Week 53 BRSR,12/10/2025,12/17/2025,12/24/2025,12/16/2025,12/30/2025,https://docs.google.com/document/d/10egXq3eXv6XOcZAGhu3z5IhxGtsS9GJlxyPVU8Jf8-w/edit,,110m
Winn-Dixie,,1083826,3099,https://fadmin.flippback.com/flyer_runs/1083826,Winn-Dixie - [NGL] Week 54 BRSR,12/17/2025,12/24/2025,12/31/2025,12/23/2025,01/06/2026,https://docs.google.com/document/d/10egXq3eXv6XOcZAGhu3z5IhxGtsS9GJlxyPVU8Jf8-w/edit,,110m
Winn-Dixie,,1083955,3285,https://fadmin.flippback.com/flyer_runs/1083955,Winn-Dixie - Passout Week 51-52,12/3/2025,12/10/2025,12/10/2025,12/9/2025,12/23/2025,https://docs.google.com/document/d/10egXq3eXv6XOcZAGhu3z5IhxGtsS9GJlxyPVU8Jf8-w/edit,,110m
Winn-Dixie,,1083956,3285,https://fadmin.flippback.com/flyer_runs/1083956,Winn-Dixie - Passout Week 53-54,12/17/2025,12/24/2025,12/24/2025,12/23/2025,01/06/2026,https://docs.google.com/document/d/10egXq3eXv6XOcZAGhu3z5IhxGtsS9GJlxyPVU8Jf8-w/edit,,110m
Winn-Dixie,,1083957,3285,https://fadmin.flippback.com/flyer_runs/1083957,Winn-Dixie - Passout Week 55-56,12/31/2025,1/7/2026,1/7/2026,1/6/2026,01/20/2026,https://docs.google.com/document/d/10egXq3eXv6XOcZAGhu3z5IhxGtsS9GJlxyPVU8Jf8-w/edit,,110m
Winn-Dixie,,1139314,3099,https://fadmin.flippback.com/flyer_runs/1139314,Winn-Dixie - Week 49,11/21/2025,11/28/2025,11/28/2025,11/27/2025,12/02/2025,https://docs.google.com/document/d/10egXq3eXv6XOcZAGhu3z5IhxGtsS9GJlxyPVU8Jf8-w/edit,,110m
Winn-Dixie,,1139315,3099,https://fadmin.flippback.com/flyer_runs/1139315,Winn-Dixie - Week 50,11/25/2025,12/2/2025,12/3/2025,12/1/2025,12/09/2025,https://docs.google.com/document/d/10egXq3eXv6XOcZAGhu3z5IhxGtsS9GJlxyPVU8Jf8-w/edit,,110m
Winn-Dixie,,1139316,3099,https://fadmin.flippback.com/flyer_runs/1139316,Winn-Dixie - Week 51,12/2/2025,12/9/2025,12/10/2025,12/8/2025,12/16/2025,https://docs.google.com/document/d/10egXq3eXv6XOcZAGhu3z5IhxGtsS9GJlxyPVU8Jf8-w/edit,,110m
Winn-Dixie,,1139318,3099,https://fadmin.flippback.com/flyer_runs/1139318,Winn-Dixie - Week 52,12/9/2025,12/16/2025,12/17/2025,12/15/2025,12/23/2025,https://docs.google.com/document/d/10egXq3eXv6XOcZAGhu3z5IhxGtsS9GJlxyPVU8Jf8-w/edit,,110m
Winn-Dixie,,1139319,3099,https://fadmin.flippback.com/flyer_runs/1139319,Winn-Dixie - Week 53,12/16/2025,12/23/2025,12/24/2025,12/22/2025,12/30/2025,https://docs.google.com/document/d/10egXq3eXv6XOcZAGhu3z5IhxGtsS9GJlxyPVU8Jf8-w/edit,,110m
Winn-Dixie,,1139320,3099,https://fadmin.flippback.com/flyer_runs/1139320,Winn-Dixie - Week 54,12/23/2025,12/30/2025,12/31/2025,12/29/2025,01/06/2026,https://docs.google.com/document/d/10egXq3eXv6XOcZAGhu3z5IhxGtsS9GJlxyPVU8Jf8-w/edit,,110m
Winn-Dixie,,1146384,3099,https://fadmin.flippback.com/flyer_runs/1146384,Winn-Dixie - Week 1,12/30/2025,1/6/2026,1/7/2026,1/5/2026,01/13/2026,https://docs.google.com/document/d/10egXq3eXv6XOcZAGhu3z5IhxGtsS9GJlxyPVU8Jf8-w/edit,,110m
Winn-Dixie,,1146385,3099,https://fadmin.flippback.com/flyer_runs/1146385,Winn-Dixie - Week 2,01/06/2026,1/13/2026,1/14/2026,1/12/2026,01/20/2026,https://docs.google.com/document/d/10egXq3eXv6XOcZAGhu3z5IhxGtsS9GJlxyPVU8Jf8-w/edit,,110m
Winn-Dixie,,1146386,3099,https://fadmin.flippback.com/flyer_runs/1146386,Winn-Dixie - Week 3,01/13/2026,1/20/2026,1/21/2026,1/19/2026,01/27/2026,https://docs.google.com/document/d/10egXq3eXv6XOcZAGhu3z5IhxGtsS9GJlxyPVU8Jf8-w/edit,,110m
Winn-Dixie,,1146387,3099,https://fadmin.flippback.com/flyer_runs/1146387,Winn-Dixie - Week 4,01/20/2026,1/27/2026,1/28/2026,1/26/2026,02/03/2026,https://docs.google.com/document/d/10egXq3eXv6XOcZAGhu3z5IhxGtsS9GJlxyPVU8Jf8-w/edit,,110m
Winn-Dixie,,1146388,3099,https://fadmin.flippback.com/flyer_runs/1146388,Winn-Dixie - Week 5,01/27/2026,2/3/2026,2/4/2026,2/2/2026,02/10/2026,https://docs.google.com/document/d/10egXq3eXv6XOcZAGhu3z5IhxGtsS9GJlxyPVU8Jf8-w/edit,,110m
Winn-Dixie,,1146389,3099,https://fadmin.flippback.com/flyer_runs/1146389,Winn-Dixie - Week 6,02/03/2026,2/10/2026,2/11/2026,2/9/2026,02/17/2026,https://docs.google.com/document/d/10egXq3eXv6XOcZAGhu3z5IhxGtsS9GJlxyPVU8Jf8-w/edit,,110m
Winn-Dixie,,1146390,3099,https://fadmin.flippback.com/flyer_runs/1146390,Winn-Dixie - Week 7,02/10/2026,2/17/2026,2/18/2026,2/16/2026,02/24/2026,https://docs.google.com/document/d/10egXq3eXv6XOcZAGhu3z5IhxGtsS9GJlxyPVU8Jf8-w/edit,,110m
Winn-Dixie,,1146391,3099,https://fadmin.flippback.com/flyer_runs/1146391,Winn-Dixie - Week 8,02/17/2026,2/24/2026,2/25/2026,2/23/2026,03/03/2026,https://docs.google.com/document/d/10egXq3eXv6XOcZAGhu3z5IhxGtsS9GJlxyPVU8Jf8-w/edit,,110m
Winn-Dixie,,1146392,3099,https://fadmin.flippback.com/flyer_runs/1146392,Winn-Dixie - Week 9,02/24/2026,3/3/2026,3/4/2026,3/2/2026,03/10/2026,https://docs.google.com/document/d/10egXq3eXv6XOcZAGhu3z5IhxGtsS9GJlxyPVU8Jf8-w/edit,,110m
Winn-Dixie,,1146393,3099,https://fadmin.flippback.com/flyer_runs/1146393,Winn-Dixie - Week 10,03/03/2026,3/10/2026,3/11/2026,3/9/2026,03/17/2026,https://docs.google.com/document/d/10egXq3eXv6XOcZAGhu3z5IhxGtsS9GJlxyPVU8Jf8-w/edit,,110m
Winn-Dixie,,1146394,3099,https://fadmin.flippback.com/flyer_runs/1146394,Winn-Dixie - Week 11,03/10/2026,3/17/2026,3/18/2026,3/16/2026,03/24/2026,https://docs.google.com/document/d/10egXq3eXv6XOcZAGhu3z5IhxGtsS9GJlxyPVU8Jf8-w/edit,,110m
Winn-Dixie,,1146395,3099,https://fadmin.flippback.com/flyer_runs/1146395,Winn-Dixie - Week 12,03/17/2026,3/24/2026,3/25/2026,3/23/2026,03/31/2026,https://docs.google.com/document/d/10egXq3eXv6XOcZAGhu3z5IhxGtsS9GJlxyPVU8Jf8-w/edit,,110m
Winn-Dixie,,1146396,3099,https://fadmin.flippback.com/flyer_runs/1146396,Winn-Dixie - Week 13,03/24/2026,3/31/2026,4/1/2026,3/30/2026,04/07/2026,https://docs.google.com/document/d/10egXq3eXv6XOcZAGhu3z5IhxGtsS9GJlxyPVU8Jf8-w/edit,,110m
Winn-Dixie,,1146397,3099,https://fadmin.flippback.com/flyer_runs/1146397,Winn-Dixie - Week 14,03/31/2026,4/7/2026,4/8/2026,4/6/2026,04/14/2026,https://docs.google.com/document/d/10egXq3eXv6XOcZAGhu3z5IhxGtsS9GJlxyPVU8Jf8-w/edit,,110m
Winn-Dixie,,1146398,3099,https://fadmin.flippback.com/flyer_runs/1146398,Winn-Dixie - Week 15,04/07/2026,4/14/2026,4/15/2026,4/13/2026,04/21/2026,https://docs.google.com/document/d/10egXq3eXv6XOcZAGhu3z5IhxGtsS9GJlxyPVU8Jf8-w/edit,,110m
Winn-Dixie,,1146399,3099,https://fadmin.flippback.com/flyer_runs/1146399,Winn-Dixie - Week 16,04/14/2026,4/21/2026,4/22/2026,4/20/2026,04/28/2026,https://docs.google.com/document/d/10egXq3eXv6XOcZAGhu3z5IhxGtsS9GJlxyPVU8Jf8-w/edit,,110m
Winn-Dixie,,1146400,3099,https://fadmin.flippback.com/flyer_runs/1146400,Winn-Dixie - Week 17,04/21/2026,4/28/2026,4/29/2026,4/27/2026,05/05/2026,https://docs.google.com/document/d/10egXq3eXv6XOcZAGhu3z5IhxGtsS9GJlxyPVU8Jf8-w/edit,,110m
Winn-Dixie,,1146401,3099,https://fadmin.flippback.com/flyer_runs/1146401,Winn-Dixie - Week 18,04/28/2026,5/5/2026,5/6/2026,5/4/2026,05/12/2026,https://docs.google.com/document/d/10egXq3eXv6XOcZAGhu3z5IhxGtsS9GJlxyPVU8Jf8-w/edit,,110m
Winn-Dixie,,1146402,3099,https://fadmin.flippback.com/flyer_runs/1146402,Winn-Dixie - Week 19,05/05/2026,5/12/2026,5/13/2026,5/11/2026,05/19/2026,https://docs.google.com/document/d/10egXq3eXv6XOcZAGhu3z5IhxGtsS9GJlxyPVU8Jf8-w/edit,,110m
Winn-Dixie,,1146403,3099,https://fadmin.flippback.com/flyer_runs/1146403,Winn-Dixie - Week 20,05/12/2026,5/19/2026,5/20/2026,5/18/2026,05/26/2026,https://docs.google.com/document/d/10egXq3eXv6XOcZAGhu3z5IhxGtsS9GJlxyPVU8Jf8-w/edit,,110m
Winn-Dixie,,1146404,3099,https://fadmin.flippback.com/flyer_runs/1146404,Winn-Dixie - Week 21,05/19/2026,5/26/2026,5/27/2026,5/25/2026,06/02/2026,https://docs.google.com/document/d/10egXq3eXv6XOcZAGhu3z5IhxGtsS9GJlxyPVU8Jf8-w/edit,,110m
Winn-Dixie,,1146405,3099,https://fadmin.flippback.com/flyer_runs/1146405,Winn-Dixie - Week 22,05/26/2026,6/2/2026,6/3/2026,6/1/2026,06/09/2026,https://docs.google.com/document/d/10egXq3eXv6XOcZAGhu3z5IhxGtsS9GJlxyPVU8Jf8-w/edit,,110m
Winn-Dixie,,1146406,3099,https://fadmin.flippback.com/flyer_runs/1146406,Winn-Dixie - Week 23,06/02/2026,6/9/2026,6/10/2026,6/8/2026,06/16/2026,https://docs.google.com/document/d/10egXq3eXv6XOcZAGhu3z5IhxGtsS9GJlxyPVU8Jf8-w/edit,,110m
Winn-Dixie,,1146407,3099,https://fadmin.flippback.com/flyer_runs/1146407,Winn-Dixie - Week 24,06/09/2026,6/16/2026,6/17/2026,6/15/2026,06/23/2026,https://docs.google.com/document/d/10egXq3eXv6XOcZAGhu3z5IhxGtsS9GJlxyPVU8Jf8-w/edit,,110m
Winn-Dixie,,1146408,3099,https://fadmin.flippback.com/flyer_runs/1146408,Winn-Dixie - Week 25,06/16/2026,6/23/2026,6/24/2026,6/22/2026,06/30/2026,https://docs.google.com/document/d/10egXq3eXv6XOcZAGhu3z5IhxGtsS9GJlxyPVU8Jf8-w/edit,,110m
Winn-Dixie,,1146409,3099,https://fadmin.flippback.com/flyer_runs/1146409,Winn-Dixie - Week 26,06/23/2026,6/30/2026,7/1/2026,6/29/2026,07/07/2026,https://docs.google.com/document/d/10egXq3eXv6XOcZAGhu3z5IhxGtsS9GJlxyPVU8Jf8-w/edit,,110m
Winn-Dixie,,1146437,3285,https://fadmin.flippback.com/flyer_runs/1146437,Winn-Dixie - Passout Week 3-4,01/14/2026,1/21/2026,1/21/2026,1/20/2026,02/03/2026,https://docs.google.com/document/d/10egXq3eXv6XOcZAGhu3z5IhxGtsS9GJlxyPVU8Jf8-w/edit,,110m
Winn-Dixie,,1146438,3285,https://fadmin.flippback.com/flyer_runs/1146438,Winn-Dixie - Passout Week 5-6,01/28/2026,2/4/2026,2/4/2026,2/3/2026,02/17/2026,https://docs.google.com/document/d/10egXq3eXv6XOcZAGhu3z5IhxGtsS9GJlxyPVU8Jf8-w/edit,,110m
Winn-Dixie,,1146439,3285,https://fadmin.flippback.com/flyer_runs/1146439,Winn-Dixie - Passout Week 7-8,02/11/2026,2/18/2026,2/18/2026,2/17/2026,03/03/2026,https://docs.google.com/document/d/10egXq3eXv6XOcZAGhu3z5IhxGtsS9GJlxyPVU8Jf8-w/edit,,110m
Winn-Dixie,,1146440,3285,https://fadmin.flippback.com/flyer_runs/1146440,Winn-Dixie - Passout Week 9-10,02/25/2026,3/4/2026,3/4/2026,3/3/2026,03/17/2026,https://docs.google.com/document/d/10egXq3eXv6XOcZAGhu3z5IhxGtsS9GJlxyPVU8Jf8-w/edit,,110m
Winn-Dixie,,1146441,3285,https://fadmin.flippback.com/flyer_runs/1146441,Winn-Dixie - Passout Week 11-12,03/11/2026,3/18/2026,3/18/2026,3/17/2026,03/31/2026,https://docs.google.com/document/d/10egXq3eXv6XOcZAGhu3z5IhxGtsS9GJlxyPVU8Jf8-w/edit,,110m
Winn-Dixie,,1146442,3285,https://fadmin.flippback.com/flyer_runs/1146442,Winn-Dixie - Passout Week 13-14,03/25/2026,4/1/2026,4/1/2026,3/31/2026,04/14/2026,https://docs.google.com/document/d/10egXq3eXv6XOcZAGhu3z5IhxGtsS9GJlxyPVU8Jf8-w/edit,,110m
Winn-Dixie,,1146443,3285,https://fadmin.flippback.com/flyer_runs/1146443,Winn-Dixie - Passout Week 15-16,04/08/2026,4/15/2026,4/15/2026,4/14/2026,04/28/2026,https://docs.google.com/document/d/10egXq3eXv6XOcZAGhu3z5IhxGtsS9GJlxyPVU8Jf8-w/edit,,110m
Winn-Dixie,,1146444,3285,https://fadmin.flippback.com/flyer_runs/1146444,Winn-Dixie - Passout Week 17-18,04/22/2026,4/29/2026,4/29/2026,4/28/2026,05/12/2026,https://docs.google.com/document/d/10egXq3eXv6XOcZAGhu3z5IhxGtsS9GJlxyPVU8Jf8-w/edit,,110m
Winn-Dixie,,1146445,3285,https://fadmin.flippback.com/flyer_runs/1146445,Winn-Dixie - Passout Week 19-20,05/06/2026,5/13/2026,5/13/2026,5/12/2026,05/26/2026,https://docs.google.com/document/d/10egXq3eXv6XOcZAGhu3z5IhxGtsS9GJlxyPVU8Jf8-w/edit,,110m
Winn-Dixie,,1146446,3285,https://fadmin.flippback.com/flyer_runs/1146446,Winn-Dixie - Passout Week 21-22,05/20/2026,5/27/2026,5/27/2026,5/26/2026,06/09/2026,https://docs.google.com/document/d/10egXq3eXv6XOcZAGhu3z5IhxGtsS9GJlxyPVU8Jf8-w/edit,,110m
Winn-Dixie,,1146447,3285,https://fadmin.flippback.com/flyer_runs/1146447,Winn-Dixie - Passout Week 23-24,06/03/2026,6/10/2026,6/10/2026,6/9/2026,06/23/2026,https://docs.google.com/document/d/10egXq3eXv6XOcZAGhu3z5IhxGtsS9GJlxyPVU8Jf8-w/edit,,110m
Winn-Dixie,,1146448,3285,https://fadmin.flippback.com/flyer_runs/1146448,Winn-Dixie - Passout Week 25-26,06/17/2026,6/24/2026,6/24/2026,6/23/2026,07/07/2026,https://docs.google.com/document/d/10egXq3eXv6XOcZAGhu3z5IhxGtsS9GJlxyPVU8Jf8-w/edit,,110m
Winn-Dixie,,1163438,3284,https://fadmin.flippback.com/flyer_runs/1163438,Winn-Dixie - Dec LIQ,11/24/2025,12/1/2025,12/1/2025,11/30/2025,01/04/2026,https://docs.google.com/document/d/10egXq3eXv6XOcZAGhu3z5IhxGtsS9GJlxyPVU8Jf8-w/edit,,110m