"Task Type","Task ID","Task Name","Parent ID","Parent Name","Parent URL","Status","Task Content","Assignee","Priority","Latest Comment","Comment Count","Assigned Comment Count","Due Date","Start Date","Date Created","Date Updated","Date Closed","Date Done","Created By","Space","Folder","List","Subtask ID's","Subtask URL's","tags","Lists","Sprints","Linked Tasks","Linked Docs","Time Logged","Time Logged Rolled Up","Time Estimate","Time In Status","Points Estimate","Points Estimate Rolled Up","Assets Check Days (short text)","Category (drop down)","Coordinator (drop down)","Coordinator (users)","Create Run in FMQ (button)","FADMIN Merchant Page (url)","FTP Path (url)","Flyer Cadence (drop down)","Flyer Review Guide (url)","Flyer Type ID (short text)","Lead (users)","Lead (drop down)","Merchant ID (short text)","OneGuide (url)","Parent Banner (drop down)","Preview Days (short text)","Segment (drop down)"
"Retailer","86e0q1crn","2001 Audio Video",,"","","active merchants","
","[]","none","",0,0,"","","Thursday, April 2nd 2026, 12:10:44 pm -04:00","Wednesday, May 6th 2026, 1:48:12 pm -04:00","","","Sharlene Nguy","Flyer Management Queue","hidden","Merchant Information Database","[86e0q1crr]","[https://app.clickup.com/t/86e0q1crr]","","[Merchant Information Database]","[]","","","","","","499 hours",,0,"","Electronics","Alexandra Van Wissen","[Marion Kang]","","https://fadmin.flippback.com/merchants/286/dashboard","https://fadmin.flippback.com/merchants/286/ftp_files","---Merchant---","","","[Marion Kang]","SE","286","https://docs.google.com/document/d/1W-GzfCn30LPxhEKA9LqbWgcDh7e0Nt8B1jLXMcPI_F0","","","Longtail"
"Task","86e0q1crr","2001 Audio Video","86e0q1crn","2001 Audio Video","https://app.clickup.com/t/86e0q1crn","active merchants","OPS - Provide flyer pricing document from email
","[]","none"," ",1,0,"","","Thursday, April 2nd 2026, 12:10:44 pm -04:00","Thursday, May 7th 2026, 3:18:52 pm -04:00","","","Sharlene Nguy","Flyer Management Queue","hidden","Merchant Information Database","[]","[]","","[Merchant Information Database]","[]","","","","","40m","499 hours",,0,"7","Electronics","Marion Kang","[Marion Kang]","1777472399138","https://fadmin.flippback.com/merchants/286/dashboard","https://fadmin.flippback.com/merchants/286/ftp_files","Weekly","https://docs.google.com/document/d/1b4XNghthgaHCPG2-KKiZfRcxo1bzPElBbXFEji-cUpQ/edit?usp=sharing","2612","[Marion Kang]","SE","286","https://docs.google.com/document/d/1W-GzfCn30LPxhEKA9LqbWgcDh7e0Nt8B1jLXMcPI_F0","","","Longtail"
"Flyer Subtask","86e0z6x3w","OPS - Provide flyer pricing document from email","86e0q1crr","2001 Audio Video","https://app.clickup.com/t/86e0q1crr","active merchants","
","[]","none","",0,0,"","","Friday, April 17th 2026, 5:50:46 pm -04:00","Thursday, May 7th 2026, 3:24:12 pm -04:00","","","Matt Smith","Flyer Management Queue","hidden","Merchant Information Database","[]","[]","","[Merchant Information Database]","[]","","","","","","21 hours",,0,"","","","","","","","","","","","","","","","",""
"Retailer","86dyk9drx","Accès Pharma",,"","","active merchants","
","[]","none","",0,0,"","","Wednesday, November 26th 2025, 1:49:43 pm -05:00","Thursday, April 16th 2026, 4:15:39 pm -04:00","","","Matt Smith","Flyer Management Queue","hidden","Merchant Information Database","[86dzxn6eb]","[https://app.clickup.com/t/86dzxn6eb]","","[Merchant Information Database]","[]","","","","","","1770 hours",,0,"","Pharmacy","","[Shabaz Malik]","","https://fadmin.flippback.com/merchants/6451/dashboard","https://fadmin.flippback.com/merchants/6451/ftp_files","---Merchant---","","","[Shabaz Malik]","Kaitlyn Morrison","6451","https://docs.google.com/document/d/1HB7P2oBL9UczVSClF0F1quqcHP35sMcoVaWiVh4RzYY/edit?tab=t.0#heading=h.y2dgj7b691i1","Walmart Canada","","Core PLUS"
"Task","86dzxn6eb","Accès Pharma","86dyk9drx","Accès Pharma","https://app.clickup.com/t/86dyk9drx","active merchants","
","[]","none"," ",2,0,"","","Thursday, February 19th 2026, 2:53:43 pm -05:00","Friday, April 17th 2026, 3:24:29 pm -04:00","","","Matt Smith","Flyer Management Queue","hidden","Merchant Information Database","[]","[]","","[Merchant Information Database]","[]","","","","","35m","1770 hours",,0,"5","Pharmacy","","[Shabaz Malik]","1776453867420","https://fadmin.flippback.com/merchants/6451/dashboard","https://fadmin.flippback.com/merchants/6451/ftp_files","Monthly","https://docs.google.com/document/d/19z8xS0k-LFCNMSCUNq5oDjRsQan9-XQDb7C2hTabIbY/edit","10945","[Shabaz Malik]","Kaitlyn Morrison","6451","https://docs.google.com/document/d/1HB7P2oBL9UczVSClF0F1quqcHP35sMcoVaWiVh4RzYY/edit?tab=t.0#heading=h.y2dgj7b691i1","Walmart Canada","","Core PLUS"
"Retailer","86e0q1cp9","Ace Hardware",,"","","active merchants","
","[]","none","",0,0,"","","Thursday, April 2nd 2026, 12:10:40 pm -04:00","Thursday, April 30th 2026, 10:31:29 am -04:00","","","Sharlene Nguy","Flyer Management Queue","hidden","Merchant Information Database","[86e0q1cp8, 86e0q1cnw]","[https://app.clickup.com/t/86e0q1cp8, https://app.clickup.com/t/86e0q1cnw]","","[Merchant Information Database]","[]","","","","","","499 hours",,0,"","Home Improvement","Ebony Powell","[Ebony Powell]","","https://fadmin.flippback.com/merchants/2613/dashboard","https://fadmin.flippback.com/merchants/2613/ftp_files","---Merchant---","","","[Hannah Schiff-Kearn]","Hannah Schiff-Kearn","2613","https://docs.google.com/document/d/1CQYeYI-c2O2ueoNSrrxZ9Z4yp_qJ8T0PRXSM0RzgwBo/edit?tab=t.0#heading=h.y2dgj7b691i1","Ace Hardware","","Core"
"Task","86e0q1cp8","Ace Hardware","86e0q1cp9","Ace Hardware","https://app.clickup.com/t/86e0q1cp9","active merchants","
","[]","none","",0,0,"","","Thursday, April 2nd 2026, 12:10:40 pm -04:00","Friday, April 17th 2026, 5:07:31 pm -04:00","","","Sharlene Nguy","Flyer Management Queue","hidden","Merchant Information Database","[]","[]","","[Merchant Information Database]","[]","","","","","1h 10m","499 hours",,0,"7","Home Improvement","Ebony Powell","[Ebony Powell]","","https://fadmin.flippback.com/merchants/2613/dashboard","https://fadmin.flippback.com/merchants/2613/ftp_files","Ad-Hoc","https://docs.google.com/document/d/1Jkl5L-S5FU57NLlH3_nq06-ny4ZD6LbZipPyLxL0Q0Y/edit?tab=t.0","2515","[Hannah Schiff-Kearn]","Hannah Schiff-Kearn","2613","https://docs.google.com/document/d/1CQYeYI-c2O2ueoNSrrxZ9Z4yp_qJ8T0PRXSM0RzgwBo/edit?tab=t.0#heading=h.y2dgj7b691i1","Ace Hardware","","Core"
"Task","86e0q1cnw","Ace Hardware","86e0q1cp9","Ace Hardware","https://app.clickup.com/t/86e0q1cp9","active merchants","
","[]","none","",0,0,"","","Thursday, April 2nd 2026, 12:10:39 pm -04:00","Friday, April 17th 2026, 5:07:31 pm -04:00","","","Sharlene Nguy","Flyer Management Queue","hidden","Merchant Information Database","[]","[]","","[Merchant Information Database]","[]","","","","","1h 10m","499 hours",,0,"7","Home Improvement","Ebony Powell","[Ebony Powell]","","https://fadmin.flippback.com/merchants/2613/dashboard","https://fadmin.flippback.com/merchants/2613/ftp_files","Ad-Hoc","https://docs.google.com/document/d/1Jkl5L-S5FU57NLlH3_nq06-ny4ZD6LbZipPyLxL0Q0Y/edit?tab=t.0","10191","[Hannah Schiff-Kearn]","Hannah Schiff-Kearn","2613","https://docs.google.com/document/d/1CQYeYI-c2O2ueoNSrrxZ9Z4yp_qJ8T0PRXSM0RzgwBo/edit?tab=t.0#heading=h.y2dgj7b691i1","Ace Hardware","","Core"
"Retailer","86e0q1db3","Addison Électronique",,"","","active merchants","
","[]","none","",0,0,"","","Thursday, April 2nd 2026, 12:11:15 pm -04:00","Wednesday, May 6th 2026, 1:48:21 pm -04:00","","","Sharlene Nguy","Flyer Management Queue","hidden","Merchant Information Database","[86e0q1db8]","[https://app.clickup.com/t/86e0q1db8]","","[Merchant Information Database]","[]","","","","","","499 hours",,0,"","Electronics","Megan Kernaghan","[Megan Kernaghan]","","https://fadmin.flippback.com/merchants/832/dashboard","https://fadmin.flippback.com/merchants/832/ftp_files","---Merchant---","","","[Megan Kernaghan]","Megan Kernaghan","832","https://docs.google.com/document/d/1R7W_1wKFokF505lmbzgEMTQZXgIgTC9C_uD4LBdJgGM/edit?tab=t.0","","","Longtail"
"Task","86e0q1db8","Addison Électronique","86e0q1db3","Addison Électronique","https://app.clickup.com/t/86e0q1db3","active merchants","
","[]","none","",0,0,"","","Thursday, April 2nd 2026, 12:11:16 pm -04:00","Monday, May 4th 2026, 3:19:02 pm -04:00","","","Sharlene Nguy","Flyer Management Queue","hidden","Merchant Information Database","[]","[]","","[Merchant Information Database]","[]","","","","","20m","499 hours",,0,"7","Electronics","Megan Kernaghan","[Megan Kernaghan]","","https://fadmin.flippback.com/merchants/832/dashboard","https://fadmin.flippback.com/merchants/832/ftp_files","Monthly","https://docs.google.com/document/d/1ssk5jSyX9luO7X-oJ-xWpDrPjR1HAu2qWeXWHi3SzQY/edit?tab=t.0","12137","[Megan Kernaghan]","Megan Kernaghan","832","https://docs.google.com/document/d/1R7W_1wKFokF505lmbzgEMTQZXgIgTC9C_uD4LBdJgGM/edit?tab=t.0","","","Longtail"
"Retailer","86e0q1d09","AG Foods",,"","","active merchants","
","[]","none","",0,0,"","","Thursday, April 2nd 2026, 12:10:58 pm -04:00","Wednesday, May 6th 2026, 1:48:24 pm -04:00","","","Sharlene Nguy","Flyer Management Queue","hidden","Merchant Information Database","[86e0q1d0d]","[https://app.clickup.com/t/86e0q1d0d]","","[Merchant Information Database]","[]","","","","","","499 hours",,0,"","Grocery","Ebony Powell","[Ebony Powell]","","https://fadmin.flippback.com/merchants/3576/dashboard","https://fadmin.flippback.com/merchants/3576/ftp_files","---Merchant---","","","[Sabrina Ho]","Sabrina Ho","3576","https://docs.google.com/document/d/1KFjKk_4dnLxTdObYRc0MlV9smCu5xj2wH1S4Ln7n0Ug/edit?tab=t.0#heading=h.y2dgj7b691i1","AG Foods","","Longtail"
"Task","86e0q1d0d","AG Foods","86e0q1d09","AG Foods","https://app.clickup.com/t/86e0q1d09","active merchants","
","[]","none","",0,0,"","","Thursday, April 2nd 2026, 12:10:58 pm -04:00","Monday, May 4th 2026, 3:24:56 pm -04:00","","","Sharlene Nguy","Flyer Management Queue","hidden","Merchant Information Database","[]","[]","","[Merchant Information Database]","[]","","","","","1h 15m","499 hours",,0,"7","Grocery","Ebony Powell","[Ebony Powell]","","https://fadmin.flippback.com/merchants/3576/dashboard","https://fadmin.flippback.com/merchants/3576/ftp_files","Weekly","https://docs.google.com/document/d/1MgGokFGd2FmPgOgt6JYvE7ifzkS1KgkK-mb-ScPST1M/edit?tab=t.0","4641","[Sabrina Ho]","Sabrina Ho","3576","https://docs.google.com/document/d/1KFjKk_4dnLxTdObYRc0MlV9smCu5xj2wH1S4Ln7n0Ug/edit?tab=t.0#heading=h.y2dgj7b691i1","AG Foods","","Longtail"
"Retailer","86e0q1cvx","Ambrosia Natural Foods (Bi-Weekly)",,"","","active merchants","
","[]","none","",0,0,"","","Thursday, April 2nd 2026, 12:10:50 pm -04:00","Thursday, April 30th 2026, 10:31:29 am -04:00","","","Sharlene Nguy","Flyer Management Queue","hidden","Merchant Information Database","[86e0q1cw0, 86e0q1cvq]","[https://app.clickup.com/t/86e0q1cw0, https://app.clickup.com/t/86e0q1cvq]","","[Merchant Information Database]","[]","","","","","","499 hours",,0,"","Grocery","Clifford Fernandes","[Clifford Fernandes, Shabaz Malik]","","https://fadmin.flippback.com/merchants/3315/dashboard","https://fadmin.flippback.com/merchants/3315/ftp_files","---Merchant---","","","[Clifford Fernandes]","Clifford Fernandes","3315","https://docs.google.com/document/d/1Nv8GUNGXM1dXHOJwvSiENEb_6-XXToLqDdhrJFuXKfA/edit?tab=t.0#heading=h.y2dgj7b691i1","","","Longtail"
"Task","86e0q1cw0","Ambrosia Natural Foods (Monthly)","86e0q1cvx","Ambrosia Natural Foods (Bi-Weekly)","https://app.clickup.com/t/86e0q1cvx","active merchants","
","[]","none","",0,0,"","","Thursday, April 2nd 2026, 12:10:50 pm -04:00","Friday, April 17th 2026, 5:07:31 pm -04:00","","","Sharlene Nguy","Flyer Management Queue","hidden","Merchant Information Database","[]","[]","","[Merchant Information Database]","[]","","","","","25m","499 hours",,0,"12","Grocery","Clifford Fernandes","[Clifford Fernandes]","","https://fadmin.flippback.com/merchants/3315/dashboard","https://fadmin.flippback.com/merchants/3315/ftp_files","Monthly","https://docs.google.com/document/d/1G9AzCXO5DBtCDmZr4lRkt5Gi_uCxSLN3OvJ92ditpa8/edit?tab=t.0","9701","[Clifford Fernandes]","Clifford Fernandes","3315","https://docs.google.com/document/d/1Nv8GUNGXM1dXHOJwvSiENEb_6-XXToLqDdhrJFuXKfA/edit?tab=t.0#heading=h.y2dgj7b691i1","","","Longtail"
"Task","86e0q1cvq","Ambrosia Natural Foods (Bi-Weekly)","86e0q1cvx","Ambrosia Natural Foods (Bi-Weekly)","https://app.clickup.com/t/86e0q1cvx","active merchants","
","[]","none","",0,0,"","","Thursday, April 2nd 2026, 12:10:50 pm -04:00","Friday, April 17th 2026, 5:07:31 pm -04:00","","","Sharlene Nguy","Flyer Management Queue","hidden","Merchant Information Database","[]","[]","","[Merchant Information Database]","[]","","","","","25m","499 hours",,0,"7","Grocery","Clifford Fernandes","[Clifford Fernandes]","","https://fadmin.flippback.com/merchants/3315/dashboard","https://fadmin.flippback.com/merchants/3315/ftp_files","Bi-Weekly","https://docs.google.com/document/d/1G9AzCXO5DBtCDmZr4lRkt5Gi_uCxSLN3OvJ92ditpa8/edit?tab=t.0","10165","[Clifford Fernandes]","Clifford Fernandes","3315","https://docs.google.com/document/d/1Nv8GUNGXM1dXHOJwvSiENEb_6-XXToLqDdhrJFuXKfA/edit?tab=t.0#heading=h.y2dgj7b691i1","","","Longtail"
"Retailer","86e0q1d3n","Andre's Electronics",,"","","active merchants","
","[]","none","",0,0,"","","Thursday, April 2nd 2026, 12:11:03 pm -04:00","Thursday, April 30th 2026, 10:31:29 am -04:00","","","Sharlene Nguy","Flyer Management Queue","hidden","Merchant Information Database","[86e0q1d3g]","[https://app.clickup.com/t/86e0q1d3g]","","[Merchant Information Database]","[]","","","","","","499 hours",,0,"","Electronics","Ebony Powell","[Ebony Powell]","","https://fadmin.flippback.com/merchants/4044/dashboard","https://fadmin.flippback.com/merchants/4044/ftp_files","---Merchant---","","","[Sabrina Ho]","Sabrina Ho","4044","https://docs.google.com/document/d/1w71qbPPpYwvD7Ta8JWMaHnQDttqxARZiTTlhIogYz1U/edit?tab=t.0#heading=h.y2dgj7b691i1","","","Longtail"
"Task","86e0q1d3g","Andre's Electronics","86e0q1d3n","Andre's Electronics","https://app.clickup.com/t/86e0q1d3n","active merchants","
","[]","none","",0,0,"","","Thursday, April 2nd 2026, 12:11:03 pm -04:00","Friday, April 17th 2026, 5:07:31 pm -04:00","","","Sharlene Nguy","Flyer Management Queue","hidden","Merchant Information Database","[]","[]","","[Merchant Information Database]","[]","","","","","40m","499 hours",,0,"","Electronics","Ebony Powell","[Ebony Powell]","","https://fadmin.flippback.com/merchants/4044/dashboard","https://fadmin.flippback.com/merchants/4044/ftp_files","Ad-Hoc","https://docs.google.com/document/d/1Hokv0dlpidtB8DS7xYsFUfdI-4Dh1IFZot6dBucZckA/edit","4346","[Sabrina Ho]","Sabrina Ho","4044","https://docs.google.com/document/d/1w71qbPPpYwvD7Ta8JWMaHnQDttqxARZiTTlhIogYz1U/edit?tab=t.0#heading=h.y2dgj7b691i1","","","Longtail"
"Retailer","86e0q1d36","Avril Supermarche Sante",,"","","active merchants","
","[]","none","",0,0,"","","Thursday, April 2nd 2026, 12:11:02 pm -04:00","Thursday, April 30th 2026, 10:31:29 am -04:00","","","Sharlene Nguy","Flyer Management Queue","hidden","Merchant Information Database","[86e0q1d3e]","[https://app.clickup.com/t/86e0q1d3e]","","[Merchant Information Database]","[]","","","","","","499 hours",,0,"","Grocery","Alexandra Van Wissen","[Alexandra van Wissen]","","https://fadmin.flippback.com/merchants/3940/dashboard","https://fadmin.flippback.com/merchants/3940/ftp_files","---Merchant---","","","[Kayla Summerhayes]","Kayla Summerhayes","3940","https://docs.google.com/document/d/1ksg2EiOJfqD0S7NoGQJbqrZGHgxqsFy2VivXFXJMeXE/edit?tab=t.0#heading=h.y2dgj7b691i1","","","Longtail"
"Task","86e0q1d3e","Avril Supermarche Sante","86e0q1d36","Avril Supermarche Sante","https://app.clickup.com/t/86e0q1d36","active merchants","FTE - Review URLs
","[]","none","",0,0,"","","Thursday, April 2nd 2026, 12:11:03 pm -04:00","Friday, April 17th 2026, 5:07:31 pm -04:00","","","Sharlene Nguy","Flyer Management Queue","hidden","Merchant Information Database","[]","[]","","[Merchant Information Database]","[]","","","","","1h 25m","499 hours",,0,"8","Grocery","Alexandra Van Wissen","[Alexandra van Wissen]","","https://fadmin.flippback.com/merchants/3940/dashboard","https://fadmin.flippback.com/merchants/3940/ftp_files","Weekly","https://docs.google.com/document/d/1kdaFXFIvTi0B4u9LARpEPDJ6PtE7eFw1rMGmGb1i7tk/edit","10471","[Kayla Summerhayes]","Kayla Summerhayes","3940","https://docs.google.com/document/d/1ksg2EiOJfqD0S7NoGQJbqrZGHgxqsFy2VivXFXJMeXE/edit?tab=t.0#heading=h.y2dgj7b691i1","","","Longtail"
"Flyer Subtask","86e0z6yfg","FTE - Review URLs","86e0q1d3e","Avril Supermarche Sante","https://app.clickup.com/t/86e0q1d3e","active merchants","
","[]","none","",0,0,"","","Friday, April 17th 2026, 5:53:10 pm -04:00","Thursday, May 7th 2026, 3:24:12 pm -04:00","","","Matt Smith","Flyer Management Queue","hidden","Merchant Information Database","[]","[]","","[Merchant Information Database]","[]","","","","","","21 hours",,0,"","","","","","","","","","","","","","","","",""
"Retailer","86e0q1cjx","Bashas",,"","","active merchants","
","[]","none","",0,0,"","","Thursday, April 2nd 2026, 12:10:33 pm -04:00","Friday, May 1st 2026, 7:20:07 pm -04:00","","","Sharlene Nguy","Flyer Management Queue","hidden","Merchant Information Database","[86e0q1ck6, 86e0q1ck0]","[https://app.clickup.com/t/86e0q1ck6, https://app.clickup.com/t/86e0q1ck0]","","[Merchant Information Database]","[]","","","","","","499 hours",,0,"","Grocery","Rushia Fernandes","[Rushia Fernandes, Rachel Bruinsma]","","https://fadmin.flippback.com/merchants/2351/dashboard","https://fadmin.flippback.com/merchants/2351/ftp_files","---Merchant---","","","[Rushia Fernandes]","SE","2351","https://docs.google.com/document/d/1qTJFHiRzrtgtvQSZVpz-qW4VSkCuW_HRAttkh9SvdnM/edit?tab=t.0#heading=h.y2dgj7b691i1","Bashas'","","Core"
"Task","86e0q1ck6","Bashas (Dine)","86e0q1cjx","Bashas","https://app.clickup.com/t/86e0q1cjx","active merchants","
","[]","none","",0,0,"","","Thursday, April 2nd 2026, 12:10:34 pm -04:00","Friday, May 1st 2026, 7:16:48 pm -04:00","","","Sharlene Nguy","Flyer Management Queue","hidden","Merchant Information Database","[]","[]","","[Merchant Information Database]","[]","","","","","1h 25m","499 hours",,0,"7","Grocery","Rushia Fernandes","[Rushia Fernandes]","","https://fadmin.flippback.com/merchants/2351/dashboard","https://fadmin.flippback.com/merchants/2351/ftp_files","Weekly","https://docs.google.com/document/d/14RyxrIHheHF_28Mn26YSzRbMCHdj6ow2moMfaP35q4U/edit","9997","[Rushia Fernandes]","SE","2351","https://docs.google.com/document/d/1qTJFHiRzrtgtvQSZVpz-qW4VSkCuW_HRAttkh9SvdnM/edit?tab=t.0#heading=h.y2dgj7b691i1","Bashas'","","Core"
"Task","86e0q1ck0","Bashas","86e0q1cjx","Bashas","https://app.clickup.com/t/86e0q1cjx","active merchants","
","[]","none","",0,0,"","","Thursday, April 2nd 2026, 12:10:34 pm -04:00","Friday, May 1st 2026, 7:16:47 pm -04:00","","","Sharlene Nguy","Flyer Management Queue","hidden","Merchant Information Database","[]","[]","","[Merchant Information Database]","[]","","","","","1h 25m","499 hours",,0,"7","Grocery","Rushia Fernandes","[Rushia Fernandes]","","https://fadmin.flippback.com/merchants/2351/dashboard","https://fadmin.flippback.com/merchants/2351/ftp_files","Weekly","https://docs.google.com/document/d/14RyxrIHheHF_28Mn26YSzRbMCHdj6ow2moMfaP35q4U/edit","3448","[Rushia Fernandes]","SE","2351","https://docs.google.com/document/d/1qTJFHiRzrtgtvQSZVpz-qW4VSkCuW_HRAttkh9SvdnM/edit?tab=t.0#heading=h.y2dgj7b691i1","Bashas'","","Core"
"Retailer","86dyk9e4j","Bel Air",,"","","active merchants","
","[]","none","",0,0,"","","Wednesday, November 26th 2025, 1:50:09 pm -05:00","Monday, March 16th 2026, 2:17:39 pm -04:00","","","Matt Smith","Flyer Management Queue","hidden","Merchant Information Database","[86dzxnbek]","[https://app.clickup.com/t/86dzxnbek]","","[Merchant Information Database]","[]","","","","","","1770 hours",,0,"","Grocery","","[Shabaz Malik]","","https://fadmin.flippback.com/merchants/3477/dashboard","https://fadmin.flippback.com/merchants/3477/ftp_files","---Merchant---","","","[Shabaz Malik]","Roni Grigorian","3477","https://docs.google.com/document/d/1KXMWbNZC6pvwPvkGay4DbIGcZbxGdHr3iCciVW2E5_Q/edit#heading=h.y2dgj7b691i1","","","Longtail"
"Task","86dzxnbek","Bel Air - Weekly Flyer","86dyk9e4j","Bel Air","https://app.clickup.com/t/86dyk9e4j","active merchants","
","[]","none","",0,0,"","","Thursday, February 19th 2026, 2:58:22 pm -05:00","Thursday, April 16th 2026, 4:17:08 pm -04:00","","","Matt Smith","Flyer Management Queue","hidden","Merchant Information Database","[]","[]","","[Merchant Information Database]","[]","","","","","10m","1770 hours",,0,"7","Grocery","","[Shabaz Malik]","1775747268261","https://fadmin.flippback.com/merchants/3477/dashboard","https://fadmin.flippback.com/merchants/3477/ftp_files","Weekly","https://docs.google.com/document/d/1okUaCsGAntH1T8t9NLBwqIkFxHNEC8gcyKI-_EuJHOk/edit?tab=t.0","9300","[Shabaz Malik]","Roni Grigorian","3477","https://docs.google.com/document/d/1KXMWbNZC6pvwPvkGay4DbIGcZbxGdHr3iCciVW2E5_Q/edit#heading=h.y2dgj7b691i1","","","Longtail"
"Retailer","86e0q1chh","Bentley",,"","","active merchants","
","[]","none","",0,0,"","","Thursday, April 2nd 2026, 12:10:31 pm -04:00","Thursday, April 30th 2026, 10:31:29 am -04:00","","","Sharlene Nguy","Flyer Management Queue","hidden","Merchant Information Database","[86e0q1chb]","[https://app.clickup.com/t/86e0q1chb]","","[Merchant Information Database]","[]","","","","","","499 hours",,0,"","Apparel","Ebony Powell","[Ebony Powell]","","https://fadmin.flippback.com/merchants/1956/dashboard","https://fadmin.flippback.com/merchants/1956/ftp_files","---Merchant---","","","[Ebony Powell]","SE","1956","https://docs.google.com/document/d/17nMBtPybbsqOe0lGvrZ89HdiSL5OVIAL8weiJ81ZgZE/edit?tab=t.0#heading=h.y2dgj7b691i1","","","Longtail"
"Task","86e0q1chb","Bentley","86e0q1chh","Bentley","https://app.clickup.com/t/86e0q1chh","active merchants","
","[]","none","",0,0,"","","Thursday, April 2nd 2026, 12:10:31 pm -04:00","Friday, April 17th 2026, 5:07:31 pm -04:00","","","Sharlene Nguy","Flyer Management Queue","hidden","Merchant Information Database","[]","[]","","[Merchant Information Database]","[]","","","","","15m","499 hours",,0,"7","Apparel","Ebony Powell","[Ebony Powell]","","https://fadmin.flippback.com/merchants/1956/dashboard","https://fadmin.flippback.com/merchants/1956/ftp_files","Ad-Hoc","https://docs.google.com/document/d/1zzrlWpPHjOXob0T962R_ueG38fjmimfa1xjuPvPTu0E/edit?tab=t.0","17","[Ebony Powell]","SE","1956","https://docs.google.com/document/d/17nMBtPybbsqOe0lGvrZ89HdiSL5OVIAL8weiJ81ZgZE/edit?tab=t.0#heading=h.y2dgj7b691i1","","","Longtail"
"Retailer","86dyk9n37","Big Star",,"","","active merchants","
","[]","none","",0,0,"","","Wednesday, November 26th 2025, 1:59:46 pm -05:00","Friday, April 3rd 2026, 12:34:47 pm -04:00","","","Matt Smith","Flyer Management Queue","hidden","Merchant Information Database","[86dzwukva]","[https://app.clickup.com/t/86dzwukva]","","[Merchant Information Database]","[]","","","","","","1770 hours",,0,"","Grocery","Shabaz Malik","[Shabaz Malik]","1769542182769","https://fadmin.flippback.com/merchants/6757/dashboard","https://fadmin.flippback.com/merchants/6757/ftp_files","---Merchant---","","","[Shabaz Malik]","Roni Grigorian","6757","https://docs.google.com/document/d/19sS7g3I4gWUKCYmbUheDz978PhZxk4fo_REsTYrCSfY/edit?tab=t.0#heading=h.i9zhfvv1qcz2","Houchens Industries","","Longtail"
"Task","86dzwukva","Big Star - Weekly Ad","86dyk9n37","Big Star","https://app.clickup.com/t/86dyk9n37","active merchants","
","[]","none","",0,0,"","","Wednesday, February 18th 2026, 4:36:49 pm -05:00","Thursday, April 16th 2026, 4:17:23 pm -04:00","","","Matt Smith","Flyer Management Queue","hidden","Merchant Information Database","[]","[]","","[Merchant Information Database]","[]","","","","","10m","1770 hours",,0,"5","Grocery","Shabaz Malik","[Shabaz Malik]","","https://fadmin.flippback.com/merchants/6757/dashboard","https://fadmin.flippback.com/merchants/6757/dashboard","Weekly","https://docs.google.com/document/d/12sfWZxpmrmcvlhR7cRa-H-XuRZ4Q4JD3ThGFT2XGOqQ/edit?usp=sharing","11982","[Roni Grigorian]","Roni Grigorian","6757","https://docs.google.com/document/d/19sS7g3I4gWUKCYmbUheDz978PhZxk4fo_REsTYrCSfY/edit?tab=t.0#heading=h.i9zhfvv1qcz2","Houchens Industries","","Longtail"
"Flyer Subtask","86e0yhwmj","FTE - Clone this run into Food Giant retailer (same dates) as FINAL step before completing FQC","86dzwukva","Big Star - Weekly Ad","https://app.clickup.com/t/86dzwukva","active merchants","
","[]","none","",0,0,"","","Thursday, April 16th 2026, 4:18:22 pm -04:00","Thursday, May 7th 2026, 3:24:12 pm -04:00","","","Sharlene Nguy","Flyer Management Queue","hidden","Merchant Information Database","[]","[]","","[Merchant Information Database]","[]","","","","","","21 hours",,0,"","","","","","","","","","","","","","","","",""
"Retailer","86dyk9zvc","Bomgaars",,"","","active merchants","
","[]","none","",0,0,"","","Wednesday, November 26th 2025, 2:11:41 pm -05:00","Wednesday, May 6th 2026, 1:48:42 pm -04:00","","","Matt Smith","Flyer Management Queue","hidden","Merchant Information Database","[86dzwunfq, 86dzwuyd9]","[https://app.clickup.com/t/86dzwunfq, https://app.clickup.com/t/86dzwuyd9]","","[Merchant Information Database]","[]","","","","","","1770 hours",,0,"","Home Improvement","Shabaz Malik","[Shabaz Malik]","1769542183774","https://fadmin.flippback.com/merchants/6522/dashboard","https://fadmin.flippback.com/merchants/6522/ftp_files","---Merchant---","","","[Shabaz Malik]","Jenna Toppan","6522","https://docs.google.com/document/d/1KPxw8PKHfQ8luGnxoSFW3oj0AWglWh5FUcbOaNf5fmE/edit?tab=t.0#heading=h.y2dgj7b691i1","","","Longtail"
"Task","86dzwunfq","Bomgaars - Flyer","86dyk9zvc","Bomgaars","https://app.clickup.com/t/86dyk9zvc","active merchants","
","[]","none","",0,0,"","","Wednesday, February 18th 2026, 4:38:09 pm -05:00","Monday, May 4th 2026, 3:18:22 pm -04:00","","","Matt Smith","Flyer Management Queue","hidden","Merchant Information Database","[]","[]","","[Merchant Information Database]","[]","","","","","15m","1770 hours",,0,"7","Home Improvement","Shabaz Malik","[Shabaz Malik]","","https://fadmin.flippback.com/merchants/6522/dashboard","https://fadmin.flippback.com/merchants/6522/ftp_files","Weekly","https://docs.google.com/document/d/1TXeVkjIVnJrl7UITc499pVL2R7iyAcQmL_o0TXhCQz4/edit?tab=t.0","11191","[Shabaz Malik]","Jenna Toppan","6522","https://docs.google.com/document/d/1KPxw8PKHfQ8luGnxoSFW3oj0AWglWh5FUcbOaNf5fmE/edit?tab=t.0#heading=h.y2dgj7b691i1","","1","Longtail"
"Task","86dzwuyd9","Bomgaars - Bonus Buy","86dyk9zvc","Bomgaars","https://app.clickup.com/t/86dyk9zvc","active merchants","
","[]","none","",0,0,"","","Wednesday, February 18th 2026, 4:45:59 pm -05:00","Monday, May 4th 2026, 3:18:22 pm -04:00","","","Matt Smith","Flyer Management Queue","hidden","Merchant Information Database","[]","[]","","[Merchant Information Database]","[]","","","","","15m","1770 hours",,0,"7","Home Improvement","Shabaz Malik","[Shabaz Malik]","","https://fadmin.flippback.com/merchants/6522/dashboard","https://fadmin.flippback.com/merchants/6522/ftp_files","Monthly","https://docs.google.com/document/d/1TXeVkjIVnJrl7UITc499pVL2R7iyAcQmL_o0TXhCQz4/edit?tab=t.0","11747","[Shabaz Malik]","Jenna Toppan","6522","https://docs.google.com/document/d/1KPxw8PKHfQ8luGnxoSFW3oj0AWglWh5FUcbOaNf5fmE/edit?tab=t.0#heading=h.y2dgj7b691i1","","1","Longtail"
"Retailer","86e0q1cqt","Bravo Supermarket",,"","","active merchants","
","[]","none","",0,0,"","","Thursday, April 2nd 2026, 12:10:42 pm -04:00","Wednesday, May 6th 2026, 1:48:52 pm -04:00","","","Sharlene Nguy","Flyer Management Queue","hidden","Merchant Information Database","[86e0q1cqy, 86e15hqqv]","[https://app.clickup.com/t/86e0q1cqy, https://app.clickup.com/t/86e15hqqv]","","[Merchant Information Database]","[]","","","","","","499 hours",,0,"","Grocery","Sabrina Ho","[Sabrina Ho]","","https://fadmin.flippback.com/merchants/2806/dashboard","https://fadmin.flippback.com/merchants/2806/ftp_files","---Merchant---","","","[Diandra Gonzalez]","Diandra Gonzalez Charris","2806","https://docs.google.com/document/d/16v3us9CIc43SQ1UijlKAW0MUDXRWozRRjyCkUENOV9M/edit?tab=t.0#heading=h.y2dgj7b691i1","","","Longtail"
"Task","86e0q1cqy","Bravo Supermarket","86e0q1cqt","Bravo Supermarket","https://app.clickup.com/t/86e0q1cqt","active merchants","
","[]","none","",0,0,"","","Thursday, April 2nd 2026, 12:10:43 pm -04:00","Friday, April 17th 2026, 5:07:31 pm -04:00","","","Sharlene Nguy","Flyer Management Queue","hidden","Merchant Information Database","[]","[]","","[Merchant Information Database]","[]","","","","","50m","499 hours",,0,"5","Grocery","Sabrina Ho","[Sabrina Ho]","","https://fadmin.flippback.com/merchants/2806/dashboard","https://fadmin.flippback.com/merchants/2806/ftp_files","Weekly","https://docs.google.com/document/d/1BTIHftaZvWZ8z6d0bUfTR2Y91xyi6dYSILHPr_Fs6aA/edit?usp=sharing","5820","[Diandra Gonzalez]","Diandra Gonzalez Charris","2806","https://docs.google.com/document/d/16v3us9CIc43SQ1UijlKAW0MUDXRWozRRjyCkUENOV9M/edit?tab=t.0#heading=h.y2dgj7b691i1","Alpha 1","","Longtail"
"Task","86e15hqqv","Bravo Supermarket -FL ","86e0q1cqt","Bravo Supermarket","https://app.clickup.com/t/86e0q1cqt","active merchants","
","[]","none"," ",3,0,"","","Thursday, April 30th 2026, 10:28:15 am -04:00","Thursday, May 7th 2026, 1:37:56 pm -04:00","","","Matt Smith","Flyer Management Queue","hidden","Merchant Information Database","[]","[]","","[Merchant Information Database]","[]","","","","","","193 hours",,0,"7","Grocery","Sabrina Ho","[Sabrina Ho]","1778175474541","https://fadmin.flippback.com/merchants/2806/dashboard","https://fadmin.flippback.com/merchants/2806/ftp_files","Weekly","https://docs.google.com/document/d/1BTIHftaZvWZ8z6d0bUfTR2Y91xyi6dYSILHPr_Fs6aA/edit?tab=t.0","2867","[Diandra Gonzalez]","Diandra Gonzalez Charris","2806","https://docs.google.com/document/d/16v3us9CIc43SQ1UijlKAW0MUDXRWozRRjyCkUENOV9M/edit?tab=t.0#heading=h.y2dgj7b691i1","Alpha 1","","Longtail"
"Retailer","86e0q1d17","Brunet",,"","","active merchants","
","[]","none","",0,0,"","","Thursday, April 2nd 2026, 12:10:59 pm -04:00","Thursday, April 30th 2026, 10:31:29 am -04:00","","","Sharlene Nguy","Flyer Management Queue","hidden","Merchant Information Database","[86e0q1d14, 86e0q1d1d]","[https://app.clickup.com/t/86e0q1d14, https://app.clickup.com/t/86e0q1d1d]","","[Merchant Information Database]","[]","","","","","","499 hours",,0,"","Pharmacy","Clifford Fernandes","[Clifford Fernandes, Shabaz Malik]","","https://fadmin.flippback.com/merchants/3753/dashboard","https://fadmin.flippback.com/merchants/3753/ftp_files","---Merchant---","","","[Julia Burch]","Julia Burch","3753","https://docs.google.com/document/d/1MGjjBVblcCzRDDlh8d_wBjlKr4HpOEtt6Z7crifTr-U/edit?tab=t.0#heading=h.y2dgj7b691i1","Metro","","Core PLUS"
"Task","86e0q1d14","Brunet (Clinique)","86e0q1d17","Brunet","https://app.clickup.com/t/86e0q1d17","active merchants","OPS - Upload Inserts and instructions sent by retailer to Google Drive before FQC.
FTE - Complete inserts process along with regular FQC steps.

*Note: Clinique runs do not always have inserts.
","[]","none","",0,0,"","","Thursday, April 2nd 2026, 12:10:59 pm -04:00","Friday, April 17th 2026, 5:07:31 pm -04:00","","","Sharlene Nguy","Flyer Management Queue","hidden","Merchant Information Database","[]","[]","","[Merchant Information Database]","[]","","","","","40m","499 hours",,0,"13","Pharmacy","Clifford Fernandes","[Clifford Fernandes]","","https://fadmin.flippback.com/merchants/3753/dashboard","https://fadmin.flippback.com/merchants/3753/ftp_files","Bi-Weekly","https://docs.google.com/document/d/1QaGDhD4BHeMtUTg5hpF8are31Jt9VH2lzsjQa8R46tU/edit","5850","[Julia Burch]","Julia Burch","3753","https://docs.google.com/document/d/1MGjjBVblcCzRDDlh8d_wBjlKr4HpOEtt6Z7crifTr-U/edit?tab=t.0#heading=h.y2dgj7b691i1","Metro","","Core PLUS"
"Flyer Subtask","86e0z6xt9","OPS - Upload Inserts and instructions sent by retailer to Google Drive before FQC","86e0q1d14","Brunet (Clinique)","https://app.clickup.com/t/86e0q1d14","active merchants","
","[]","none","",0,0,"","","Friday, April 17th 2026, 5:51:55 pm -04:00","Thursday, May 7th 2026, 3:24:12 pm -04:00","","","Matt Smith","Flyer Management Queue","hidden","Merchant Information Database","[]","[]","","[Merchant Information Database]","[]","","","","","","21 hours",,0,"","","","","","","","","","","","","","","","",""
"Flyer Subtask","86e0z6y2b","FTE - Complete inserts process along with regular FQC steps","86e0q1d14","Brunet (Clinique)","https://app.clickup.com/t/86e0q1d14","active merchants","
","[]","none","",0,0,"","","Friday, April 17th 2026, 5:52:23 pm -04:00","Thursday, May 7th 2026, 3:24:12 pm -04:00","","","Matt Smith","Flyer Management Queue","hidden","Merchant Information Database","[]","[]","","[Merchant Information Database]","[]","","","","","","21 hours",,0,"","","","","","","","","","","","","","","","",""
"Task","86e0q1d1d","Brunet","86e0q1d17","Brunet","https://app.clickup.com/t/86e0q1d17","active merchants","OPS - Upload Inserts and instructions sent by retailer to Google Drive before FQC.
FTE - Complete inserts process along with regular FQC steps
","[]","none","",0,0,"","","Thursday, April 2nd 2026, 12:11:00 pm -04:00","Thursday, May 7th 2026, 3:48:12 pm -04:00","","","Sharlene Nguy","Flyer Management Queue","hidden","Merchant Information Database","[]","[]","","[Merchant Information Database]","[]","","","","","40m","499 hours",,0,"13","Pharmacy","Clifford Fernandes","[Clifford Fernandes]","","https://fadmin.flippback.com/merchants/3753/dashboard","https://fadmin.flippback.com/merchants/3753/ftp_files","Weekly","https://docs.google.com/document/d/1QaGDhD4BHeMtUTg5hpF8are31Jt9VH2lzsjQa8R46tU/edit","5851","[Julia Burch]","Julia Burch","3753","https://docs.google.com/document/d/1MGjjBVblcCzRDDlh8d_wBjlKr4HpOEtt6Z7crifTr-U/edit?tab=t.0#heading=h.y2dgj7b691i1","Metro","","Core PLUS"
"Flyer Subtask","86e0z6xx1","OPS - Upload Inserts and instructions sent by retailer to Google Drive before FQC","86e0q1d1d","Brunet","https://app.clickup.com/t/86e0q1d1d","active merchants","
","[]","none","",0,0,"","","Friday, April 17th 2026, 5:52:07 pm -04:00","Thursday, May 7th 2026, 3:24:12 pm -04:00","","","Matt Smith","Flyer Management Queue","hidden","Merchant Information Database","[]","[]","","[Merchant Information Database]","[]","","","","","","21 hours",,0,"","","","","","","","","","","","","","","","",""
"Flyer Subtask","86e0z6y0x","FTE - Complete inserts process along with regular FQC steps","86e0q1d1d","Brunet","https://app.clickup.com/t/86e0q1d1d","active merchants","
","[]","none","",0,0,"","","Friday, April 17th 2026, 5:52:17 pm -04:00","Thursday, May 7th 2026, 3:24:12 pm -04:00","","","Matt Smith","Flyer Management Queue","hidden","Merchant Information Database","[]","[]","","[Merchant Information Database]","[]","","","","","","21 hours",,0,"","","","","","","","","","","","","","","","",""
"Retailer","86e0q1d7b","BSW Liqour",,"","","active merchants","
","[]","none","",0,0,"","","Thursday, April 2nd 2026, 12:11:09 pm -04:00","Friday, May 1st 2026, 7:20:02 pm -04:00","","","Sharlene Nguy","Flyer Management Queue","hidden","Merchant Information Database","[86e0q1d7c]","[https://app.clickup.com/t/86e0q1d7c]","","[Merchant Information Database]","[]","","","","","","499 hours",,0,"","Alcohol, Wine and Spirits","Rushia Fernandes","[Rushia Fernandes, Rachel Bruinsma]","","https://fadmin.flippback.com/merchants/5971/dashboard","https://fadmin.flippback.com/merchants/5971/ftp_files","---Merchant---","","","[Rushia Fernandes]","SE","5971","https://docs.google.com/document/d/1EuNRWxE60ItMFFjnG35YGfuOjIQRLGlvTrG2fTp3lNI/edit?tab=t.0#heading=h.y2dgj7b691i1","","","Longtail"
"Task","86e0q1d7c","BSW Liqour","86e0q1d7b","BSW Liqour","https://app.clickup.com/t/86e0q1d7b","active merchants","
","[]","none","",0,0,"","","Thursday, April 2nd 2026, 12:11:09 pm -04:00","Friday, April 17th 2026, 5:07:31 pm -04:00","","","Sharlene Nguy","Flyer Management Queue","hidden","Merchant Information Database","[]","[]","","[Merchant Information Database]","[]","","","","","25m","499 hours",,0,"7","Alcohol, Wine and Spirits","Rushia Fernandes","[Rushia Fernandes]","","https://fadmin.flippback.com/merchants/5971/dashboard","https://fadmin.flippback.com/merchants/5971/ftp_files","Weekly","https://docs.google.com/document/d/1Mn3BRrr0qHoJ0U1HWjAr-uK3G_ePnbrcoqw_Ww-_-BY/edit?usp=sharing","10700","[Rushia Fernandes]","SE","5971","https://docs.google.com/document/d/1EuNRWxE60ItMFFjnG35YGfuOjIQRLGlvTrG2fTp3lNI/edit?tab=t.0#heading=h.y2dgj7b691i1","","","Longtail"
"Retailer","86e0q1ck7","C Town",,"","","active merchants","
","[]","none","",0,0,"","","Thursday, April 2nd 2026, 12:10:34 pm -04:00","Thursday, April 30th 2026, 10:31:29 am -04:00","","","Sharlene Nguy","Flyer Management Queue","hidden","Merchant Information Database","[86e0q1ckk]","[https://app.clickup.com/t/86e0q1ckk]","","[Merchant Information Database]","[]","","","","","","499 hours",,0,"","Grocery","Sabrina Ho","[Sabrina Ho]","","https://fadmin.flippback.com/merchants/2383/dashboard","https://fadmin.flippback.com/merchants/2383/ftp_files","---Merchant---","","","[Diandra Gonzalez]","Diandra Gonzalez Charris","2383","https://docs.google.com/document/d/1P5MMd4MANKEAsToKNU5k9_vZPkZAN_UrHlxmAVRwKto/edit?tab=t.0#heading=h.mf0t2rpt6xf","Alpha 1","","Longtail"
"Task","86e0q1ckk","C Town","86e0q1ck7","C Town","https://app.clickup.com/t/86e0q1ck7","active merchants","
","[]","none","",0,0,"","","Thursday, April 2nd 2026, 12:10:35 pm -04:00","Friday, April 17th 2026, 5:07:31 pm -04:00","","","Sharlene Nguy","Flyer Management Queue","hidden","Merchant Information Database","[]","[]","","[Merchant Information Database]","[]","","","","","1h 5m","499 hours",,0,"5","Grocery","Sabrina Ho","[Sabrina Ho]","","https://fadmin.flippback.com/merchants/2383/dashboard","https://fadmin.flippback.com/merchants/2383/ftp_files","Weekly","https://docs.google.com/document/d/1UmBYjy2CXC-OULuI6VD5E46TmRdl7ll4AUiPScWmBSU/edit?usp=sharing","5825","[Diandra Gonzalez]","Diandra Gonzalez Charris","2383","https://docs.google.com/document/d/1P5MMd4MANKEAsToKNU5k9_vZPkZAN_UrHlxmAVRwKto/edit?tab=t.0#heading=h.mf0t2rpt6xf","Alpha 1","","Longtail"
"Retailer","86dyk9cmr","Calgary Co-op",,"","","active merchants","
","[]","none","",0,0,"","","Wednesday, November 26th 2025, 1:48:40 pm -05:00","Saturday, February 28th 2026, 6:43:47 am -05:00","","","Matt Smith","Flyer Management Queue","hidden","Merchant Information Database","[86dzxnfph]","[https://app.clickup.com/t/86dzxnfph]","","[Merchant Information Database]","[]","","","","","","1770 hours",,0,"","Grocery","","[Clifford Fernandes, Shabaz Malik]","","https://fadmin.flippback.com/merchants/2051/dashboard","https://fadmin.flippback.com/merchants/2051/ftp_files","---Merchant---","","","[Clifford Fernandes]","","2051","https://docs.google.com/document/d/1aeV6bYo274O3vstEtpwkQ6XfUvQAq9OhNpL5ZEDF8xA/edit?tab=t.0#heading=h.y2dgj7b691i1","Federated Coop Limited","","Core"
"Task","86dzxnfph","Calgary Co-op - Weekly Flyer","86dyk9cmr","Calgary Co-op","https://app.clickup.com/t/86dyk9cmr","active merchants","
","[]","none","",0,0,"","","Thursday, February 19th 2026, 3:02:05 pm -05:00","Thursday, April 16th 2026, 4:20:26 pm -04:00","","","Matt Smith","Flyer Management Queue","hidden","Merchant Information Database","[]","[]","","[Merchant Information Database]","[]","","","","","40m","1770 hours",,0,"5","Grocery","","[Clifford Fernandes]","1775745843905","https://fadmin.flippback.com/merchants/2051/dashboard","https://fadmin.flippback.com/merchants/2051/ftp_files","Weekly","https://docs.google.com/document/d/1HbSJDYdFNhraUb7SvVPGRKs4SbitjQBhb7Rc6GE3Pa8/edit","480","[Clifford Fernandes]","","2051","https://docs.google.com/document/d/1aeV6bYo274O3vstEtpwkQ6XfUvQAq9OhNpL5ZEDF8xA/edit?tab=t.0#heading=h.y2dgj7b691i1","Federated Coop Limited","","Core"
"Flyer Subtask","86e0yhz1p","OPS - Check for page removal triggers that may need to be set up","86dzxnfph","Calgary Co-op - Weekly Flyer","https://app.clickup.com/t/86dzxnfph","active merchants","
","[]","none","",0,0,"","","Thursday, April 16th 2026, 4:20:43 pm -04:00","Thursday, May 7th 2026, 3:24:12 pm -04:00","","","Sharlene Nguy","Flyer Management Queue","hidden","Merchant Information Database","[]","[]","","[Merchant Information Database]","[]","","","","","","21 hours",,0,"","","","","","","","","","","","","","","","",""
"Retailer","86dyk9d1w","Calgary Co-op Wine Spirits Beer Liquor",,"","","active merchants","
","[]","none","",0,0,"","","Wednesday, November 26th 2025, 1:49:03 pm -05:00","Saturday, February 28th 2026, 6:43:50 am -05:00","","","Matt Smith","Flyer Management Queue","hidden","Merchant Information Database","[86dzxnhhj]","[https://app.clickup.com/t/86dzxnhhj]","","[Merchant Information Database]","[]","","","","","","1770 hours",,0,"","Alcohol, Wine and Spirits","","[Clifford Fernandes, Shabaz Malik]","","https://fadmin.flippback.com/merchants/3407/dashboard","https://fadmin.flippback.com/merchants/3407/ftp_files","---Merchant---","","","[Clifford Fernandes]","","3407","https://docs.google.com/document/d/1aeV6bYo274O3vstEtpwkQ6XfUvQAq9OhNpL5ZEDF8xA/edit?tab=t.0#heading=h.y2dgj7b691i1","Federated Coop Limited","","Core"
"Task","86dzxnhhj","Calgary Co-op Wine Spirits Beer Liquor - Weekly Flyer","86dyk9d1w","Calgary Co-op Wine Spirits Beer Liquor","https://app.clickup.com/t/86dyk9d1w","active merchants","
","[]","none","",0,0,"","","Thursday, February 19th 2026, 3:04:39 pm -05:00","Thursday, April 16th 2026, 4:20:35 pm -04:00","","","Matt Smith","Flyer Management Queue","hidden","Merchant Information Database","[]","[]","","[Merchant Information Database]","[]","","","","","30m","1770 hours",,0,"5","Alcohol, Wine and Spirits","","[Clifford Fernandes]","","https://fadmin.flippback.com/merchants/3407/dashboard","https://fadmin.flippback.com/merchants/3407/ftp_files","Weekly","https://docs.google.com/document/d/1nSVjYzo6PalGtm8kQ-WM6-dojh-e_LLmhYMlTe0sy8s/edit","3441","[Clifford Fernandes]","","3407","https://docs.google.com/document/d/1aeV6bYo274O3vstEtpwkQ6XfUvQAq9OhNpL5ZEDF8xA/edit?tab=t.0#heading=h.y2dgj7b691i1","Federated Coop Limited","","Core"
"Flyer Subtask","86e0yhz6c","OPS - Check for page removal triggers that may need to be set up","86dzxnhhj","Calgary Co-op Wine Spirits Beer Liquor - Weekly Flyer","https://app.clickup.com/t/86dzxnhhj","active merchants","
","[]","none","",0,0,"","","Thursday, April 16th 2026, 4:20:53 pm -04:00","Thursday, May 7th 2026, 3:24:12 pm -04:00","","","Sharlene Nguy","Flyer Management Queue","hidden","Merchant Information Database","[]","[]","","[Merchant Information Database]","[]","","","","","","21 hours",,0,"","","","","","","","","","","","","","","","",""
"Retailer","86dyk9mxw","Cashsaver",,"","","active merchants","
","[]","none","",0,0,"","","Wednesday, November 26th 2025, 1:59:32 pm -05:00","Friday, April 3rd 2026, 12:34:54 pm -04:00","","","Matt Smith","Flyer Management Queue","hidden","Merchant Information Database","[86dzwvdux]","[https://app.clickup.com/t/86dzwvdux]","","[Merchant Information Database]","[]","","","","","","1770 hours",,0,"","Grocery","Shabaz Malik","[Shabaz Malik]","1769542187612","https://fadmin.flippback.com/merchants/6720/dashboard","https://fadmin.flippback.com/merchants/6720/ftp_files","---Merchant---","","","[Shabaz Malik]","Roni Grigorian","6720","https://docs.google.com/document/d/19sS7g3I4gWUKCYmbUheDz978PhZxk4fo_REsTYrCSfY/edit?tab=t.0#heading=h.y2dgj7b691i1","Houchens Industries","","Longtail"
"Task","86dzwvdux","Cashsaver - Weekly Ad","86dyk9mxw","Cashsaver","https://app.clickup.com/t/86dyk9mxw","active merchants","
","[]","none","",0,0,"","","Wednesday, February 18th 2026, 4:57:55 pm -05:00","Thursday, April 16th 2026, 4:21:26 pm -04:00","","","Matt Smith","Flyer Management Queue","hidden","Merchant Information Database","[]","[]","","[Merchant Information Database]","[]","","","","","10m","1770 hours",,0,"5","Grocery","Shabaz Malik","[Shabaz Malik]","1775747393054","https://fadmin.flippback.com/merchants/6720/dashboard","https://fadmin.flippback.com/merchants/6720/ftp_files","Weekly","https://docs.google.com/document/d/10VvbzgzQFXUELeApLaX6TS5AVQ1OXY-4HkafrAHAUkY/edit?usp=sharing","11980","[Shabaz Malik]","Roni Grigorian","6720","https://docs.google.com/document/d/19sS7g3I4gWUKCYmbUheDz978PhZxk4fo_REsTYrCSfY/edit?tab=t.0#heading=h.y2dgj7b691i1","Houchens Industries","","Longtail"
"Retailer","86e0q1cqk","Centre Hi-Fi",,"","","active merchants","
","[]","none","",0,0,"","","Thursday, April 2nd 2026, 12:10:42 pm -04:00","Thursday, April 30th 2026, 10:31:29 am -04:00","","","Sharlene Nguy","Flyer Management Queue","hidden","Merchant Information Database","[86e0q1cqu]","[https://app.clickup.com/t/86e0q1cqu]","","[Merchant Information Database]","[]","","","","","","499 hours",,0,"","Electronics","Rushia Fernandes","","","https://fadmin.flippback.com/merchants/2741/dashboard","https://fadmin.flippback.com/merchants/2741/ftp_files","---Merchant---","","","[Addie Dobson, Kayla Summerhayes]","Addie Dobson","2741","https://docs.google.com/document/d/1TbItc_0yRM6EpHA1KwV9QPTF9tS_vMzTc3ZCOoYu_DA/edit?usp=sharing","","","Longtail"
"Task","86e0q1cqu","Centre Hi-Fi","86e0q1cqk","Centre Hi-Fi","https://app.clickup.com/t/86e0q1cqk","active merchants","
","[]","none","",0,0,"","","Thursday, April 2nd 2026, 12:10:42 pm -04:00","Monday, April 27th 2026, 11:48:45 am -04:00","","","Sharlene Nguy","Flyer Management Queue","hidden","Merchant Information Database","[]","[]","","[Merchant Information Database]","[]","","","","","45m","499 hours",,0,"3","Electronics","Rushia Fernandes","","","https://fadmin.flippback.com/merchants/2741/dashboard","https://fadmin.flippback.com/merchants/2741/ftp_files","Weekly","https://docs.google.com/document/d/13X5Exxa07ONEss2QgrMBURbc73C1JMgF7cWS0pQmXKE/edit?tab=t.0","2761","[Addie Dobson, Kayla Summerhayes]","Addie Dobson","2741","https://docs.google.com/document/d/1TbItc_0yRM6EpHA1KwV9QPTF9tS_vMzTc3ZCOoYu_DA/edit?usp=sharing","","","Longtail"
"Retailer","86e0q1d8w","Chico",,"","","active merchants","
","[]","none","",0,0,"","","Thursday, April 2nd 2026, 12:11:12 pm -04:00","Thursday, April 30th 2026, 10:31:29 am -04:00","","","Sharlene Nguy","Flyer Management Queue","hidden","Merchant Information Database","[86e0q1d8c]","[https://app.clickup.com/t/86e0q1d8c]","","[Merchant Information Database]","[]","","","","","","499 hours",,0,"","Pet Care","Rushia Fernandes","[Rushia Fernandes]","","https://fadmin.flippback.com/merchants/6447/dashboard","https://fadmin.flippback.com/merchants/6447/ftp_files","---Merchant---","","","[Alexandra van Wissen]","Alexandra Van Wissen","6447","https://docs.google.com/document/d/1DLEp1Fo9TUUdaUyWDFUDzL6w96tlDiiBSpW6bxqOchY/edit#heading=h.y2dgj7b691i1","","","Longtail"
"Task","86e0q1d8c","Chico","86e0q1d8w","Chico","https://app.clickup.com/t/86e0q1d8w","active merchants","
","[]","none","",0,0,"","","Thursday, April 2nd 2026, 12:11:11 pm -04:00","Friday, April 17th 2026, 5:07:31 pm -04:00","","","Sharlene Nguy","Flyer Management Queue","hidden","Merchant Information Database","[]","[]","","[Merchant Information Database]","[]","","","","","40m","499 hours",,0,"8","Pet Care","Rushia Fernandes","[Rushia Fernandes]","","https://fadmin.flippback.com/merchants/6447/dashboard","https://fadmin.flippback.com/merchants/6447/ftp_files","Ad-Hoc","https://docs.google.com/document/d/1gtr7JqVMzjyHlolLdmGGgIHEYruifT4ZQtDhf_BfiR0/edit","10874","[Alexandra van Wissen]","Alexandra Van Wissen","6447","https://docs.google.com/document/d/1DLEp1Fo9TUUdaUyWDFUDzL6w96tlDiiBSpW6bxqOchY/edit#heading=h.y2dgj7b691i1","","","Longtail"
"Retailer","86e0q1cw1","Choices Markets",,"","","active merchants","
","[]","none","",0,0,"","","Thursday, April 2nd 2026, 12:10:51 pm -04:00","Friday, May 1st 2026, 7:19:56 pm -04:00","","","Sharlene Nguy","Flyer Management Queue","hidden","Merchant Information Database","[86e0q1cw3]","[https://app.clickup.com/t/86e0q1cw3]","","[Merchant Information Database]","[]","","","","","","499 hours",,0,"","Grocery","Rushia Fernandes","[Rushia Fernandes, Megan Kernaghan]","","https://fadmin.flippback.com/merchants/3329/dashboard","https://fadmin.flippback.com/merchants/3329/ftp_files","---Merchant---","","","[Rushia Fernandes]","SE","3329","https://docs.google.com/document/d/1pD10BZQQkOkAhbJ7Xh8UH7mA2u38SOX6PSnNmJqXOOs/edit?tab=t.0#heading=h.y2dgj7b691i1","","","Core"
"Task","86e0q1cw3","Choices Markets","86e0q1cw1","Choices Markets","https://app.clickup.com/t/86e0q1cw1","active merchants","
","[]","none","",0,0,"","","Thursday, April 2nd 2026, 12:10:51 pm -04:00","Friday, April 17th 2026, 5:07:31 pm -04:00","","","Sharlene Nguy","Flyer Management Queue","hidden","Merchant Information Database","[]","[]","","[Merchant Information Database]","[]","","","","","35m","499 hours",,0,"5","Grocery","Rushia Fernandes","[Rushia Fernandes]","","https://fadmin.flippback.com/merchants/3329/dashboard","https://fadmin.flippback.com/merchants/3329/ftp_files","Weekly","https://docs.google.com/document/d/1pRHuXhJxkpg7JzyBWqvcvPNqJr3oHUm4akxpzjQwuj4/edit?tab=t.0","3375","[Rushia Fernandes]","SE","3329","https://docs.google.com/document/d/1pD10BZQQkOkAhbJ7Xh8UH7mA2u38SOX6PSnNmJqXOOs/edit?tab=t.0#heading=h.y2dgj7b691i1","","","Core"
"Retailer","86e0q1cvg","Colemans",,"","","active merchants","
","[]","none","",0,0,"","","Thursday, April 2nd 2026, 12:10:49 pm -04:00","Wednesday, May 6th 2026, 1:49:16 pm -04:00","","","Sharlene Nguy","Flyer Management Queue","hidden","Merchant Information Database","[86e0q1cvm]","[https://app.clickup.com/t/86e0q1cvm]","","[Merchant Information Database]","[]","","","","","","499 hours",,0,"","Grocery","Rushia Fernandes","[Rushia Fernandes]","","https://fadmin.flippback.com/merchants/3278/dashboard","https://fadmin.flippback.com/merchants/3278/ftp_files","---Merchant---","","","[Rushia Fernandes]","SE","3278","https://docs.google.com/document/d/1TBf2jK3Rw1ZmUrHVvwBpenBKUDVbV4Z0gC2L_59ebT8/edit?tab=t.0#heading=h.y2dgj7b691i1","","","Longtail"
"Task","86e0q1cvm","Colemans","86e0q1cvg","Colemans","https://app.clickup.com/t/86e0q1cvg","active merchants","
","[]","none","",0,0,"","","Thursday, April 2nd 2026, 12:10:50 pm -04:00","Wednesday, May 6th 2026, 1:29:31 pm -04:00","","","Sharlene Nguy","Flyer Management Queue","hidden","Merchant Information Database","[]","[]","","[Merchant Information Database]","[]","","","","","15m","499 hours",,0,"5","Grocery","Rushia Fernandes","[Rushia Fernandes]","","https://fadmin.flippback.com/merchants/3278/dashboard","https://fadmin.flippback.com/merchants/3278/ftp_files","Weekly","https://docs.google.com/document/d/11o-GIAJMTmRLT46B0-3ggUHXZBDk8yKD-R-5R8MhQNE/edit","3258","[Rushia Fernandes]","SE","3278","https://docs.google.com/document/d/1TBf2jK3Rw1ZmUrHVvwBpenBKUDVbV4Z0gC2L_59ebT8/edit?tab=t.0#heading=h.y2dgj7b691i1","","","Longtail"
"Retailer","86e0q1dam","Colemans Brandsource Home Furniture",,"","","active merchants","
","[]","none","",0,0,"","","Thursday, April 2nd 2026, 12:11:15 pm -04:00","Wednesday, May 6th 2026, 2:18:57 pm -04:00","","","Sharlene Nguy","Flyer Management Queue","hidden","Merchant Information Database","[86e0q1dah]","[https://app.clickup.com/t/86e0q1dah]","","[Merchant Information Database]","[]","","","","","30m","499 hours",,0,"","Home Goods, Furniture & Appliances","Megan Kernaghan","[Megan Kernaghan]","","https://fadmin.flippback.com/merchants/7166/dashboard","https://fadmin.flippback.com/merchants/7166/ftp_files","---Merchant---","","","[Megan Kernaghan]","Megan Kernaghan","7166","https://docs.google.com/document/d/1XSrDntdVfKQ-4b4li6xbrOtoK461PgOlzV6Y6oqPJ9U/edit?usp=sharing","","","Longtail"
"Task","86e0q1dah","Colemans Brandsource Home Furniture","86e0q1dam","Colemans Brandsource Home Furniture","https://app.clickup.com/t/86e0q1dam","active merchants","
","[]","none","",0,0,"","","Thursday, April 2nd 2026, 12:11:15 pm -04:00","Wednesday, May 6th 2026, 1:29:55 pm -04:00","","","Sharlene Nguy","Flyer Management Queue","hidden","Merchant Information Database","[]","[]","","[Merchant Information Database]","[]","","","","","30m","499 hours",,0,"","Home Goods, Furniture & Appliances","Megan Kernaghan","[Megan Kernaghan]","","https://fadmin.flippback.com/merchants/7166/dashboard","https://fadmin.flippback.com/merchants/7166/ftp_files","Ad-Hoc","https://docs.google.com/document/d/1PTng6YbeH4wOTMmlTVNbZPLX79t5dxoQ8BX59WHWHEs/edit?tab=t.0","12202","[Megan Kernaghan]","Megan Kernaghan","7166","https://docs.google.com/document/d/1XSrDntdVfKQ-4b4li6xbrOtoK461PgOlzV6Y6oqPJ9U/edit?usp=sharing","","","Longtail"
"Retailer","86dyk9eay","Commisso's Fresh Foods",,"","","active merchants","
","[]","none","",0,0,"","","Wednesday, November 26th 2025, 1:50:25 pm -05:00","Wednesday, April 15th 2026, 11:02:22 am -04:00","","","Matt Smith","Flyer Management Queue","hidden","Merchant Information Database","[86dzxnp7b, 86dzxnt8n]","[https://app.clickup.com/t/86dzxnp7b, https://app.clickup.com/t/86dzxnt8n]","","[Merchant Information Database]","[]","","","","","","1770 hours",,0,"","Grocery","","[Shabaz Malik]","","https://fadmin.flippback.com/merchants/2712/dashboard","https://fadmin.flippback.com/merchants/2712/ftp_files","---Merchant---","","","[Shabaz Malik]","Roni Grigorian","2712","https://docs.google.com/document/d/1QRJ2IVboypgXSgKW96iW-UAsuxRBkA1dQxN3XIoodBQ/edit","","","Longtail"
"Task","86dzxnp7b","Commisso's Fresh Foods - Commisso's Weekly","86dyk9eay","Commisso's Fresh Foods","https://app.clickup.com/t/86dyk9eay","active merchants","
","[]","none","",0,0,"","","Thursday, February 19th 2026, 3:11:47 pm -05:00","Thursday, April 16th 2026, 4:21:51 pm -04:00","","","Matt Smith","Flyer Management Queue","hidden","Merchant Information Database","[]","[]","","[Merchant Information Database]","[]","","","","","35m","1770 hours",,0,"7","Grocery","","[Shabaz Malik]","","https://fadmin.flippback.com/merchants/2712/dashboard","https://fadmin.flippback.com/merchants/2712/ftp_files","Weekly","https://docs.google.com/document/d/1KXfb05To0vNRcRm2p2jeFKWoHuYzWZ39dDIBv_aCSrY/edit?usp=sharing","11543","[Shabaz Malik]","Roni Grigorian","2712","https://docs.google.com/document/d/1QRJ2IVboypgXSgKW96iW-UAsuxRBkA1dQxN3XIoodBQ/edit","","","Longtail"
"Task","86dzxnt8n","Commisso's Fresh foods - Two Week Wellness","86dyk9eay","Commisso's Fresh Foods","https://app.clickup.com/t/86dyk9eay","active merchants","
","[]","none","",0,0,"","","Thursday, February 19th 2026, 3:14:38 pm -05:00","Thursday, April 16th 2026, 4:21:57 pm -04:00","","","Matt Smith","Flyer Management Queue","hidden","Merchant Information Database","[]","[]","","[Merchant Information Database]","[]","","","","","35m","1770 hours",,0,"7","Grocery","","[Shabaz Malik]","","https://fadmin.flippback.com/merchants/2712/dashboard","https://fadmin.flippback.com/merchants/2712/ftp_files","Bi-Weekly","https://docs.google.com/document/d/1KXfb05To0vNRcRm2p2jeFKWoHuYzWZ39dDIBv_aCSrY/edit?usp=sharing","11760","[Shabaz Malik]","Roni Grigorian","2712","https://docs.google.com/document/d/1QRJ2IVboypgXSgKW96iW-UAsuxRBkA1dQxN3XIoodBQ/edit","","","Longtail"
"Retailer","86dyk9dkd","Community Natural Foods",,"","","active merchants","
","[]","none","",0,0,"","","Wednesday, November 26th 2025, 1:49:31 pm -05:00","Friday, April 3rd 2026, 12:38:08 pm -04:00","","","Matt Smith","Flyer Management Queue","hidden","Merchant Information Database","[86dzxpnqq]","[https://app.clickup.com/t/86dzxpnqq]","","[Merchant Information Database]","[]","","","","","","1770 hours",,0,"","Grocery","","[Jenna Toppan]","","https://fadmin.flippback.com/merchants/3664/dashboard","https://fadmin.flippback.com/merchants/3664/ftp_files","---Merchant---","","","[Jenna Toppan]","Jenna Toppan","3664","https://docs.google.com/document/d/1-VBH3vPRpT_upHzMuqhu_3K_HNLyZMg7MMIyRVpMlWA/edit?tab=t.0","","","Longtail"
"Task","86dzxpnqq","Community Natural Foods - Weekly Flyer","86dyk9dkd","Community Natural Foods","https://app.clickup.com/t/86dyk9dkd","active merchants","
","[]","none","",0,0,"","","Thursday, February 19th 2026, 3:39:14 pm -05:00","Thursday, April 16th 2026, 4:22:16 pm -04:00","","","Matt Smith","Flyer Management Queue","hidden","Merchant Information Database","[]","[]","","[Merchant Information Database]","[]","","","","","40m","1770 hours",,0,"6","Grocery","","[Jenna Toppan]","","https://fadmin.flippback.com/merchants/3664/dashboard","https://fadmin.flippback.com/merchants/3664/ftp_files","Weekly","https://docs.google.com/document/d/1MFIW9xVr_YLRwc9qMFjj_cFMR75fjPtNvIQRtdXgrc4/edit?usp=sharing","9708","[Jenna Toppan]","Jenna Toppan","3664","https://docs.google.com/document/d/1-VBH3vPRpT_upHzMuqhu_3K_HNLyZMg7MMIyRVpMlWA/edit?tab=t.0","","","Longtail"
"Retailer","86e0q1cpe","Coppa's Fresh Market",,"","","active merchants","
","[]","none","",0,0,"","","Thursday, April 2nd 2026, 12:10:40 pm -04:00","Thursday, April 30th 2026, 10:31:29 am -04:00","","","Sharlene Nguy","Flyer Management Queue","hidden","Merchant Information Database","[86e0q1cpw]","[https://app.clickup.com/t/86e0q1cpw]","","[Merchant Information Database]","[]","","","","","","499 hours",,0,"","Grocery","Marion Kang","[Marion Kang]","","https://fadmin.flippback.com/merchants/2625/dashboard","https://fadmin.flippback.com/merchants/2625/ftp_files","---Merchant---","","","[Marion Kang]","SE","2625","https://docs.google.com/document/d/1cTpAM-mZDo84FQpxOgp-HpNyRIEvGVphyJTsoVwePho/edit?tab=t.0#heading=h.y2dgj7b691i1","","","Longtail"
"Task","86e0q1cpw","Coppa's Fresh Market","86e0q1cpe","Coppa's Fresh Market","https://app.clickup.com/t/86e0q1cpe","active merchants","
","[]","none","",0,0,"","","Thursday, April 2nd 2026, 12:10:40 pm -04:00","Monday, April 20th 2026, 4:16:25 pm -04:00","","","Sharlene Nguy","Flyer Management Queue","hidden","Merchant Information Database","[]","[]","","[Merchant Information Database]","[]","","","","","15m","499 hours",,0,"5","Grocery","Marion Kang","[Marion Kang]","","https://fadmin.flippback.com/merchants/2625/dashboard","https://fadmin.flippback.com/merchants/2625/ftp_files","Weekly","https://docs.google.com/document/d/1Q7wtiR51XGWD0w-uIdWbvat1DMkXTm0IZc7Yn9gKEQ8/edit?usp=sharing","2684","[Marion Kang]","SE","2625","https://docs.google.com/document/d/1cTpAM-mZDo84FQpxOgp-HpNyRIEvGVphyJTsoVwePho/edit?tab=t.0#heading=h.y2dgj7b691i1","","","Longtail"
"Retailer","86e0q1d50","Corbeil Électroménagers",,"","","active merchants","
","[]","none","",0,0,"","","Thursday, April 2nd 2026, 12:11:05 pm -04:00","Thursday, April 30th 2026, 10:31:29 am -04:00","","","Sharlene Nguy","Flyer Management Queue","hidden","Merchant Information Database","[86e0q1d4v]","[https://app.clickup.com/t/86e0q1d4v]","","[Merchant Information Database]","[]","","","","","","499 hours",,0,"","Home Improvement","Kayla Summerhayes","[Kayla Summerhayes]","","https://fadmin.flippback.com/merchants/441/dashboard","https://fadmin.flippback.com/merchants/441/ftp_files","---Merchant---","","","[Kayla Summerhayes]","Kayla Summerhayes","441","","","","Longtail"
"Task","86e0q1d4v","Corbeil Électroménagers","86e0q1d50","Corbeil Électroménagers","https://app.clickup.com/t/86e0q1d50","active merchants","
","[]","none","",0,0,"","","Thursday, April 2nd 2026, 12:11:05 pm -04:00","Monday, April 20th 2026, 4:16:48 pm -04:00","","","Sharlene Nguy","Flyer Management Queue","hidden","Merchant Information Database","[]","[]","","[Merchant Information Database]","[]","","","","","45m","499 hours",,0,"5","Home Improvement","Kayla Summerhayes","[Kayla Summerhayes]","","https://fadmin.flippback.com/merchants/441/dashboard","https://fadmin.flippback.com/merchants/441/ftp_files","Ad-Hoc","https://docs.google.com/document/d/1kxZs8Lp8YEX1CIqvYzn81P_mK9gadLixmAU8emPWk8o/edit?tab=t.0","7491","[Kayla Summerhayes]","Kayla Summerhayes","441","","","","Longtail"
"Retailer","86e0q1cxd","Country Grocer",,"","","active merchants","
","[]","none","",0,0,"","","Thursday, April 2nd 2026, 12:10:53 pm -04:00","Thursday, April 30th 2026, 10:31:29 am -04:00","","","Sharlene Nguy","Flyer Management Queue","hidden","Merchant Information Database","[86e0q1cxe]","[https://app.clickup.com/t/86e0q1cxe]","","[Merchant Information Database]","[]","","","","","","499 hours",,0,"","Grocery","Ebony Powell","[Ebony Powell]","","https://fadmin.flippback.com/merchants/3403/dashboard","https://fadmin.flippback.com/merchants/3403/ftp_files","---Merchant---","","","[Ebony Powell]","SE","3403","https://docs.google.com/document/d/1Hizvi4T3pJtXi1KyirQX5RK5LuoFdL8NY-UHcuznSfo/edit?tab=t.0#heading=h.y2dgj7b691i1","","","Longtail"
"Task","86e0q1cxe","Country Grocer","86e0q1cxd","Country Grocer","https://app.clickup.com/t/86e0q1cxd","active merchants","
","[]","none","",0,0,"","","Thursday, April 2nd 2026, 12:10:53 pm -04:00","Monday, April 20th 2026, 4:17:07 pm -04:00","","","Sharlene Nguy","Flyer Management Queue","hidden","Merchant Information Database","[]","[]","","[Merchant Information Database]","[]","","","","","25m","499 hours",,0,"4","Grocery","Ebony Powell","[Ebony Powell]","","https://fadmin.flippback.com/merchants/3403/dashboard","https://fadmin.flippback.com/merchants/3403/ftp_files","Weekly","https://docs.google.com/document/d/1u3W5pBvmK1oWfNVOj4Aspj2BUtw4fb342CSCO2OdvnI/edit?usp=sharing","10740","[Ebony Powell]","SE","3403","https://docs.google.com/document/d/1Hizvi4T3pJtXi1KyirQX5RK5LuoFdL8NY-UHcuznSfo/edit?tab=t.0#heading=h.y2dgj7b691i1","","","Longtail"
"Retailer","86e0q1d0w","Curtis Lumber",,"","","active merchants","
","[]","none","",0,0,"","","Thursday, April 2nd 2026, 12:10:59 pm -04:00","Thursday, April 30th 2026, 10:31:29 am -04:00","","","Sharlene Nguy","Flyer Management Queue","hidden","Merchant Information Database","[86e0q1d0u]","[https://app.clickup.com/t/86e0q1d0u]","","[Merchant Information Database]","[]","","","","","","499 hours",,0,"","Home Improvement","Marion Kang","[Marion Kang]","","https://fadmin.flippback.com/merchants/3724/dashboard","https://fadmin.flippback.com/merchants/3724/ftp_files","---Merchant---","","","[Marion Kang]","SE","3724","https://docs.google.com/document/d/1ru6RyzaNCH812gBbi3cZeG20_z_Vhiky5WhDOoxlHBI/edit?tab=t.0#heading=h.y2dgj7b691i1","","","Longtail"
"Task","86e0q1d0u","Curtis Lumber","86e0q1d0w","Curtis Lumber","https://app.clickup.com/t/86e0q1d0w","active merchants","
","[]","none","",0,0,"","","Thursday, April 2nd 2026, 12:10:59 pm -04:00","Monday, April 20th 2026, 4:17:29 pm -04:00","","","Sharlene Nguy","Flyer Management Queue","hidden","Merchant Information Database","[]","[]","","[Merchant Information Database]","[]","","","","","20m","499 hours",,0,"7","Home Improvement","Marion Kang","[Marion Kang]","","https://fadmin.flippback.com/merchants/3724/dashboard","https://fadmin.flippback.com/merchants/3724/ftp_files","Ad-Hoc","https://docs.google.com/document/d/18vAfkVusTVCsONIAZxvwsOR-cEwv8BAys4OJFmWi6yc/edit?usp=sharing","3801","[Marion Kang]","SE","3724","https://docs.google.com/document/d/1ru6RyzaNCH812gBbi3cZeG20_z_Vhiky5WhDOoxlHBI/edit?tab=t.0#heading=h.y2dgj7b691i1","","","Longtail"
"Retailer","86e0q1d5g","DeCicco & Sons",,"","","active merchants","
","[]","none","",0,0,"","","Thursday, April 2nd 2026, 12:11:06 pm -04:00","Thursday, April 30th 2026, 10:31:29 am -04:00","","","Sharlene Nguy","Flyer Management Queue","hidden","Merchant Information Database","[86e0q1d5j]","[https://app.clickup.com/t/86e0q1d5j]","","[Merchant Information Database]","[]","","","","","","499 hours",,0,"","N/A","Sabrina Ho","[Sabrina Ho]","","https://fadmin.flippback.com/merchants/4657/dashboard","https://fadmin.flippback.com/merchants/4657/ftp_files","---Merchant---","","","[Diandra Gonzalez]","Diandra Gonzalez Charris","4657","https://docs.google.com/document/d/1AcjsFnHFMEd-IoAQLFUeEfe1bGBGqbyEKZAdV6kLyJI/edit?tab=t.0#heading=h.y2dgj7b691i1","Alpha 1","","Longtail"
"Task","86e0q1d5j","DeCicco & Sons","86e0q1d5g","DeCicco & Sons","https://app.clickup.com/t/86e0q1d5g","active merchants","
","[]","none","",0,0,"","","Thursday, April 2nd 2026, 12:11:06 pm -04:00","Monday, April 20th 2026, 4:17:49 pm -04:00","","","Sharlene Nguy","Flyer Management Queue","hidden","Merchant Information Database","[]","[]","","[Merchant Information Database]","[]","","","","","40m","499 hours",,0,"5","N/A","Sabrina Ho","[Sabrina Ho]","","https://fadmin.flippback.com/merchants/4657/dashboard","https://fadmin.flippback.com/merchants/4657/ftp_files","Weekly","https://docs.google.com/document/d/1z_-HG0dMEG52V7_pHagQls9DRPB9fvWrNDd5v5sgmQ0/edit?usp=sharing","6084","[Diandra Gonzalez]","Diandra Gonzalez Charris","4657","https://docs.google.com/document/d/1AcjsFnHFMEd-IoAQLFUeEfe1bGBGqbyEKZAdV6kLyJI/edit?tab=t.0#heading=h.y2dgj7b691i1","Alpha 1","","Longtail"
"Retailer","86e0q1cq1","Dormez-Vous",,"","","active merchants","
","[]","none","",0,0,"","","Thursday, April 2nd 2026, 12:10:41 pm -04:00","Thursday, April 30th 2026, 10:31:29 am -04:00","","","Sharlene Nguy","Flyer Management Queue","hidden","Merchant Information Database","[86e0q1cq6]","[https://app.clickup.com/t/86e0q1cq6]","","[Merchant Information Database]","[]","","","","","","499 hours",,0,"","Home Goods, Furniture & Appliances","Ebony Powell","[Ebony Powell]","","https://fadmin.flippback.com/merchants/2708/dashboard","https://fadmin.flippback.com/merchants/2708/ftp_files","---Merchant---","","","[Ebony Powell]","SE","2708","https://docs.google.com/document/d/1YQGjJAeOq4oALWbC67SNSDwDhODSGarBU7KI6cfJRPY/edit?tab=t.0#heading=h.y2dgj7b691i1","Sleep Country Canada","","Longtail"
"Task","86e0q1cq6","Dormez-Vous","86e0q1cq1","Dormez-Vous","https://app.clickup.com/t/86e0q1cq1","active merchants","
","[]","none","",0,0,"","","Thursday, April 2nd 2026, 12:10:41 pm -04:00","Monday, April 20th 2026, 4:18:10 pm -04:00","","","Sharlene Nguy","Flyer Management Queue","hidden","Merchant Information Database","[]","[]","","[Merchant Information Database]","[]","","","","","1h 25m","499 hours",,0,"5","Home Goods, Furniture & Appliances","Ebony Powell","[Ebony Powell]","","https://fadmin.flippback.com/merchants/2708/dashboard","https://fadmin.flippback.com/merchants/2708/ftp_files","Weekly","https://docs.google.com/document/d/1wdxpRlS-T44SO2eiwZmEEJ50fJKQ85z3vKCRSrwhZWQ/edit?tab=t.0","3309","[Ebony Powell]","SE","2708","https://docs.google.com/document/d/1YQGjJAeOq4oALWbC67SNSDwDhODSGarBU7KI6cfJRPY/edit?tab=t.0#heading=h.y2dgj7b691i1","Sleep Country Canada","","Longtail"
"Retailer","86dyk9p6y","Dunham's Sports",,"","","active merchants","
","[Shairra Lenneth Anne Gumban, Analeah Dogeno]","none","",0,0,"","","Wednesday, November 26th 2025, 2:00:52 pm -05:00","Monday, May 4th 2026, 3:19:16 pm -04:00","","","Matt Smith","Flyer Management Queue","hidden","Merchant Information Database","[86dzxcazt, 86dzxcb2v, 86dzxcb6r]","[https://app.clickup.com/t/86dzxcazt, https://app.clickup.com/t/86dzxcb2v, https://app.clickup.com/t/86dzxcb6r]","","[Merchant Information Database]","[]","","","","","","1770 hours",,0,"","Sports & Outdoor","Shabaz Malik","[Shabaz Malik]","1769542189427","https://fadmin.flippback.com/merchants/2082/dashboard","https://fadmin.flippback.com/merchants/2082/ftp_files","---Merchant---","https://docs.google.com/document/d/1sdbqbbYvDLfdBBmDimjaZhvp1T0wa7eCLGH6pKmDjhc/edit?tab=t.0","","[Shabaz Malik]","Rachel Kyryliuk","2082","https://docs.google.com/document/u/0/d/12-ka51gSSdn435BG6_3112Y1ENmfoQ5StydTDi4SK7o/edit","","","Longtail"
"Task","86dzxcazt","Dunham's Sports - Weekly","86dyk9p6y","Dunham's Sports","https://app.clickup.com/t/86dyk9p6y","active merchants","
","[Shairra Lenneth Anne Gumban, Analeah Dogeno]","none","",0,0,"","","Thursday, February 19th 2026, 10:28:57 am -05:00","Monday, May 4th 2026, 3:19:17 pm -04:00","","","Matt Smith","Flyer Management Queue","hidden","Merchant Information Database","[]","[]","","[Merchant Information Database]","[]","","","","","35m","1770 hours",,0,"10","Sports & Outdoor","Shabaz Malik","[Shabaz Malik]","","https://fadmin.flippback.com/merchants/2082/dashboard","https://fadmin.flippback.com/merchants/2082/ftp_files","Weekly","https://docs.google.com/document/d/1sdbqbbYvDLfdBBmDimjaZhvp1T0wa7eCLGH6pKmDjhc/edit?tab=t.0","198","[Shabaz Malik]","Rachel Kyryliuk","2082","https://docs.google.com/document/u/0/d/12-ka51gSSdn435BG6_3112Y1ENmfoQ5StydTDi4SK7o/edit","","1","Longtail"
"Flyer Subtask","86e0yj1cq","OPS - Attach Codesheet & Check Content Policy at Upload, OPS - QC Trim Boxes Post Upload but Pre Pipeline Tasks, OPS - Add Deep Links After Processing","86dzxcazt","Dunham's Sports - Weekly","https://app.clickup.com/t/86dzxcazt","active merchants","
","[]","none","",0,0,"","","Thursday, April 16th 2026, 4:22:58 pm -04:00","Thursday, May 7th 2026, 3:24:12 pm -04:00","","","Sharlene Nguy","Flyer Management Queue","hidden","Merchant Information Database","[]","[]","","[Merchant Information Database]","[]","","","","","","21 hours",,0,"","","","","","","","","","","","","","","","",""
"Task","86dzxcb2v","Dunham's Sports - Coupon","86dyk9p6y","Dunham's Sports","https://app.clickup.com/t/86dyk9p6y","active merchants","
","[Shairra Lenneth Anne Gumban, Analeah Dogeno]","none","",0,0,"","","Thursday, February 19th 2026, 10:29:05 am -05:00","Monday, May 4th 2026, 3:19:18 pm -04:00","","","Matt Smith","Flyer Management Queue","hidden","Merchant Information Database","[]","[]","","[Merchant Information Database]","[]","","","","","1h 50m","1770 hours",,0,"10","Sports & Outdoor","Shabaz Malik","[Shabaz Malik]","","https://fadmin.flippback.com/merchants/2082/dashboard","https://fadmin.flippback.com/merchants/2082/ftp_files","Weekly","https://docs.google.com/document/d/1sdbqbbYvDLfdBBmDimjaZhvp1T0wa7eCLGH6pKmDjhc/edit?tab=t.0","9638","[Shabaz Malik]","Rachel Kyryliuk","2082","https://docs.google.com/document/u/0/d/12-ka51gSSdn435BG6_3112Y1ENmfoQ5StydTDi4SK7o/edit","","1","Longtail"
"Flyer Subtask","86e0yj2df","OPS - Transfer Files to FTP (before upload can begin), OPS - QC Trim Boxes Post Upload but Pre Pipeline Tasks, OPS Send Preview Link to Retailer after FQC, FTE - Pre Go-Live Corrections","86dzxcb2v","Dunham's Sports - Coupon","https://app.clickup.com/t/86dzxcb2v","active merchants","
","[]","none","",0,0,"","","Thursday, April 16th 2026, 4:24:17 pm -04:00","Thursday, May 7th 2026, 3:24:12 pm -04:00","","","Sharlene Nguy","Flyer Management Queue","hidden","Merchant Information Database","[]","[]","","[Merchant Information Database]","[]","","","","","","21 hours",,0,"","","","","","","","","","","","","","","","",""
"Task","86dzxcb6r","Dunham's Sports - Digital Guide","86dyk9p6y","Dunham's Sports","https://app.clickup.com/t/86dyk9p6y","active merchants","
","[Shairra Lenneth Anne Gumban, Analeah Dogeno]","none"," ",1,0,"","","Thursday, February 19th 2026, 10:29:16 am -05:00","Monday, May 4th 2026, 3:19:19 pm -04:00","","","Matt Smith","Flyer Management Queue","hidden","Merchant Information Database","[]","[]","","[Merchant Information Database]","[]","","","","","1h 50m","1770 hours",,0,"10","Sports & Outdoor","Shabaz Malik","[Shabaz Malik]","1777668475459","https://fadmin.flippback.com/merchants/2082/dashboard","https://fadmin.flippback.com/merchants/2082/ftp_files","Seasonal","https://docs.google.com/document/d/1sdbqbbYvDLfdBBmDimjaZhvp1T0wa7eCLGH6pKmDjhc/edit?tab=t.0","9637","[Shabaz Malik]","Rachel Kyryliuk","2082","https://docs.google.com/document/u/0/d/12-ka51gSSdn435BG6_3112Y1ENmfoQ5StydTDi4SK7o/edit","","1","Longtail"
"Flyer Subtask","86e0yj23p","OPS - Transfer Files to FTP (before upload can begin), OPS - QC Trim Boxes Post Upload but Pre Pipeline Tasks, OPS Send Preview Link to Retailer after FQC, FTE - Pre Go-Live Corrections","86dzxcb6r","Dunham's Sports - Digital Guide","https://app.clickup.com/t/86dzxcb6r","active merchants","
","[]","none","",0,0,"","","Thursday, April 16th 2026, 4:23:47 pm -04:00","Thursday, May 7th 2026, 3:24:12 pm -04:00","","","Sharlene Nguy","Flyer Management Queue","hidden","Merchant Information Database","[]","[]","","[Merchant Information Database]","[]","","","","","","21 hours",,0,"","","","","","","","","","","","","","","","",""
"Retailer","86dyk9dxj","EB Games Canada",,"","","active merchants","
","[]","none","",0,0,"","","Wednesday, November 26th 2025, 1:49:54 pm -05:00","Thursday, March 5th 2026, 12:14:19 pm -05:00","","","Matt Smith","Flyer Management Queue","hidden","Merchant Information Database","[86dzxqedn]","[https://app.clickup.com/t/86dzxqedn]","","[Merchant Information Database]","[]","","","","","","1770 hours",,0,"","Toys, Games, Baby, Books","","[Shabaz Malik]","","https://fadmin.flippback.com/merchants/3046/dashboard","https://fadmin.flippback.com/merchants/3046/ftp_files","---Merchant---","","","[Shabaz Malik]","Rachel Kyryliuk","3046","https://docs.google.com/document/d/1cU4aPMgOuJkdvrPUK_M5NjjCwg9vhVfBxu__EJ2r6Ps/edit#heading=h.y2dgj7b691i1","","","Longtail"
"Task","86dzxqedn","EB Games Canada - Flyer","86dyk9dxj","EB Games Canada","https://app.clickup.com/t/86dyk9dxj","active merchants","
","[]","none"," ",1,0,"","","Thursday, February 19th 2026, 3:58:25 pm -05:00","Monday, May 4th 2026, 2:27:59 pm -04:00","","","Matt Smith","Flyer Management Queue","hidden","Merchant Information Database","[]","[]","","[Merchant Information Database]","[]","EB Games Canada - Flyer - Template Task: https://app.clickup.com/t/86e0q8tmr)
EB Games Canada - Flyer - Template Task: https://app.clickup.com/t/86e0q8tm2)
EB Games Canada - Flyer - Template Task: https://app.clickup.com/t/86e0q8txn)
EB Games Canada - Flyer - Template Task: https://app.clickup.com/t/86e0q8txw)","","","","","1770 hours",,0,"5","Toys, Games, Baby, Books","","[Shabaz Malik]","1777919277514","https://fadmin.flippback.com/merchants/3046/dashboard","https://fadmin.flippback.com/merchants/3046/ftp_files","Ad-Hoc","https://docs.google.com/document/d/13YyWFp4obY4yW4xMCmFBj5w1V9u3vURTdS6ENjknoXY/edit?tab=t.0","3170","[Shabaz Malik]","Rachel Kyryliuk","3046","https://docs.google.com/document/d/1cU4aPMgOuJkdvrPUK_M5NjjCwg9vhVfBxu__EJ2r6Ps/edit#heading=h.y2dgj7b691i1","","","Longtail"
"Retailer","86e0q1ctf","El Rio Grande",,"","","active merchants","
","[]","none","",0,0,"","","Thursday, April 2nd 2026, 12:10:45 pm -04:00","Friday, May 1st 2026, 7:19:52 pm -04:00","","","Sharlene Nguy","Flyer Management Queue","hidden","Merchant Information Database","[86e0q1ctd]","[https://app.clickup.com/t/86e0q1ctd]","","[Merchant Information Database]","[]","","","","","","499 hours",,0,"","Grocery","Rushia Fernandes","[Rushia Fernandes, Rachel Bruinsma]","","https://fadmin.flippback.com/merchants/2937/dashboard","https://fadmin.flippback.com/merchants/2937/ftp_files","---Merchant---","","","[Rushia Fernandes]","SE","2937","https://docs.google.com/document/d/1mwBr1iqODOaWyogl-KeJUP_gz1J3n6eiqo9ZkGQzyEI/edit#heading=h.y2dgj7b691i1","","","Longtail"
"Task","86e0q1ctd","El Rio Grande","86e0q1ctf","El Rio Grande","https://app.clickup.com/t/86e0q1ctf","active merchants","
","[]","none","",0,0,"","","Thursday, April 2nd 2026, 12:10:45 pm -04:00","Friday, April 17th 2026, 5:07:31 pm -04:00","","","Sharlene Nguy","Flyer Management Queue","hidden","Merchant Information Database","[]","[]","","[Merchant Information Database]","[]","","","","","35m","499 hours",,0,"5","Grocery","Rushia Fernandes","[Rushia Fernandes]","","https://fadmin.flippback.com/merchants/2937/dashboard","https://fadmin.flippback.com/merchants/2937/ftp_files","Weekly","https://docs.google.com/document/d/1Sif2m_XtzjHd6tzPSeyaAx4RcpeHpC_FngjJtcEsxdQ/edit","4355","[Rushia Fernandes]","SE","2937","https://docs.google.com/document/d/1mwBr1iqODOaWyogl-KeJUP_gz1J3n6eiqo9ZkGQzyEI/edit#heading=h.y2dgj7b691i1","","","Longtail"
"Retailer","86e0q1ctv","El Super",,"","","active merchants","
","[]","none","",0,0,"","","Thursday, April 2nd 2026, 12:10:46 pm -04:00","Thursday, April 30th 2026, 10:31:29 am -04:00","","","Sharlene Nguy","Flyer Management Queue","hidden","Merchant Information Database","[86e0q1cu0]","[https://app.clickup.com/t/86e0q1cu0]","","[Merchant Information Database]","[]","","","","","","499 hours",,0,"","Grocery","Rushia Fernandes","[Rushia Fernandes]","","https://fadmin.flippback.com/merchants/3037/dashboard","https://fadmin.flippback.com/merchants/3037/ftp_files","---Merchant---","","","[Sabrina Ho]","Sabrina Ho","3037","https://docs.google.com/document/d/19Yb4MZrCF7GM7-yByg7tJPIouKLn_1BR_j_ZUxJRcW4/edit?tab=t.0#heading=h.y2dgj7b691i1","Chedraui","","Longtail"
"Task","86e0q1cu0","El Super","86e0q1ctv","El Super","https://app.clickup.com/t/86e0q1ctv","active merchants","
","[]","none","",0,0,"","","Thursday, April 2nd 2026, 12:10:47 pm -04:00","Monday, April 20th 2026, 4:18:37 pm -04:00","","","Sharlene Nguy","Flyer Management Queue","hidden","Merchant Information Database","[]","[]","","[Merchant Information Database]","[]","","","","","1h","499 hours",,0,"5","Grocery","Rushia Fernandes","[Rushia Fernandes]","","https://fadmin.flippback.com/merchants/3037/dashboard","https://fadmin.flippback.com/merchants/3037/ftp_files","Weekly","https://docs.google.com/document/d/1DJlm1TTZVHrrtgRbYZUoaXtcM3kfn0CcS-bNvski_xI/edit?usp=sharing","6193","[Sabrina Ho]","Sabrina Ho","3037","https://docs.google.com/document/d/19Yb4MZrCF7GM7-yByg7tJPIouKLn_1BR_j_ZUxJRcW4/edit?tab=t.0#heading=h.y2dgj7b691i1","Chedraui","","Longtail"
"Retailer","86e0q1d6t","El Super Fresh",,"","","active merchants","
","[]","none","",0,0,"","","Thursday, April 2nd 2026, 12:11:08 pm -04:00","Thursday, April 30th 2026, 10:31:29 am -04:00","","","Sharlene Nguy","Flyer Management Queue","hidden","Merchant Information Database","[86e0q1d70]","[https://app.clickup.com/t/86e0q1d70]","","[Merchant Information Database]","[]","","","","","","499 hours",,0,"","N/A","Rushia Fernandes","[Rushia Fernandes]","","https://fadmin.flippback.com/merchants/5606/dashboard","https://fadmin.flippback.com/merchants/5606/ftp_files","---Merchant---","","","[Sabrina Ho]","Sabrina Ho","5606","https://docs.google.com/document/d/13e8_z1SNplq7z132Qnyhs9UZIwNH_GL5zdNvHPcMuDc/edit?tab=t.0#heading=h.y2dgj7b691i1","Chedraui","","Longtail"
"Task","86e0q1d70","El Super Fresh","86e0q1d6t","El Super Fresh","https://app.clickup.com/t/86e0q1d6t","active merchants","
","[]","none","",0,0,"","","Thursday, April 2nd 2026, 12:11:08 pm -04:00","Monday, April 20th 2026, 4:18:54 pm -04:00","","","Sharlene Nguy","Flyer Management Queue","hidden","Merchant Information Database","[]","[]","","[Merchant Information Database]","[]","","","","","45m","499 hours",,0,"5","N/A","Rushia Fernandes","[Rushia Fernandes]","","https://fadmin.flippback.com/merchants/5606/dashboard","https://fadmin.flippback.com/merchants/5606/ftp_files","Weekly","https://docs.google.com/document/d/1H95Bman34ZP9eo1pKWfJlfmUyep_hMx678ZUU61aQfE/edit?usp=sharing","10527","[Sabrina Ho]","Sabrina Ho","5606","https://docs.google.com/document/d/13e8_z1SNplq7z132Qnyhs9UZIwNH_GL5zdNvHPcMuDc/edit?tab=t.0#heading=h.y2dgj7b691i1","Chedraui","","Longtail"
"Retailer","86e0q1d0e","Fairplay Foods",,"","","active merchants","
","[]","none","",0,0,"","","Thursday, April 2nd 2026, 12:10:58 pm -04:00","Friday, May 1st 2026, 7:19:43 pm -04:00","","","Sharlene Nguy","Flyer Management Queue","hidden","Merchant Information Database","[86e0q1d0r]","[https://app.clickup.com/t/86e0q1d0r]","","[Merchant Information Database]","[]","","","","","","499 hours",,0,"","Grocery","Rushia Fernandes","[Rushia Fernandes, Rachel Bruinsma]","","https://fadmin.flippback.com/merchants/3702/dashboard","https://fadmin.flippback.com/merchants/3702/ftp_files","---Merchant---","","","[Rushia Fernandes]","SE","3702","https://docs.google.com/document/d/1aM8LQhYLQ501ZsRHeROb59te51QXf3uV2Sa_ICrSMXw/edit?tab=t.0#heading=h.y2dgj7b691i1","","","Longtail"
"Task","86e0q1d0r","Fairplay Foods","86e0q1d0e","Fairplay Foods","https://app.clickup.com/t/86e0q1d0e","active merchants","
","[]","none","",0,0,"","","Thursday, April 2nd 2026, 12:10:58 pm -04:00","Monday, April 20th 2026, 4:19:12 pm -04:00","","","Sharlene Nguy","Flyer Management Queue","hidden","Merchant Information Database","[]","[]","","[Merchant Information Database]","[]","","","","","25m","499 hours",,0,"4","Grocery","Rushia Fernandes","[Rushia Fernandes]","","https://fadmin.flippback.com/merchants/3702/dashboard","https://fadmin.flippback.com/merchants/3702/ftp_files","Weekly","https://docs.google.com/document/d/1p_hEF3W2kN0kEi7qHqjLhsZdLSr3qIGBqLDC-_3FueM/edit","11601","[Rushia Fernandes]","SE","3702","https://docs.google.com/document/d/1aM8LQhYLQ501ZsRHeROb59te51QXf3uV2Sa_ICrSMXw/edit?tab=t.0#heading=h.y2dgj7b691i1","","","Longtail"
"Retailer","86e0q1cqc","Farm Boy",,"","","active merchants","
","[]","none","",0,0,"","","Thursday, April 2nd 2026, 12:10:41 pm -04:00","Thursday, April 30th 2026, 10:31:29 am -04:00","","","Sharlene Nguy","Flyer Management Queue","hidden","Merchant Information Database","[86e0q1cqe]","[https://app.clickup.com/t/86e0q1cqe]","","[Merchant Information Database]","[]","","","","","","499 hours",,0,"","Grocery","Clifford Fernandes","","","https://fadmin.flippback.com/merchants/2711/dashboard","https://fadmin.flippback.com/merchants/2711/ftp_files","---Merchant---","","","[Diandra Gonzalez]","Diandra Gonzalez Charris","2711","https://docs.google.com/document/d/1RWwITlFGHnvEGUISMYK4B9od5d1-GSvXRLBUF8EMwb8/edit?tab=t.0#heading=h.y2dgj7b691i1","Sobeys","","Core PLUS"
"Task","86e0q1cqe","Farm Boy","86e0q1cqc","Farm Boy","https://app.clickup.com/t/86e0q1cqc","active merchants","
","[]","none","",0,0,"","","Thursday, April 2nd 2026, 12:10:41 pm -04:00","Monday, April 20th 2026, 4:19:25 pm -04:00","","","Sharlene Nguy","Flyer Management Queue","hidden","Merchant Information Database","[]","[]","","[Merchant Information Database]","[]","","","","","55m","499 hours",,0,"7","Grocery","Clifford Fernandes","","","https://fadmin.flippback.com/merchants/2711/dashboard","https://fadmin.flippback.com/merchants/2711/ftp_files","Weekly","https://docs.google.com/document/d/1vyRTrCbdVySnuU4T50PHx80f6NLLRTwxz90j6wCpa_s/edit","2718","[Diandra Gonzalez]","Diandra Gonzalez Charris","2711","https://docs.google.com/document/d/1RWwITlFGHnvEGUISMYK4B9od5d1-GSvXRLBUF8EMwb8/edit?tab=t.0#heading=h.y2dgj7b691i1","Sobeys","","Core PLUS"
"Retailer","86e0q1cr3","Fiesta Mart",,"","","active merchants","
","[]","none","",0,0,"","","Thursday, April 2nd 2026, 12:10:43 pm -04:00","Thursday, April 30th 2026, 10:31:29 am -04:00","","","Sharlene Nguy","Flyer Management Queue","hidden","Merchant Information Database","[86e0q1cr4]","[https://app.clickup.com/t/86e0q1cr4]","","[Merchant Information Database]","[]","","","","","","499 hours",,0,"","Grocery","Ebony Powell","[Ebony Powell]","","https://fadmin.flippback.com/merchants/2814/dashboard","https://fadmin.flippback.com/merchants/2814/ftp_files","---Merchant---","","","[Ebony Powell]","SE","2814","https://docs.google.com/document/d/11qOU3wVtcDWnwpcPV0iHG5YOoG1nrAWZlGJbJ0rwU3A/edit?tab=t.0#heading=h.y2dgj7b691i1","Chedraui","","Longtail"
"Task","86e0q1cr4","Fiesta Mart","86e0q1cr3","Fiesta Mart","https://app.clickup.com/t/86e0q1cr3","active merchants","
","[]","none","",0,0,"","","Thursday, April 2nd 2026, 12:10:43 pm -04:00","Monday, April 20th 2026, 4:19:55 pm -04:00","","","Sharlene Nguy","Flyer Management Queue","hidden","Merchant Information Database","[]","[]","","[Merchant Information Database]","[]","","","","","35m","499 hours",,0,"8","Grocery","Ebony Powell","[Ebony Powell]","","https://fadmin.flippback.com/merchants/2814/dashboard","https://fadmin.flippback.com/merchants/2814/ftp_files","Weekly","https://docs.google.com/document/d/1C0qYZLxdCYE3QYurA3a__A4FqrsD-59HihvrnX71yag/edit","7380","[Ebony Powell]","SE","2814","https://docs.google.com/document/d/11qOU3wVtcDWnwpcPV0iHG5YOoG1nrAWZlGJbJ0rwU3A/edit?tab=t.0#heading=h.y2dgj7b691i1","Chedraui","","Longtail"
"Retailer","86e0q1cz9","Food City",,"","","active merchants","
","[]","none","",0,0,"","","Thursday, April 2nd 2026, 12:10:55 pm -04:00","Friday, May 1st 2026, 7:19:44 pm -04:00","","","Sharlene Nguy","Flyer Management Queue","hidden","Merchant Information Database","[86e0q1cz7]","[https://app.clickup.com/t/86e0q1cz7]","","[Merchant Information Database]","[]","","","","","","499 hours",,0,"","Grocery","Rushia Fernandes","[Rushia Fernandes, Rachel Bruinsma]","","https://fadmin.flippback.com/merchants/3541/dashboard","https://fadmin.flippback.com/merchants/3541/ftp_files","---Merchant---","","","[Rushia Fernandes]","SE","3541","https://docs.google.com/document/d/1lDNuJNflPycw4TSvPi5Y0HVwdl1w99K4dlUT3idulso/edit?tab=t.0#heading=h.y2dgj7b691i1","Bashas'","","Core"
"Task","86e0q1cz7","Food City","86e0q1cz9","Food City","https://app.clickup.com/t/86e0q1cz9","active merchants","
","[]","none","",0,0,"","","Thursday, April 2nd 2026, 12:10:55 pm -04:00","Friday, May 1st 2026, 7:14:33 pm -04:00","","","Sharlene Nguy","Flyer Management Queue","hidden","Merchant Information Database","[]","[]","","[Merchant Information Database]","[]","","","","","50m","499 hours",,0,"7","Grocery","Rushia Fernandes","[Rushia Fernandes]","","https://fadmin.flippback.com/merchants/3541/dashboard","https://fadmin.flippback.com/merchants/3541/ftp_files","Weekly","https://docs.google.com/document/d/14RyxrIHheHF_28Mn26YSzRbMCHdj6ow2moMfaP35q4U/edit?tab=t.0","3562","[Rushia Fernandes]","SE","3541","https://docs.google.com/document/d/1lDNuJNflPycw4TSvPi5Y0HVwdl1w99K4dlUT3idulso/edit?tab=t.0#heading=h.y2dgj7b691i1","Bashas'","","Core"
"Retailer","86dyk9mky","Food Giant",,"","","active merchants","
","[]","none","",0,0,"","","Wednesday, November 26th 2025, 1:59:07 pm -05:00","Friday, April 3rd 2026, 12:34:58 pm -04:00","","","Matt Smith","Flyer Management Queue","hidden","Merchant Information Database","[86dzxd9g3, 86dzxdb5p]","[https://app.clickup.com/t/86dzxd9g3, https://app.clickup.com/t/86dzxdb5p]","","[Merchant Information Database]","[]","","","","","","1770 hours",,0,"","Grocery","Shabaz Malik","[Shabaz Malik]","","https://fadmin.flippback.com/merchants/3140/dashboard","https://fadmin.flippback.com/merchants/3140/ftp_files","---Merchant---","","","[Shabaz Malik]","Roni Grigorian","3140","https://docs.google.com/document/d/19sS7g3I4gWUKCYmbUheDz978PhZxk4fo_REsTYrCSfY/edit?tab=t.0#heading=h.y2dgj7b691i1","Houchens Industries","","Longtail"
"Task","86dzxd9g3","Food Giant - Weekly Ad","86dyk9mky","Food Giant","https://app.clickup.com/t/86dyk9mky","active merchants","
","[]","none","",0,0,"","","Thursday, February 19th 2026, 10:55:09 am -05:00","Thursday, April 16th 2026, 4:24:37 pm -04:00","","","Matt Smith","Flyer Management Queue","hidden","Merchant Information Database","[]","[]","","[Merchant Information Database]","[]","","","","","35m","1770 hours",,0,"5","Grocery","Shabaz Malik","[Shabaz Malik]","","https://fadmin.flippback.com/merchants/3140/dashboard","https://fadmin.flippback.com/merchants/3140/ftp_files","Weekly","https://docs.google.com/document/d/1yfupD8ePXQ8Ltin7eNhDfjyqXNE-NStUbClHi7z8DjA/edit?usp=sharing","11938","[Shabaz Malik]","Roni Grigorian","3140","https://docs.google.com/document/d/19sS7g3I4gWUKCYmbUheDz978PhZxk4fo_REsTYrCSfY/edit?tab=t.0#heading=h.y2dgj7b691i1","Houchens Industries","","Longtail"
"Flyer Subtask","86e0yj2q5","FTE - FQC Piggly Wiggly - FG Clone, FTE - FQC Mad Butcher Clone, FTE - FQC Cashsaver Clone, FTE - FQC Big Star Clone, FTE - FQC Ripley's Market Clone, FTE - FQC Save-More Clone, FTE - FQC Save Mart Supermarkets Clone, FTE - FQC Marion's Marketplace - FG Clone","86dzxd9g3","Food Giant - Weekly Ad","https://app.clickup.com/t/86dzxd9g3","active merchants","
","[]","none","",0,0,"","","Thursday, April 16th 2026, 4:24:44 pm -04:00","Thursday, May 7th 2026, 3:24:12 pm -04:00","","","Sharlene Nguy","Flyer Management Queue","hidden","Merchant Information Database","[]","[]","","[Merchant Information Database]","[]","","","","","","21 hours",,0,"","","","","","","","","","","","","","","","",""
"Task","86dzxdb5p","Food Giant - Weekly","86dyk9mky","Food Giant","https://app.clickup.com/t/86dyk9mky","active merchants","
","[]","none","",0,0,"","","Thursday, February 19th 2026, 10:56:17 am -05:00","Thursday, April 16th 2026, 4:24:56 pm -04:00","","","Matt Smith","Flyer Management Queue","hidden","Merchant Information Database","[]","[]","","[Merchant Information Database]","[]","","","","","35m","1770 hours",,0,"5","Grocery","Shabaz Malik","[Shabaz Malik]","","https://fadmin.flippback.com/merchants/3140/dashboard","https://fadmin.flippback.com/merchants/3140/ftp_files","Weekly","https://docs.google.com/document/d/1D8x_IwKXZV3RpiVwHjUGvNKT-SgwItfcwAyXvXk99Wo/edit?usp=sharing","12011","[Shabaz Malik]","Roni Grigorian","3140","https://docs.google.com/document/d/19sS7g3I4gWUKCYmbUheDz978PhZxk4fo_REsTYrCSfY/edit?tab=t.0#heading=h.y2dgj7b691i1","Houchens Industries","","Longtail"
"Flyer Subtask","86e0yj2y4","FTE - FQC Piggly Wiggly - FG Clone, FTE - FQC Mad Butcher Clone, FTE - FQC Cashsaver Clone, FTE - FQC Big Star Clone, FTE - FQC Ripley's Market Clone, FTE - FQC Save-More Clone, FTE - FQC Save Mart Supermarkets Clone, FTE - FQC Marion's Marketplace - FG Clone","86dzxdb5p","Food Giant - Weekly","https://app.clickup.com/t/86dzxdb5p","active merchants","
","[]","none","",0,0,"","","Thursday, April 16th 2026, 4:25:03 pm -04:00","Thursday, May 7th 2026, 3:24:12 pm -04:00","","","Sharlene Nguy","Flyer Management Queue","hidden","Merchant Information Database","[]","[]","","[Merchant Information Database]","[]","","","","","","21 hours",,0,"","","","","","","","","","","","","","","","",""
"Retailer","86e0q1d7m","Food Town Texas",,"","","active merchants","
","[]","none","",0,0,"","","Thursday, April 2nd 2026, 12:11:10 pm -04:00","Thursday, April 30th 2026, 10:31:29 am -04:00","","","Sharlene Nguy","Flyer Management Queue","hidden","Merchant Information Database","[86e0q1d7w]","[https://app.clickup.com/t/86e0q1d7w]","","[Merchant Information Database]","[]","","","","","","499 hours",,0,"","Grocery","Marion Kang","[Marion Kang]","","https://fadmin.flippback.com/merchants/6087/dashboard","https://fadmin.flippback.com/merchants/6087/ftp_files","---Merchant---","","","[Marion Kang]","SE","6087","https://docs.google.com/document/d/1xPka5FyIA4w67-XF6zqsBqNYUI5Jeu5COq9S55i4X_w/edit?tab=t.0#heading=h.y2dgj7b691i1","","","Longtail"
"Task","86e0q1d7w","Food Town Texas","86e0q1d7m","Food Town Texas","https://app.clickup.com/t/86e0q1d7m","active merchants","
","[]","none","",0,0,"","","Thursday, April 2nd 2026, 12:11:10 pm -04:00","Monday, April 20th 2026, 4:20:21 pm -04:00","","","Sharlene Nguy","Flyer Management Queue","hidden","Merchant Information Database","[]","[]","","[Merchant Information Database]","[]","","","","","20m","499 hours",,0,"7","Grocery","Marion Kang","[Marion Kang]","","https://fadmin.flippback.com/merchants/6087/dashboard","https://fadmin.flippback.com/merchants/6087/ftp_files","Weekly","https://docs.google.com/document/d/1RhA_As9kDxYkgc7IRSfputC8RFKfWQyd2BjWqMz3BpQ/edit","9992","[Marion Kang]","SE","6087","https://docs.google.com/document/d/1xPka5FyIA4w67-XF6zqsBqNYUI5Jeu5COq9S55i4X_w/edit?tab=t.0#heading=h.y2dgj7b691i1","","","Longtail"
"Retailer","86e0q1ckp","FoodCity",,"","","active merchants","
","[]","none","",0,0,"","","Thursday, April 2nd 2026, 12:10:35 pm -04:00","Wednesday, May 6th 2026, 2:10:52 pm -04:00","","","Sharlene Nguy","Flyer Management Queue","hidden","Merchant Information Database","[86e0q1ckv]","[https://app.clickup.com/t/86e0q1ckv]","","[Merchant Information Database]","[]","","","","","","499 hours",,0,"","Grocery","Rushia Fernandes","[Rushia Fernandes, Adnela Fejzulovic]","","https://fadmin.flippback.com/merchants/2416/dashboard","https://fadmin.flippback.com/merchants/2416/ftp_files","---Merchant---","","","[Sabrina Ho]","Sabrina Ho","2416","https://docs.google.com/document/d/1jGiJ9ff-rQoK6d_QlubD_Kc_QEjD_oBptePL8eHjYiw/edit","FoodCity","","Core"
"Task","86e0q1ckv","FoodCity","86e0q1ckp","FoodCity","https://app.clickup.com/t/86e0q1ckp","active merchants","
","[]","none","",0,0,"","","Thursday, April 2nd 2026, 12:10:35 pm -04:00","Monday, May 4th 2026, 3:18:47 pm -04:00","","","Sharlene Nguy","Flyer Management Queue","hidden","Merchant Information Database","[]","[]","","[Merchant Information Database]","[]","","","","","1h 15m","499 hours",,0,"7","Grocery","Rushia Fernandes","[Rushia Fernandes]","","https://fadmin.flippback.com/merchants/2416/dashboard","https://fadmin.flippback.com/merchants/2416/ftp_files","Weekly","https://docs.google.com/document/d/1tTRlS5nKnO2EZzK6bttvaCj57ZIl_1MmohrloQG_NCo/edit?tab=t.0","2958","[Sabrina Ho]","Sabrina Ho","2416","https://docs.google.com/document/d/1jGiJ9ff-rQoK6d_QlubD_Kc_QEjD_oBptePL8eHjYiw/edit","FoodCity","","Core"
"Retailer","86dyk9d88","Fresco Y Mas",,"","","active merchants","
","[]","none","",0,0,"","","Wednesday, November 26th 2025, 1:49:11 pm -05:00","Tuesday, March 10th 2026, 4:03:37 pm -04:00","","","Matt Smith","Flyer Management Queue","hidden","Merchant Information Database","[86dzxqrcb, 86dzxqrtd]","[https://app.clickup.com/t/86dzxqrcb, https://app.clickup.com/t/86dzxqrtd]","","[Merchant Information Database]","[]","","","","","","1770 hours",,0,"","Grocery","Marion Kang","[Marion Kang]","","https://fadmin.flippback.com/merchants/4417/dashboard","https://fadmin.flippback.com/merchants/4417/ftp_files","---Merchant---","","","[Marion Kang]","Jenna Toppan","4417","https://docs.google.com/document/d/1P0MNLAOK73c2KU8K-1sdOImzd8IS3DWKlEcrTvWbab8/edit?tab=t.0","Southeastern Grocers (SEG)","","Core"
"Task","86dzxqrcb","Fresco Y Mas - Weekly Circular","86dyk9d88","Fresco Y Mas","https://app.clickup.com/t/86dyk9d88","active merchants","
","[]","none"," ",1,0,"","","Thursday, February 19th 2026, 4:05:48 pm -05:00","Thursday, April 16th 2026, 4:25:29 pm -04:00","","","Matt Smith","Flyer Management Queue","hidden","Merchant Information Database","[]","[]","","[Merchant Information Database]","[]","","","","","45m","1770 hours",,0,"7","Grocery","Marion Kang","[Marion Kang]","1775747671832","https://fadmin.flippback.com/merchants/4417/dashboard","https://fadmin.flippback.com/merchants/4417/ftp_files","Weekly","https://docs.google.com/document/d/1EQ2F7cbRWMUw1SCm035KgfcsW7FIFUsYHO_8fZQIqRQ/edit","4858","[Marion Kang]","Jenna Toppan","4417","https://docs.google.com/document/d/1P0MNLAOK73c2KU8K-1sdOImzd8IS3DWKlEcrTvWbab8/edit?tab=t.0","Southeastern Grocers (SEG)","","Core"
"Task","86dzxqrtd","Fresco y Mas - Alcohol Flyer","86dyk9d88","Fresco Y Mas","https://app.clickup.com/t/86dyk9d88","active merchants","
","[]","none","",0,0,"","","Thursday, February 19th 2026, 4:06:15 pm -05:00","Thursday, April 16th 2026, 4:25:32 pm -04:00","","","Matt Smith","Flyer Management Queue","hidden","Merchant Information Database","[]","[]","","[Merchant Information Database]","[]","","","","","45m","1770 hours",,0,"7","Grocery","Marion Kang","[Marion Kang]","","https://fadmin.flippback.com/merchants/4417/dashboard","https://fadmin.flippback.com/merchants/4417/ftp_files","Monthly","https://docs.google.com/document/d/1EQ2F7cbRWMUw1SCm035KgfcsW7FIFUsYHO_8fZQIqRQ/edit","11640","[Marion Kang]","Jenna Toppan","4417","https://docs.google.com/document/d/1P0MNLAOK73c2KU8K-1sdOImzd8IS3DWKlEcrTvWbab8/edit?tab=t.0","Southeastern Grocers (SEG)","","Core"
"Retailer","86e0q1czm","Fresh Thyme Market",,"","","active merchants","
","[]","none","",0,0,"","","Thursday, April 2nd 2026, 12:10:56 pm -04:00","Thursday, April 30th 2026, 10:31:29 am -04:00","","","Sharlene Nguy","Flyer Management Queue","hidden","Merchant Information Database","[86e0q1czt, 86e0q1czp]","[https://app.clickup.com/t/86e0q1czt, https://app.clickup.com/t/86e0q1czp]","","[Merchant Information Database]","[]","","","","","","499 hours",,0,"","Grocery","Addie Dobson","[Addie Dobson]","","https://fadmin.flippback.com/merchants/3552/dashboard","https://fadmin.flippback.com/merchants/3552/ftp_files","---Merchant---","","","[Roni Grigorian, Jenna Toppan]","Jenna Toppan","3552","https://docs.google.com/document/d/1buraEVN8p7ks_M0Df0p70GLcRykDIlYsmgEfwZoYdc8/edit?tab=t.0#heading=h.y2dgj7b691i1","","","Core"
"Task","86e0q1czt","Fresh Thyme Market","86e0q1czm","Fresh Thyme Market","https://app.clickup.com/t/86e0q1czm","active merchants","
","[]","none","",0,0,"","","Thursday, April 2nd 2026, 12:10:56 pm -04:00","Wednesday, April 22nd 2026, 10:18:34 am -04:00","","","Sharlene Nguy","Flyer Management Queue","hidden","Merchant Information Database","[]","[]","","[Merchant Information Database]","[]","","","","","1h","499 hours",,0,"5","Grocery","Addie Dobson","[Addie Dobson]","","https://fadmin.flippback.com/merchants/3552/dashboard","https://fadmin.flippback.com/merchants/3552/ftp_files","Weekly","https://docs.google.com/document/d/1JX9RnWksYxXvZI4BqVcmhi79k5fvYLgorzBKxGYYB1w/edit?usp=sharing","6236","[Roni Grigorian, Jenna Toppan]","Roni Grigorian","3552","https://docs.google.com/document/d/1buraEVN8p7ks_M0Df0p70GLcRykDIlYsmgEfwZoYdc8/edit?tab=t.0#heading=h.y2dgj7b691i1","","","Core"
"Task","86e0q1czp","Fresh Thyme Market","86e0q1czm","Fresh Thyme Market","https://app.clickup.com/t/86e0q1czm","active merchants","
","[]","none","",0,0,"","","Thursday, April 2nd 2026, 12:10:56 pm -04:00","Wednesday, April 22nd 2026, 10:18:38 am -04:00","","","Sharlene Nguy","Flyer Management Queue","hidden","Merchant Information Database","[]","[]","","[Merchant Information Database]","[]","","","","","1h","499 hours",,0,"5","Grocery","Addie Dobson","[Addie Dobson]","","https://fadmin.flippback.com/merchants/3552/dashboard","https://fadmin.flippback.com/merchants/3552/ftp_files","Monthly","https://docs.google.com/document/d/1JX9RnWksYxXvZI4BqVcmhi79k5fvYLgorzBKxGYYB1w/edit?usp=sharing","7802","[Roni Grigorian, Jenna Toppan]","Roni Grigorian","3552","https://docs.google.com/document/d/1buraEVN8p7ks_M0Df0p70GLcRykDIlYsmgEfwZoYdc8/edit?tab=t.0#heading=h.y2dgj7b691i1","","","Core"
"Retailer","86e0q1d5a","Fruiterie Potager",,"","","active merchants","
","[]","none","",0,0,"","","Thursday, April 2nd 2026, 12:11:06 pm -04:00","Thursday, April 30th 2026, 10:31:29 am -04:00","","","Sharlene Nguy","Flyer Management Queue","hidden","Merchant Information Database","[86e0q1d5e]","[https://app.clickup.com/t/86e0q1d5e]","","[Merchant Information Database]","[]","","","","","","499 hours",,0,"","Grocery","Ebony Powell","[Ebony Powell]","","https://fadmin.flippback.com/merchants/4554/dashboard","https://fadmin.flippback.com/merchants/4554/ftp_files","---Merchant---","","","[Ebony Powell]","SE","4554","https://docs.google.com/document/d/1r9rYdxcHrK4tzjcGCPeOhSKVx56-ZIWDFInROTKXsBY/edit?tab=t.0#heading=h.y2dgj7b691i1","","","Longtail"
"Task","86e0q1d5e","Fruiterie Potager","86e0q1d5a","Fruiterie Potager","https://app.clickup.com/t/86e0q1d5a","active merchants","
","[]","none","",0,0,"","","Thursday, April 2nd 2026, 12:11:06 pm -04:00","Monday, April 20th 2026, 4:21:03 pm -04:00","","","Sharlene Nguy","Flyer Management Queue","hidden","Merchant Information Database","[]","[]","","[Merchant Information Database]","[]","","","","","20m","499 hours",,0,"7","Grocery","Ebony Powell","[Ebony Powell]","","https://fadmin.flippback.com/merchants/4554/dashboard","https://fadmin.flippback.com/merchants/4554/ftp_files","Weekly","https://docs.google.com/document/d/1X62dw0BqKrGMxK1gUlFZzX9Paok2AiVMdLSPMyzmKBc/edit","10373","[Ebony Powell]","SE","4554","https://docs.google.com/document/d/1r9rYdxcHrK4tzjcGCPeOhSKVx56-ZIWDFInROTKXsBY/edit?tab=t.0#heading=h.y2dgj7b691i1","","","Longtail"
"Retailer","86e0q1d9p","Garry's Garden Gallery",,"","","active merchants","
","[]","none","",0,0,"","","Thursday, April 2nd 2026, 12:11:13 pm -04:00","Thursday, April 30th 2026, 10:31:29 am -04:00","","","Sharlene Nguy","Flyer Management Queue","hidden","Merchant Information Database","[86e0q1d9q]","[https://app.clickup.com/t/86e0q1d9q]","","[Merchant Information Database]","[]","","","","","","499 hours",,0,"","Home Improvement","Marion Kang","[Marion Kang]","","https://fadmin.flippback.com/merchants/6654/dashboard","https://fadmin.flippback.com/merchants/6654/ftp_files","---Merchant---","","","[Marion Kang]","SE","6654","https://docs.google.com/document/d/1xnstn5QfiND4BR3FJTd0Xq4N11b6qsMBYGJgBUQqR90/edit?tab=t.0#heading=h.62icsbc2t0km","","","Longtail"
"Task","86e0q1d9q","Garry's Garden Gallery","86e0q1d9p","Garry's Garden Gallery","https://app.clickup.com/t/86e0q1d9p","active merchants","
","[]","none","",0,0,"","","Thursday, April 2nd 2026, 12:11:13 pm -04:00","Monday, April 20th 2026, 4:21:20 pm -04:00","","","Sharlene Nguy","Flyer Management Queue","hidden","Merchant Information Database","[]","[]","","[Merchant Information Database]","[]","","","","","30m","499 hours",,0,"7","Home Improvement","Marion Kang","[Marion Kang]","","https://fadmin.flippback.com/merchants/6654/dashboard","https://fadmin.flippback.com/merchants/6654/ftp_files","Weekly","https://docs.google.com/document/d/1bG75zpubsSFvy0Ogif5sc-cnxke6YTyT2H1P6VnlZyA/edit","11746","[Marion Kang]","SE","6654","https://docs.google.com/document/d/1xnstn5QfiND4BR3FJTd0Xq4N11b6qsMBYGJgBUQqR90/edit?tab=t.0#heading=h.62icsbc2t0km","","","Longtail"
"Retailer","86e0q1dan","Gino's Meats & Deli",,"","","active merchants","
","[]","none","",0,0,"","","Thursday, April 2nd 2026, 12:11:15 pm -04:00","Wednesday, May 6th 2026, 2:11:01 pm -04:00","","","Sharlene Nguy","Flyer Management Queue","hidden","Merchant Information Database","[86e0q1daz]","[https://app.clickup.com/t/86e0q1daz]","","[Merchant Information Database]","[]","","","","","","499 hours",,0,"","N/A","Megan Kernaghan","[Megan Kernaghan]","","https://fadmin.flippback.com/merchants/7229/dashboard","https://fadmin.flippback.com/merchants/7229/ftp_files","---Merchant---","","","[Megan Kernaghan]","Megan Kernaghan","7229","https://docs.google.com/document/d/1R_8uughtXaTKKM9AcGUzIJm2s7wYpvI-g9PPZHJc-rc/edit?tab=t.0#heading=h.y2dgj7b691i1","","","Longtail"
"Task","86e0q1daz","Gino's Meats & Deli","86e0q1dan","Gino's Meats & Deli","https://app.clickup.com/t/86e0q1dan","active merchants","
","[]","none","",0,0,"","","Thursday, April 2nd 2026, 12:11:15 pm -04:00","Monday, May 4th 2026, 3:19:30 pm -04:00","","","Sharlene Nguy","Flyer Management Queue","hidden","Merchant Information Database","[]","[]","","[Merchant Information Database]","[]","","","","","20m","499 hours",,0,"7","N/A","Megan Kernaghan","[Megan Kernaghan]","","https://fadmin.flippback.com/merchants/7229/dashboard","https://fadmin.flippback.com/merchants/7229/ftp_files","Weekly","https://docs.google.com/document/d/1rbKloc4mYycQUI-7idqodgqj65kq8rj85dPuwjiGh_g/edit?tab=t.0","12274","[Megan Kernaghan]","Megan Kernaghan","7229","https://docs.google.com/document/d/1R_8uughtXaTKKM9AcGUzIJm2s7wYpvI-g9PPZHJc-rc/edit?tab=t.0#heading=h.y2dgj7b691i1","","","Longtail"
"Retailer","86dyk9z6d","Global Pet Foods",,"","","active merchants","
","[]","none","",0,0,"","","Wednesday, November 26th 2025, 2:11:03 pm -05:00","Wednesday, May 6th 2026, 2:11:04 pm -04:00","","","Matt Smith","Flyer Management Queue","hidden","Merchant Information Database","[86dzxdmz4]","[https://app.clickup.com/t/86dzxdmz4]","","[Merchant Information Database]","[]","","","","","","1770 hours",,0,"","Pet Care","Shabaz Malik","[Shabaz Malik]","1769525642950","https://fadmin.flippback.com/merchants/3418/dashboard","https://fadmin.flippback.com/merchants/3418/ftp_files","---Merchant---","","","[Shabaz Malik]","","3418","https://docs.google.com/document/d/1PtBZkKGDU24FtEOylJUs3kTM4rImdHJ8G7DPxrYGAFM/edit?tab=t.0#heading=h.y2dgj7b691i1","","","Longtail"
"Task","86dzxdmz4","Global Pet Foods - Flyer","86dyk9z6d","Global Pet Foods","https://app.clickup.com/t/86dyk9z6d","active merchants","
","[]","none","",0,0,"","","Thursday, February 19th 2026, 11:02:50 am -05:00","Monday, May 4th 2026, 3:17:53 pm -04:00","","","Matt Smith","Flyer Management Queue","hidden","Merchant Information Database","[]","[]","","[Merchant Information Database]","[]","","","","","","1770 hours",,0,"","Pet Care","Shabaz Malik","[Shabaz Malik]","","https://fadmin.flippback.com/merchants/3418/dashboard","https://fadmin.flippback.com/merchants/3418/ftp_files","Ad-Hoc","https://docs.google.com/document/d/1XtS-XCmQtL4QRiVaMsNSbOaNaEgI_wgeYuaeMWoXc_U/edit?tab=t.0","3465","[Shabaz Malik]","","3418","https://docs.google.com/document/d/1PtBZkKGDU24FtEOylJUs3kTM4rImdHJ8G7DPxrYGAFM/edit?tab=t.0#heading=h.y2dgj7b691i1","","","Longtail"
"Retailer","86e0q1crx","Goemans Appliances",,"","","active merchants","
","[]","none","",0,0,"","","Thursday, April 2nd 2026, 12:10:44 pm -04:00","Thursday, April 30th 2026, 10:31:29 am -04:00","","","Sharlene Nguy","Flyer Management Queue","hidden","Merchant Information Database","[86e0q1crz]","[https://app.clickup.com/t/86e0q1crz]","","[Merchant Information Database]","[]","","","","","","499 hours",,0,"","Home Goods, Furniture & Appliances","#N/A","","","https://fadmin.flippback.com/merchants/2886/dashboard","https://fadmin.flippback.com/merchants/2886/ftp_files","---Merchant---","","","[Roni Grigorian, Jenna Toppan]","Jenna Toppan","2886","https://docs.google.com/document/d/1Ty6_O9jSEe4WXRhjA1vBZQyiz-HFZbWH_YEwx1_rJ6M/edit?tab=t.0#heading=h.y2dgj7b691i1","Goeman's Appliances","","Longtail"
"Task","86e0q1crz","Goemans Appliances","86e0q1crx","Goemans Appliances","https://app.clickup.com/t/86e0q1crx","active merchants","
","[]","none","",0,0,"","","Thursday, April 2nd 2026, 12:10:45 pm -04:00","Wednesday, April 22nd 2026, 10:18:42 am -04:00","","","Sharlene Nguy","Flyer Management Queue","hidden","Merchant Information Database","[]","[]","","[Merchant Information Database]","[]","","","","","45m","499 hours",,0,"7","Home Goods, Furniture & Appliances","#N/A","","","https://fadmin.flippback.com/merchants/2886/dashboard","https://fadmin.flippback.com/merchants/2886/ftp_files","Monthly","https://docs.google.com/document/d/1KnkcTlhn5hGnv_S9r2uKhiOavv4hB3bEJz8jF7XkdMw/edit","2921","[Roni Grigorian, Jenna Toppan]","Roni Grigorian","2886","https://docs.google.com/document/d/1Ty6_O9jSEe4WXRhjA1vBZQyiz-HFZbWH_YEwx1_rJ6M/edit?tab=t.0#heading=h.y2dgj7b691i1","Goeman's Appliances","","Longtail"
"Retailer","86dyka00m","Guardian",,"","","active merchants","
","[Shairra Lenneth Anne Gumban, Analeah Dogeno]","none","",0,0,"","","Wednesday, November 26th 2025, 2:11:58 pm -05:00","Wednesday, May 6th 2026, 2:11:09 pm -04:00","","","Matt Smith","Flyer Management Queue","hidden","Merchant Information Database","[86dzyne9q, 86dzynkx4]","[https://app.clickup.com/t/86dzyne9q, https://app.clickup.com/t/86dzynkx4]","","[Merchant Information Database]","[]","","","","","","1770 hours",,0,"","Pharmacy","Shabaz Malik","[Shabaz Malik]","","https://fadmin.flippback.com/merchants/3423/dashboard","https://fadmin.flippback.com/merchants/3423/ftp_files","---Merchant---","","","[Hannah Schiff-Kearn]","Hannah Schiff-Kearn","3423","https://docs.google.com/document/d/1mbyu9utChEpXbzbMhRs_FsOY-_elP0sMhLnBngWCJ7Q/edit?tab=t.0#heading=h.8t428hnb3bke","McKesson Canada","","Core"
"Task","86dzyne9q","Guardian - Promotional Flyer 25 km","86dyka00m","Guardian","https://app.clickup.com/t/86dyka00m","active merchants","
","[Shairra Lenneth Anne Gumban, Analeah Dogeno]","none","",0,0,"","","Friday, February 20th 2026, 3:29:29 pm -05:00","Monday, May 4th 2026, 3:25:08 pm -04:00","","","Matt Smith","Flyer Management Queue","hidden","Merchant Information Database","[]","[]","","[Merchant Information Database]","[]","","","","","30m","1770 hours",,0,"14","Pharmacy","Shabaz Malik","[Shabaz Malik]","","https://fadmin.flippback.com/merchants/3423/dashboard","https://fadmin.flippback.com/merchants/3423/ftp_files","Weekly","https://docs.google.com/document/d/1Dt0sJfBNOmgQfnLA5DYQF-BZD5vr2b7a-II-Cylb7gE/edit?tab=t.0","4978","[Hannah Schiff-Kearn]","Hannah Schiff-Kearn","3423","https://docs.google.com/document/d/1mbyu9utChEpXbzbMhRs_FsOY-_elP0sMhLnBngWCJ7Q/edit?tab=t.0#heading=h.8t428hnb3bke","McKesson Canada","","Core"
"Flyer Subtask","86e0yj3xw","OPS - Monthly Inserts Process - Post FQC","86dzyne9q","Guardian - Promotional Flyer 25 km","https://app.clickup.com/t/86dzyne9q","active merchants","
","[]","none","",0,0,"","","Thursday, April 16th 2026, 4:26:00 pm -04:00","Thursday, May 7th 2026, 3:24:12 pm -04:00","","","Sharlene Nguy","Flyer Management Queue","hidden","Merchant Information Database","[]","[]","","[Merchant Information Database]","[]","","","","","","21 hours",,0,"","","","","","","","","","","","","","","","",""
"Task","86dzynkx4","Guardian - Prescription Centre Flyer 25 km","86dyka00m","Guardian","https://app.clickup.com/t/86dyka00m","active merchants","
","[Shairra Lenneth Anne Gumban, Analeah Dogeno]","none"," ",1,0,"","","Friday, February 20th 2026, 3:31:39 pm -05:00","Monday, May 4th 2026, 3:25:09 pm -04:00","","","Matt Smith","Flyer Management Queue","hidden","Merchant Information Database","[]","[]","","[Merchant Information Database]","[]","","","","","","1770 hours",,0,"14","Pharmacy","Shabaz Malik","[Shabaz Malik]","1777910041443","https://fadmin.flippback.com/merchants/3423/dashboard","https://fadmin.flippback.com/merchants/3423/ftp_files","Monthly","https://docs.google.com/document/d/1Dt0sJfBNOmgQfnLA5DYQF-BZD5vr2b7a-II-Cylb7gE/edit?tab=t.0","5128","[Hannah Schiff-Kearn]","Hannah Schiff-Kearn","3423","https://docs.google.com/document/d/1mbyu9utChEpXbzbMhRs_FsOY-_elP0sMhLnBngWCJ7Q/edit?tab=t.0#heading=h.8t428hnb3bke","McKesson Canada","","Core"
"Retailer","86e0q1cmd","H-E-B",,"","","active merchants","
","[]","none","",0,0,"","","Thursday, April 2nd 2026, 12:10:36 pm -04:00","Thursday, April 30th 2026, 10:31:29 am -04:00","","","Sharlene Nguy","Flyer Management Queue","hidden","Merchant Information Database","[86e0q1cmn]","[https://app.clickup.com/t/86e0q1cmn]","","[Merchant Information Database]","[]","","","","","","499 hours",,0,"","Grocery","Sabrina Ho","[Sabrina Ho]","","https://fadmin.flippback.com/merchants/2467/dashboard","https://fadmin.flippback.com/merchants/2467/ftp_files","---Merchant---","","","[Kayla Summerhayes]","Kayla Summerhayes","2467","https://docs.google.com/document/d/1DQuZWM8aatVpLrz7_LFAlKz2pX4G3ziySzDR_AYuQ84/edit?usp=sharing","HEB","","Core"
"Task","86e0q1cmn","H-E-B","86e0q1cmd","H-E-B","https://app.clickup.com/t/86e0q1cmd","active merchants","
","[]","none","",0,0,"","","Thursday, April 2nd 2026, 12:10:37 pm -04:00","Monday, April 20th 2026, 4:22:26 pm -04:00","","","Sharlene Nguy","Flyer Management Queue","hidden","Merchant Information Database","[]","[]","","[Merchant Information Database]","[]","","","","","3h","499 hours",,0,"7","Grocery","Sabrina Ho","[Sabrina Ho]","","https://fadmin.flippback.com/merchants/2467/dashboard","https://fadmin.flippback.com/merchants/2467/ftp_files","Weekly","https://docs.google.com/document/d/16oTlaw6rKkIQacefqACA5ijXsjVsFo8w3mVM2nqSksM/edit","6051","[Kayla Summerhayes]","Kayla Summerhayes","2467","https://docs.google.com/document/d/1DQuZWM8aatVpLrz7_LFAlKz2pX4G3ziySzDR_AYuQ84/edit?usp=sharing","HEB","","Core"
"Retailer","86dyk9dem","Harveys Supermarket",,"","","active merchants","
","[]","none","",0,0,"","","Wednesday, November 26th 2025, 1:49:22 pm -05:00","Thursday, March 12th 2026, 1:52:09 pm -04:00","","","Matt Smith","Flyer Management Queue","hidden","Merchant Information Database","[86dzxr2fg, 86dzxr2tz]","[https://app.clickup.com/t/86dzxr2fg, https://app.clickup.com/t/86dzxr2tz]","","[Merchant Information Database]","[]","","","","","","1770 hours",,0,"","Grocery","Marion Kang","[Marion Kang]","","https://fadmin.flippback.com/merchants/2405/dashboard","https://fadmin.flippback.com/merchants/2405/ftp_files","---Merchant---","","","[Marion Kang]","Marion Kang","2405","https://docs.google.com/document/d/1qZ4fwB1tceHtTG6QiA2SLAunvHX5G8cHvpSy05KHhpw/edit?usp=sharing","Southeastern Grocers (SEG)","","Core"
"Task","86dzxr2fg","Harveys Supermarket - Weekly Circular","86dyk9dem","Harveys Supermarket","https://app.clickup.com/t/86dyk9dem","active merchants","
","[]","none","",0,0,"","","Thursday, February 19th 2026, 4:16:02 pm -05:00","Thursday, April 16th 2026, 4:26:20 pm -04:00","","","Matt Smith","Flyer Management Queue","hidden","Merchant Information Database","[]","[]","","[Merchant Information Database]","[]","","","","","1h 10m","1770 hours",,0,"7","Grocery","Marion Kang","[Marion Kang]","","https://fadmin.flippback.com/merchants/2405/dashboard","https://fadmin.flippback.com/merchants/2405/ftp_files","Weekly","https://docs.google.com/document/d/1zZeEPgfRLWKWNohBjIFtz2G9rrTOEQ1ooy0vNTxtDWI/edit","3070","[Marion Kang]","Marion Kang","2405","https://docs.google.com/document/d/1qZ4fwB1tceHtTG6QiA2SLAunvHX5G8cHvpSy05KHhpw/edit?usp=sharing","Southeastern Grocers (SEG)","","Core"
"Task","86dzxr2tz","Harveys Supermarket - In-Store Flyer","86dyk9dem","Harveys Supermarket","https://app.clickup.com/t/86dyk9dem","active merchants","
","[]","none","",0,0,"","","Thursday, February 19th 2026, 4:16:16 pm -05:00","Thursday, April 16th 2026, 4:26:31 pm -04:00","","","Matt Smith","Flyer Management Queue","hidden","Merchant Information Database","[]","[]","","[Merchant Information Database]","[]","","","","","1h 10m","1770 hours",,0,"7","Grocery","Marion Kang","[Marion Kang]","","https://fadmin.flippback.com/merchants/2405/dashboard","https://fadmin.flippback.com/merchants/2405/ftp_files","Bi-Weekly","https://docs.google.com/document/d/1zZeEPgfRLWKWNohBjIFtz2G9rrTOEQ1ooy0vNTxtDWI/edit","3292","[Marion Kang]","Marion Kang","2405","https://docs.google.com/document/d/1qZ4fwB1tceHtTG6QiA2SLAunvHX5G8cHvpSy05KHhpw/edit?usp=sharing","Southeastern Grocers (SEG)","","Core"
"Retailer","86e0q1d6f","Health Mart Pharmacy",,"","","active merchants","
","[]","none","",0,0,"","","Thursday, April 2nd 2026, 12:11:08 pm -04:00","Thursday, April 30th 2026, 10:31:29 am -04:00","","","Sharlene Nguy","Flyer Management Queue","hidden","Merchant Information Database","[86e0q1d6j]","[https://app.clickup.com/t/86e0q1d6j]","","[Merchant Information Database]","[]","","","","","","499 hours",,0,"","Pharmacy","Rushia Fernandes","","","https://fadmin.flippback.com/merchants/5601/dashboard","https://fadmin.flippback.com/merchants/5601/ftp_files","---Merchant---","","","[Addie Dobson, Kaitlyn Morrison]","Addie Dobson","5601","https://docs.google.com/document/d/1UETyMNGdCFO9TX3mtWRYvfJYPT3uWzH_l2__uD_kFm4/edit?tab=t.0#heading=h.y2dgj7b691i1","McKesson USA","","Core"
"Task","86e0q1d6j","Health Mart Pharmacy","86e0q1d6f","Health Mart Pharmacy","https://app.clickup.com/t/86e0q1d6f","active merchants","FTE - Transfer files to the SFTP
","[]","none","",0,0,"","","Thursday, April 2nd 2026, 12:11:08 pm -04:00","Friday, April 17th 2026, 5:07:31 pm -04:00","","","Sharlene Nguy","Flyer Management Queue","hidden","Merchant Information Database","[]","[]","","[Merchant Information Database]","[]","","","","","55m","499 hours",,0,"7","Pharmacy","Rushia Fernandes","","","https://fadmin.flippback.com/merchants/5601/dashboard","https://fadmin.flippback.com/merchants/5601/ftp_files","Monthly","https://docs.google.com/document/d/1xppcQKaHC0K10s8GXh_vUNmX2rLOwHAau2a6Lupv4Cw/edit?tab=t.0","7957","[Addie Dobson, Kaitlyn Morrison]","Addie Dobson","5601","https://docs.google.com/document/d/1UETyMNGdCFO9TX3mtWRYvfJYPT3uWzH_l2__uD_kFm4/edit?tab=t.0#heading=h.y2dgj7b691i1","McKesson USA","","Core"
"Flyer Subtask","86e0z6xkn","FTE - Transfer files to the SFTP","86e0q1d6j","Health Mart Pharmacy","https://app.clickup.com/t/86e0q1d6j","active merchants","
","[]","none","",0,0,"","","Friday, April 17th 2026, 5:51:37 pm -04:00","Thursday, May 7th 2026, 3:24:12 pm -04:00","","","Matt Smith","Flyer Management Queue","hidden","Merchant Information Database","[]","[]","","[Merchant Information Database]","[]","","","","","","21 hours",,0,"","","","","","","","","","","","","","","","",""
"Retailer","86e0q1d58","Heartland Marketplace",,"","","active merchants","
","[]","none","",0,0,"","","Thursday, April 2nd 2026, 12:11:05 pm -04:00","Wednesday, May 6th 2026, 2:11:21 pm -04:00","","","Sharlene Nguy","Flyer Management Queue","hidden","Merchant Information Database","[86e0q1d59]","[https://app.clickup.com/t/86e0q1d59]","","[Merchant Information Database]","[]","","","","","","499 hours",,0,"","Grocery","Rachel Kyryliuk","","","https://fadmin.flippback.com/merchants/4450/dashboard","https://fadmin.flippback.com/merchants/4450/ftp_files","---Merchant---","","","[Rachel Bruinsma, Roni Grigorian, hammna]","Rachel Kyryliuk","4450","https://docs.google.com/document/d/11nBej2Mg5fQvG_SWCt8pMfJQfbWkJx5SmLXd-lluPv4/edit?tab=t.0#heading=h.y2dgj7b691i1","SpartanNash","","Longtail"
"Task","86e0q1d59","Heartland Marketplace","86e0q1d58","Heartland Marketplace","https://app.clickup.com/t/86e0q1d58","active merchants","
","[]","none","",0,0,"","","Thursday, April 2nd 2026, 12:11:05 pm -04:00","Monday, May 4th 2026, 3:19:44 pm -04:00","","","Sharlene Nguy","Flyer Management Queue","hidden","Merchant Information Database","[]","[]","","[Merchant Information Database]","[]","","","","","25m","499 hours",,0,"7","Grocery","Rachel Kyryliuk","","","https://fadmin.flippback.com/merchants/4450/dashboard","https://fadmin.flippback.com/merchants/4450/ftp_files","Bi-Weekly","https://docs.google.com/document/d/1PUbyszzgnN93iq7LvjFm8b2yTF6zaSvQ_ei-whSKBrg/edit?tab=t.0","12229","[Rachel Bruinsma, Roni Grigorian, hammna]","Rachel Kyryliuk","4450","https://docs.google.com/document/d/11nBej2Mg5fQvG_SWCt8pMfJQfbWkJx5SmLXd-lluPv4/edit?tab=t.0#heading=h.y2dgj7b691i1","SpartanNash","","Longtail"
"Retailer","86e0q1cvc","Heinen's Fine Foods",,"","","active merchants","
","[]","none","",0,0,"","","Thursday, April 2nd 2026, 12:10:49 pm -04:00","Thursday, April 30th 2026, 10:31:29 am -04:00","","","Sharlene Nguy","Flyer Management Queue","hidden","Merchant Information Database","[86e0q1cvf]","[https://app.clickup.com/t/86e0q1cvf]","","[Merchant Information Database]","[]","","","","","","499 hours",,0,"","Grocery","Ebony Powell","","","https://fadmin.flippback.com/merchants/3151/dashboard","https://fadmin.flippback.com/merchants/3151/ftp_files","---Merchant---","","","","SE","3151","https://docs.google.com/document/d/1jzDekSjUedeXwa8KJ_4-QP1vqF47Fe-lDagPKwobcWE/edit?tab=t.0#heading=h.y2dgj7b691i1","","","Longtail"
"Task","86e0q1cvf","Heinen's Fine Foods","86e0q1cvc","Heinen's Fine Foods","https://app.clickup.com/t/86e0q1cvc","active merchants","
","[]","none","",0,0,"","","Thursday, April 2nd 2026, 12:10:49 pm -04:00","Friday, April 17th 2026, 5:07:31 pm -04:00","","","Sharlene Nguy","Flyer Management Queue","hidden","Merchant Information Database","[]","[]","","[Merchant Information Database]","[]","","","","","1h 5m","499 hours",,0,"9","Grocery","Ebony Powell","[Ebony Powell]","","https://fadmin.flippback.com/merchants/3151/dashboard","https://fadmin.flippback.com/merchants/3151/ftp_files","Weekly","https://docs.google.com/document/d/1hUJ1Mz_INbVlIMmwe3nmU6eBLjikoyK3cRqTpfUZj38/edit?usp=sharing","6644","[Ebony Powell]","SE","3151","https://docs.google.com/document/d/1jzDekSjUedeXwa8KJ_4-QP1vqF47Fe-lDagPKwobcWE/edit?tab=t.0#heading=h.y2dgj7b691i1","","","Longtail"
"Retailer","86dyk9zm3","Horizon Santé",,"","","active merchants","
","[]","none","",0,0,"","","Wednesday, November 26th 2025, 2:11:27 pm -05:00","Monday, March 30th 2026, 10:44:05 am -04:00","","","Matt Smith","Flyer Management Queue","hidden","Merchant Information Database","[86dzxdvt1, 86dzxdwb9, 86dzxdwqx]","[https://app.clickup.com/t/86dzxdvt1, https://app.clickup.com/t/86dzxdwb9, https://app.clickup.com/t/86dzxdwqx]","","[Merchant Information Database]","[]","","","","","","1770 hours",,0,"","Pharmacy","Shabaz Malik","[Shabaz Malik]","","https://fadmin.flippback.com/merchants/6386/dashboard","https://fadmin.flippback.com/merchants/6386/ftp_files","---Merchant---","","","[Shabaz Malik]","Jenna Toppan","6386","https://docs.google.com/document/d/1R09DkY_i9UU1xB_VEDLFCvzNQUWIjhdjAXAm10I3nxk/edit?tab=t.0#heading=h.y2dgj7b691i1","","","Longtail"
"Task","86dzxdvt1","Horizon Santé - Monthly Flyer","86dyk9zm3","Horizon Santé","https://app.clickup.com/t/86dyk9zm3","active merchants","
","[]","none","",0,0,"","","Thursday, February 19th 2026, 11:08:30 am -05:00","Monday, April 13th 2026, 1:36:47 pm -04:00","","","Matt Smith","Flyer Management Queue","hidden","Merchant Information Database","[]","[]","","[Merchant Information Database]","[]","","","","","","1770 hours",,0,"10","Pharmacy","Shabaz Malik","[Shabaz Malik]","","https://fadmin.flippback.com/merchants/6386/dashboard","https://fadmin.flippback.com/merchants/6386/ftp_files","Monthly","https://docs.google.com/document/d/1vXptPauvBh9VXGggQGsTuU8_HXM-PFX0T1fgv1qWpUY/edit?tab=t.0","11163","[Shabaz Malik]","Jenna Toppan","6386","https://docs.google.com/document/d/1R09DkY_i9UU1xB_VEDLFCvzNQUWIjhdjAXAm10I3nxk/edit?tab=t.0#heading=h.y2dgj7b691i1","","","Longtail"
"Task","86dzxdwb9","Horizon Santé - One Pager","86dyk9zm3","Horizon Santé","https://app.clickup.com/t/86dyk9zm3","active merchants","
","[]","none","",0,0,"","","Thursday, February 19th 2026, 11:09:30 am -05:00","Monday, April 13th 2026, 1:36:50 pm -04:00","","","Matt Smith","Flyer Management Queue","hidden","Merchant Information Database","[]","[]","","[Merchant Information Database]","[]","","","","","","1770 hours",,0,"10","Pharmacy","Shabaz Malik","[Shabaz Malik]","","https://fadmin.flippback.com/merchants/6386/dashboard","https://fadmin.flippback.com/merchants/6386/ftp_files","Monthly","https://docs.google.com/document/d/1vXptPauvBh9VXGggQGsTuU8_HXM-PFX0T1fgv1qWpUY/edit?tab=t.0","11637","[Shabaz Malik]","Jenna Toppan","6386","https://docs.google.com/document/d/1R09DkY_i9UU1xB_VEDLFCvzNQUWIjhdjAXAm10I3nxk/edit?tab=t.0#heading=h.y2dgj7b691i1","","","Longtail"
"Task","86dzxdwqx","Horizon Santé - Specialty","86dyk9zm3","Horizon Santé","https://app.clickup.com/t/86dyk9zm3","active merchants","
","[]","none","",0,0,"","","Thursday, February 19th 2026, 11:10:17 am -05:00","Monday, March 30th 2026, 10:44:24 am -04:00","","","Matt Smith","Flyer Management Queue","hidden","Merchant Information Database","[]","[]","","[Merchant Information Database]","[]","","","","","","1770 hours",,0,"","Pharmacy","Shabaz Malik","[Shabaz Malik]","","https://fadmin.flippback.com/merchants/6386/dashboard","https://fadmin.flippback.com/merchants/6386/ftp_files","Ad-Hoc","https://docs.google.com/document/d/1vXptPauvBh9VXGggQGsTuU8_HXM-PFX0T1fgv1qWpUY/edit?tab=t.0","12277","[Shabaz Malik]","Jenna Toppan","6386","https://docs.google.com/document/d/1R09DkY_i9UU1xB_VEDLFCvzNQUWIjhdjAXAm10I3nxk/edit?tab=t.0#heading=h.y2dgj7b691i1","","","Longtail"
"Retailer","86dyka022","I.D.A.",,"","","active merchants","
","[Shairra Lenneth Anne Gumban, Analeah Dogeno]","none","",0,0,"","","Wednesday, November 26th 2025, 2:12:02 pm -05:00","Monday, May 4th 2026, 3:26:57 pm -04:00","","","Matt Smith","Flyer Management Queue","hidden","Merchant Information Database","[86dzymkd2, 86dzymn1t]","[https://app.clickup.com/t/86dzymkd2, https://app.clickup.com/t/86dzymn1t]","","[Merchant Information Database]","[]","","","","","","1770 hours",,0,"","Pharmacy","Shabaz Malik","[Shabaz Malik]","","https://fadmin.flippback.com/merchants/3424/dashboard","https://fadmin.flippback.com/merchants/3424/ftp_files","---Merchant---","","","[Hannah Schiff-Kearn]","Hannah Schiff-Kearn","3424","https://docs.google.com/document/d/12lPGN4-ORB-VAafh9gnjOUJ4MTag-yBEoPrz21Sz5t4/edit?tab=t.0#heading=h.y2dgj7b691i1","McKesson Canada","","Core"
"Task","86dzymkd2","I.D.A. - Promotional Flyer 25 km","86dyka022","I.D.A.","https://app.clickup.com/t/86dyka022","active merchants","
","[Shairra Lenneth Anne Gumban, Analeah Dogeno]","none"," ",1,0,"","","Friday, February 20th 2026, 3:18:55 pm -05:00","Monday, May 4th 2026, 3:26:44 pm -04:00","","","Matt Smith","Flyer Management Queue","hidden","Merchant Information Database","[]","[]","","[Merchant Information Database]","[]","","","","","30m","1770 hours",,0,"14","Pharmacy","Shabaz Malik","[Shabaz Malik]","1775748184875","https://fadmin.flippback.com/merchants/3424/dashboard","https://fadmin.flippback.com/merchants/3424/ftp_files","Weekly","https://docs.google.com/document/d/11UM2klrfVHAkwc2UjcbW_Lq1pJ5Z-yWnjfQzzMy3RU0/edit?tab=t.0","4977","[Hannah Schiff-Kearn]","Hannah Schiff-Kearn","3424","https://docs.google.com/document/d/12lPGN4-ORB-VAafh9gnjOUJ4MTag-yBEoPrz21Sz5t4/edit?tab=t.0#heading=h.y2dgj7b691i1","McKesson Canada","","Core"
"Flyer Subtask","86e0yj53t","OPS - Monthly Inserts Process - Post FQC","86dzymkd2","I.D.A. - Promotional Flyer 25 km","https://app.clickup.com/t/86dzymkd2","active merchants","
","[]","none","",0,0,"","","Thursday, April 16th 2026, 4:27:07 pm -04:00","Thursday, May 7th 2026, 3:24:12 pm -04:00","","","Sharlene Nguy","Flyer Management Queue","hidden","Merchant Information Database","[]","[]","","[Merchant Information Database]","[]","","","","","","21 hours",,0,"","","","","","","","","","","","","","","","",""
"Task","86dzymn1t","I.D.A. - Prescription Centre Flyer 25 km","86dyka022","I.D.A.","https://app.clickup.com/t/86dyka022","active merchants","
","[Shairra Lenneth Anne Gumban, Analeah Dogeno]","none"," ",1,0,"","","Friday, February 20th 2026, 3:19:29 pm -05:00","Monday, May 4th 2026, 3:26:56 pm -04:00","","","Matt Smith","Flyer Management Queue","hidden","Merchant Information Database","[]","[]","","[Merchant Information Database]","[]","","","","","","1770 hours",,0,"14","Pharmacy","Shabaz Malik","[Shabaz Malik]","1777910072639","https://fadmin.flippback.com/merchants/3424/dashboard","https://fadmin.flippback.com/merchants/3424/ftp_files","Monthly","https://docs.google.com/document/d/1MBrwFaoqFnpe9QttHNQlWAo23jwdULDMjBiIJD0rCJY/edit?tab=t.0","5126","[Hannah Schiff-Kearn]","Hannah Schiff-Kearn","3424","https://docs.google.com/document/d/12lPGN4-ORB-VAafh9gnjOUJ4MTag-yBEoPrz21Sz5t4/edit?tab=t.0#heading=h.y2dgj7b691i1","McKesson Canada","","Core"
"Retailer","86e0q1crc","Joe V's Smart Shop",,"","","active merchants","
","[]","none","",0,0,"","","Thursday, April 2nd 2026, 12:10:43 pm -04:00","Thursday, April 30th 2026, 10:31:29 am -04:00","","","Sharlene Nguy","Flyer Management Queue","hidden","Merchant Information Database","[86e0q1crd]","[https://app.clickup.com/t/86e0q1crd]","","[Merchant Information Database]","[]","","","","","","499 hours",,0,"","Grocery","Sabrina Ho","","","https://fadmin.flippback.com/merchants/2816/dashboard","https://fadmin.flippback.com/merchants/2816/ftp_files","---Merchant---","","","","Kayla Summerhayes","2816","https://docs.google.com/document/d/1V4MazvRLm8vXaKKDwiao_SPIuoOPe1bebYZiYio3k7o/edit?tab=t.0#heading=h.ufclojo1l4u7","HEB","","Core"
"Task","86e0q1crd","Joe V's Smart Shop","86e0q1crc","Joe V's Smart Shop","https://app.clickup.com/t/86e0q1crc","active merchants","
","[]","none"," ",1,0,"","","Thursday, April 2nd 2026, 12:10:43 pm -04:00","Thursday, April 30th 2026, 9:04:36 pm -04:00","","","Sharlene Nguy","Flyer Management Queue","hidden","Merchant Information Database","[]","[]","","[Merchant Information Database]","[]","","","","","50m","499 hours",,0,"7","Grocery","Sabrina Ho","","1777597475542","https://fadmin.flippback.com/merchants/2816/dashboard","https://fadmin.flippback.com/merchants/2816/ftp_files","Weekly","https://docs.google.com/document/d/1xcBvICfFWSQVGPWZiF7YPKylTZyaAD1UnIxxWvNnoIk/edit","8025","","Kayla Summerhayes","2816","https://docs.google.com/document/d/1V4MazvRLm8vXaKKDwiao_SPIuoOPe1bebYZiYio3k7o/edit?tab=t.0#heading=h.ufclojo1l4u7","HEB","","Core"
"Retailer","86dyk9ekm","La Boite à Grains",,"","","active merchants","
","[]","none","",0,0,"","","Wednesday, November 26th 2025, 1:50:44 pm -05:00","Monday, March 16th 2026, 2:17:51 pm -04:00","","","Matt Smith","Flyer Management Queue","hidden","Merchant Information Database","[86dzxr7zr]","[https://app.clickup.com/t/86dzxr7zr]","","[Merchant Information Database]","[]","","","","","","1770 hours",,0,"","Grocery","","[Shabaz Malik]","","https://fadmin.flippback.com/merchants/4737/dashboard","https://fadmin.flippback.com/merchants/4737/ftp_files","---Merchant---","","","[Shabaz Malik]","Roni Grigorian","4737","https://docs.google.com/document/d/15SC5_Yf6paOvPISTQgd18lc5hlqIVcUcUyRroL6YIBQ/edit","","","Longtail"
"Task","86dzxr7zr","La Boite à Grains - Newcampaign","86dyk9ekm","La Boite à Grains","https://app.clickup.com/t/86dyk9ekm","active merchants","
","[]","none","",0,0,"","","Thursday, February 19th 2026, 4:21:51 pm -05:00","Thursday, April 16th 2026, 4:27:24 pm -04:00","","","Matt Smith","Flyer Management Queue","hidden","Merchant Information Database","[]","[]","","[Merchant Information Database]","[]","","","","","1h 5m","1770 hours",,0,"7","Grocery","","[Shabaz Malik]","","https://fadmin.flippback.com/merchants/4737/dashboard","https://fadmin.flippback.com/merchants/4737/ftp_files","Monthly","https://docs.google.com/document/d/132CSBT7NmGy7PxRL4ix2Xf6-Pm0kWpXYXFbxifm1PAU/edit","10470","[Shabaz Malik]","Roni Grigorian","4737","https://docs.google.com/document/d/15SC5_Yf6paOvPISTQgd18lc5hlqIVcUcUyRroL6YIBQ/edit","","","Longtail"
"Flyer Subtask","86e0yj5hw","PLACEHOLDER - Weekly Page Swap","86dzxr7zr","La Boite à Grains - Newcampaign","https://app.clickup.com/t/86dzxr7zr","active merchants","
","[]","none","",0,0,"","","Thursday, April 16th 2026, 4:27:31 pm -04:00","Thursday, May 7th 2026, 3:24:12 pm -04:00","","","Sharlene Nguy","Flyer Management Queue","hidden","Merchant Information Database","[]","[]","","[Merchant Information Database]","[]","","","","","","21 hours",,0,"","","","","","","","","","","","","","","","",""
"Retailer","86e0q1d6e","La Moisson",,"","","active merchants","
","[]","none","",0,0,"","","Thursday, April 2nd 2026, 12:11:07 pm -04:00","Thursday, April 30th 2026, 10:31:29 am -04:00","","","Sharlene Nguy","Flyer Management Queue","hidden","Merchant Information Database","[86e0q1d63]","[https://app.clickup.com/t/86e0q1d63]","","[Merchant Information Database]","[]","","","","","","499 hours",,0,"","Grocery","Ebony Powell","","","https://fadmin.flippback.com/merchants/5564/dashboard","https://fadmin.flippback.com/merchants/5564/ftp_files","---Merchant---","","","","SE","5564","https://docs.google.com/document/d/1GeRYg9_B-_fZPWnsrDQeytSE319e9yvB5peOe6wBgYw/edit","","","Longtail"
"Task","86e0q1d63","La Moisson","86e0q1d6e","La Moisson","https://app.clickup.com/t/86e0q1d6e","active merchants","
","[]","none","",0,0,"","","Thursday, April 2nd 2026, 12:11:07 pm -04:00","Friday, April 17th 2026, 5:07:31 pm -04:00","","","Sharlene Nguy","Flyer Management Queue","hidden","Merchant Information Database","[]","[]","","[Merchant Information Database]","[]","","","","","40m","499 hours",,0,"5","Grocery","Ebony Powell","[Ebony Powell]","","https://fadmin.flippback.com/merchants/5564/dashboard","https://fadmin.flippback.com/merchants/5564/ftp_files","Bi-Weekly","https://docs.google.com/document/d/1wd_kPMAhD03nSgOuhYOWDJn07rS_gdfW4MRw247uhu8/edit?tab=t.0","11783","[Ebony Powell]","SE","5564","https://docs.google.com/document/d/1GeRYg9_B-_fZPWnsrDQeytSE319e9yvB5peOe6wBgYw/edit","","","Longtail"
"Retailer","86e0q1da6","La Princesa International Bazaar",,"","","active merchants","
","[]","none","",0,0,"","","Thursday, April 2nd 2026, 12:11:14 pm -04:00","Wednesday, May 6th 2026, 2:11:36 pm -04:00","","","Sharlene Nguy","Flyer Management Queue","hidden","Merchant Information Database","[86e0q1daa]","[https://app.clickup.com/t/86e0q1daa]","","[Merchant Information Database]","[]","","","","","","499 hours",,0,"","Grocery","Megan Kernaghan","[Megan Kernaghan]","","https://fadmin.flippback.com/merchants/6869/dashboard","https://fadmin.flippback.com/merchants/6869/ftp_files","---Merchant---","","","[Megan Kernaghan]","Megan Kernaghan","6869","https://docs.google.com/document/d/1GGVEXlFCU1ANp8-3Voa3h0jS2re1Ot-sozpkHPzubX0/edit?tab=t.0","","","Longtail"
"Task","86e0q1daa","La Princesa International Bazaar","86e0q1da6","La Princesa International Bazaar","https://app.clickup.com/t/86e0q1da6","active merchants","
","[]","none","",0,0,"","","Thursday, April 2nd 2026, 12:11:14 pm -04:00","Monday, May 4th 2026, 3:25:58 pm -04:00","","","Sharlene Nguy","Flyer Management Queue","hidden","Merchant Information Database","[]","[]","","[Merchant Information Database]","[]","","","","","25m","499 hours",,0,"7","Grocery","Megan Kernaghan","[Megan Kernaghan]","","https://fadmin.flippback.com/merchants/6869/dashboard","https://fadmin.flippback.com/merchants/6869/ftp_files","Weekly","https://docs.google.com/document/d/16SNS_TwoiwRMljo-r8QnfPii5tf3persG2w_ZzQdnqc/edit?tab=t.0","12184","[Megan Kernaghan]","Megan Kernaghan","6869","https://docs.google.com/document/d/1GGVEXlFCU1ANp8-3Voa3h0jS2re1Ot-sozpkHPzubX0/edit?tab=t.0","","","Longtail"
"Retailer","86dz65cy2","La-Z-Boy Furniture Galleries",,"","","active merchants","
","[]","none","",0,0,"","","Friday, January 9th 2026, 3:49:10 pm -05:00","Monday, March 16th 2026, 10:17:13 am -04:00","","","Matt Smith","Flyer Management Queue","hidden","Merchant Information Database","[86dzxrcaa]","[https://app.clickup.com/t/86dzxrcaa]","","[Merchant Information Database]","[]","","","","","","1770 hours",,0,"","Home Goods, Furniture & Appliances","","[Shabaz Malik]","","https://fadmin.flippback.com/merchants/2151/dashboard","https://fadmin.flippback.com/merchants/2151/ftp_files","---Merchant---","","","[Shabaz Malik]","Shabaz Malik","2151","https://docs.google.com/document/d/16Q0mxngvPnPwWNmEuLllOIlQYVQXtpXmpl0seWR_cts/edit?tab=t.0","La-Z-Boy","","Longtail"
"Task","86dzxrcaa","La-Z-Boy Furniture Galleries - Flyer","86dz65cy2","La-Z-Boy Furniture Galleries","https://app.clickup.com/t/86dz65cy2","active merchants","
","[]","none"," ",2,0,"","","Thursday, February 19th 2026, 4:26:23 pm -05:00","Tuesday, April 28th 2026, 6:30:25 pm -04:00","","","Matt Smith","Flyer Management Queue","hidden","Merchant Information Database","[]","[]","","[Merchant Information Database]","[]","","","","","","1770 hours",,0,"3","Home Goods, Furniture & Appliances","","[Shabaz Malik]","1777415424389","https://fadmin.flippback.com/merchants/2151/dashboard","https://fadmin.flippback.com/merchants/2151/ftp_files","Weekly","https://docs.google.com/document/d/1ffW-CBwl4bZaF9u9sQ5Koi90Y0OzY5dAUT02kCwSrAk/edit","280","[Shabaz Malik]","Shabaz Malik","2151","https://docs.google.com/document/d/16Q0mxngvPnPwWNmEuLllOIlQYVQXtpXmpl0seWR_cts/edit?tab=t.0","La-Z-Boy","","Longtail"
"Retailer","86dz65dny","La-Z-Boy Furniture Galleries Ontario",,"","","active merchants","
","[]","none","",0,0,"","","Friday, January 9th 2026, 3:49:43 pm -05:00","Monday, March 16th 2026, 10:17:17 am -04:00","","","Matt Smith","Flyer Management Queue","hidden","Merchant Information Database","[86dzxrft1]","[https://app.clickup.com/t/86dzxrft1]","","[Merchant Information Database]","[]","","","","","","1770 hours",,0,"","Home Goods, Furniture & Appliances","","[Shabaz Malik]","","https://fadmin.flippback.com/merchants/5704/dashboard","https://fadmin.flippback.com/merchants/5704/ftp_files","---Merchant---","","","[Shabaz Malik]","Shabaz Malik","5704","https://docs.google.com/document/d/1pBmHbkSYCKIL7Zuag4EfPtG1qp-zAO6m604P3in-q-A/edit?tab=t.0","La-Z-Boy","","Longtail"
"Task","86dzxrft1","La-Z-Boy Furniture Galleries Ontario - Flyer","86dz65dny","La-Z-Boy Furniture Galleries Ontario","https://app.clickup.com/t/86dz65dny","active merchants","
","[]","none"," ",1,0,"","","Thursday, February 19th 2026, 4:30:23 pm -05:00","Wednesday, May 6th 2026, 7:24:39 pm -04:00","","","Matt Smith","Flyer Management Queue","hidden","Merchant Information Database","[]","[]","","[Merchant Information Database]","[]","","","","","","1770 hours",,0,"5","Home Goods, Furniture & Appliances","","[Shabaz Malik]","1778109878069","https://fadmin.flippback.com/merchants/5704/dashboard","https://fadmin.flippback.com/merchants/5704/ftp_files","Ad-Hoc","https://docs.google.com/document/d/1iA4dDJ68j2jMof2_JXuVM8ysXJekPyCvyzgGT7L8Cr0/edit","8467","[Shabaz Malik]","Shabaz Malik","5704","https://docs.google.com/document/d/1pBmHbkSYCKIL7Zuag4EfPtG1qp-zAO6m604P3in-q-A/edit?tab=t.0","La-Z-Boy","","Longtail"
"Retailer","86dz65duv","La-Z-Boy Ottawa & Kingston",,"","","active merchants","
","[]","none","",0,0,"","","Friday, January 9th 2026, 3:49:51 pm -05:00","Monday, March 16th 2026, 10:17:42 am -04:00","","","Matt Smith","Flyer Management Queue","hidden","Merchant Information Database","[86dzxrtgb]","[https://app.clickup.com/t/86dzxrtgb]","","[Merchant Information Database]","[]","","","","","","1770 hours",,0,"","Home Goods, Furniture & Appliances","","[Shabaz Malik]","","https://fadmin.flippback.com/merchants/6600/dashboard","https://fadmin.flippback.com/merchants/6600/ftp_files","---Merchant---","","","[Shabaz Malik]","Shabaz Malik","6600","https://docs.google.com/document/d/1mL2pPHzAUxXcv3_VrPXA0BOQXxE8VITpKwfNJXXRud4/edit?tab=t.0","La-Z-Boy","","Longtail"
"Task","86dzxrtgb","La-Z-Boy Ottawa & Kingston - Flyer","86dz65duv","La-Z-Boy Ottawa & Kingston","https://app.clickup.com/t/86dz65duv","active merchants","
","[]","none"," ",1,0,"","","Thursday, February 19th 2026, 4:40:07 pm -05:00","Thursday, April 9th 2026, 11:23:08 am -04:00","","","Matt Smith","Flyer Management Queue","hidden","Merchant Information Database","[]","[]","","[Merchant Information Database]","[]","","","","","","1770 hours",,0,"","Home Goods, Furniture & Appliances","","[Shabaz Malik]","1775748179822","https://fadmin.flippback.com/merchants/6600/dashboard","https://fadmin.flippback.com/merchants/6600/ftp_files","Variable Lengths","https://docs.google.com/document/d/1L-uiztvgWGKbj-iIytGGMQsjXVUrnq0TM3qsVZV8tW4/edit?tab=t.0","11559","[Shabaz Malik]","Shabaz Malik","6600","https://docs.google.com/document/d/1mL2pPHzAUxXcv3_VrPXA0BOQXxE8VITpKwfNJXXRud4/edit?tab=t.0","La-Z-Boy","","Longtail"
"Retailer","86e0q1d45","Laferté",,"","","active merchants","
","[]","none","",0,0,"","","Thursday, April 2nd 2026, 12:11:04 pm -04:00","Thursday, April 30th 2026, 10:31:29 am -04:00","","","Sharlene Nguy","Flyer Management Queue","hidden","Merchant Information Database","[86e0q1d49]","[https://app.clickup.com/t/86e0q1d49]","","[Merchant Information Database]","[]","","","","","","499 hours",,0,"","Home Goods, Furniture & Appliances","Marion Kang","[Marion Kang]","","https://fadmin.flippback.com/merchants/4333/dashboard","https://fadmin.flippback.com/merchants/4333/ftp_files","---Merchant---","","","[Marion Kang]","SE","4333","https://docs.google.com/document/d/1E3rqftq6rrQakhfM-JA45jdEgxkUo3Ry-u2qQzs0MXk/edit?tab=t.0#heading=h.y2dgj7b691i1","","","Longtail"
"Task","86e0q1d49","Laferté","86e0q1d45","Laferté","https://app.clickup.com/t/86e0q1d45","active merchants","
","[]","none","",0,0,"","","Thursday, April 2nd 2026, 12:11:04 pm -04:00","Monday, April 27th 2026, 2:11:03 am -04:00","","","Sharlene Nguy","Flyer Management Queue","hidden","Merchant Information Database","[]","[]","","[Merchant Information Database]","[]","","","","","55m","499 hours",,0,"7","Home Goods, Furniture & Appliances","Marion Kang","[Marion Kang]","","https://fadmin.flippback.com/merchants/4333/dashboard","https://fadmin.flippback.com/merchants/4333/ftp_files","Weekly","https://docs.google.com/document/d/1bh88PCOzdrAQTlyG0xSQXun8Lcygee7RW4vTY9R3pq4/edit?usp=sharing","11509","[Marion Kang]","SE","4333","https://docs.google.com/document/d/1E3rqftq6rrQakhfM-JA45jdEgxkUo3Ry-u2qQzs0MXk/edit?tab=t.0#heading=h.y2dgj7b691i1","","","Longtail"
"Retailer","86e0q1cxy","Len’s Mill",,"","","active merchants","
","[]","none","",0,0,"","","Thursday, April 2nd 2026, 12:10:54 pm -04:00","Thursday, April 30th 2026, 10:31:29 am -04:00","","","Sharlene Nguy","Flyer Management Queue","hidden","Merchant Information Database","[86e0q1cxx]","[https://app.clickup.com/t/86e0q1cxx]","","[Merchant Information Database]","[]","","","","","","499 hours",,0,"","Arts & Crafts","Marion Kang","","","https://fadmin.flippback.com/merchants/3470/dashboard","https://fadmin.flippback.com/merchants/3470/ftp_files","---Merchant---","","","[]","SE","3470","https://docs.google.com/document/d/1yIEfpGDIhIVW_cSB4MvjJ5E9H-zH9vRmyNp1zkpfTGo/edit?tab=t.0#heading=h.y2dgj7b691i1","","","Longtail"
"Task","86e0q1cxx","Len’s Mill","86e0q1cxy","Len’s Mill","https://app.clickup.com/t/86e0q1cxy","active merchants","
","[]","none","",0,0,"","","Thursday, April 2nd 2026, 12:10:54 pm -04:00","Friday, April 17th 2026, 5:07:31 pm -04:00","","","Sharlene Nguy","Flyer Management Queue","hidden","Merchant Information Database","[]","[]","","[Merchant Information Database]","[]","","","","","15m","499 hours",,0,"7","Arts & Crafts","Marion Kang","","","https://fadmin.flippback.com/merchants/3470/dashboard","https://fadmin.flippback.com/merchants/3470/ftp_files","Bi-Weekly","https://docs.google.com/document/d/19krjrTIAtfdPK2M_MFj2e7OKhy5_cXgSis2AF_7z4Dw/edit","11624","","SE","3470","https://docs.google.com/document/d/1yIEfpGDIhIVW_cSB4MvjJ5E9H-zH9vRmyNp1zkpfTGo/edit?tab=t.0#heading=h.y2dgj7b691i1","","","Longtail"
"Retailer","86e0q1d2x","Lewis Drug",,"","","active merchants","
","[]","none","",0,0,"","","Thursday, April 2nd 2026, 12:11:02 pm -04:00","Thursday, April 30th 2026, 10:31:29 am -04:00","","","Sharlene Nguy","Flyer Management Queue","hidden","Merchant Information Database","[86e0q1d2y, 86e15w320]","[https://app.clickup.com/t/86e0q1d2y, https://app.clickup.com/t/86e15w320]","","[Merchant Information Database]","[]","","","","","","499 hours",,0,"","Pharmacy","Shabaz Malik","[Shabaz Malik]","","https://fadmin.flippback.com/merchants/3823/dashboard","https://fadmin.flippback.com/merchants/3823/ftp_files","---Merchant---","","","[Shabaz Malik]","SE","3823","https://docs.google.com/document/d/1PuYhDdJMvQVGBOeywUY4vU2GeYy5OzHyK3lBlMH5CoQ/edit?usp=sharing","","","Longtail"
"Task","86e0q1d2y","Lewis Drug","86e0q1d2x","Lewis Drug","https://app.clickup.com/t/86e0q1d2x","active merchants","
","[]","none"," ",1,0,"","","Thursday, April 2nd 2026, 12:11:02 pm -04:00","Thursday, April 30th 2026, 3:20:11 pm -04:00","","","Sharlene Nguy","Flyer Management Queue","hidden","Merchant Information Database","[]","[]","","[Merchant Information Database]","[]","","","","","20m","499 hours",,0,"7","Pharmacy","Shabaz Malik","[Shabaz Malik]","1777576809820","https://fadmin.flippback.com/merchants/3823/dashboard","https://fadmin.flippback.com/merchants/3823/ftp_files","Weekly","https://docs.google.com/document/d/151QtVmN5Il4zxS9kX-W_vBME9OWi13SW8Tpz29BScys/edit?usp=sharing","3912","[Shabaz Malik]","SE","3823","https://docs.google.com/document/d/1PuYhDdJMvQVGBOeywUY4vU2GeYy5OzHyK3lBlMH5CoQ/edit?usp=sharing","","","Longtail"
"Task","86e15w320","Lewis Drug -","86e0q1d2x","Lewis Drug","https://app.clickup.com/t/86e0q1d2x","active merchants","
","[]","none","",0,0,"","","Thursday, April 30th 2026, 4:28:19 pm -04:00","Thursday, May 7th 2026, 3:24:40 pm -04:00","","","Matt Smith","Flyer Management Queue","hidden","Merchant Information Database","[]","[]","","[Merchant Information Database]","[]","","","","","","21 hours",,0,"6","","Shabaz Malik","[Shabaz Malik]","","https://fadmin.flippback.com/merchants/3823/dashboard","https://fadmin.flippback.com/merchants/3823/ftp_files","Ad-Hoc","https://docs.google.com/document/d/151QtVmN5Il4zxS9kX-W_vBME9OWi13SW8Tpz29BScys/edit?tab=t.0","9745","","","3823","https://docs.google.com/document/d/1PuYhDdJMvQVGBOeywUY4vU2GeYy5OzHyK3lBlMH5CoQ/edit?tab=t.0#heading=h.y2dgj7b691i1","","","Longtail"
"Retailer","86dyk9enf","Linen Chest",,"","","active merchants","
","[]","none","",0,0,"","","Wednesday, November 26th 2025, 1:50:48 pm -05:00","Saturday, February 28th 2026, 6:45:38 am -05:00","","","Matt Smith","Flyer Management Queue","hidden","Merchant Information Database","[86dzxt5jx]","[https://app.clickup.com/t/86dzxt5jx]","","[Merchant Information Database]","[]","","","","","","1770 hours",,0,"","Home Goods, Furniture & Appliances","","[Shabaz Malik]","","https://fadmin.flippback.com/merchants/435/dashboard","https://fadmin.flippback.com/merchants/435/ftp_files","---Merchant---","","","[Shabaz Malik]","Sabrina Ho","435","https://docs.google.com/document/d/1qwIsBbNJ09CQCeUXZxyKan_LsG12F7Zi9L-HXkRdYAo/edit","","","Longtail"
"Task","86dzxt5jx","Linen Chest - Flyer","86dyk9enf","Linen Chest","https://app.clickup.com/t/86dyk9enf","active merchants","
","[]","none"," ",1,0,"","","Thursday, February 19th 2026, 4:51:34 pm -05:00","Friday, April 17th 2026, 3:31:39 pm -04:00","","","Matt Smith","Flyer Management Queue","hidden","Merchant Information Database","[]","[]","","[Merchant Information Database]","[]","","","","","","1770 hours",,0,"","Home Goods, Furniture & Appliances","","[Shabaz Malik]","1776454297745","https://fadmin.flippback.com/merchants/435/dashboard","https://fadmin.flippback.com/merchants/435/ftp_files","Ad-Hoc","https://docs.google.com/document/d/1nQn6CyUWXC1QEtuUqpzUF1CN3qCi6IbJpYHbY46ylTI/edit?usp=sharing","6","[Shabaz Malik]","Sabrina Ho","435","https://docs.google.com/document/d/1qwIsBbNJ09CQCeUXZxyKan_LsG12F7Zi9L-HXkRdYAo/edit","","","Longtail"
"Retailer","86e0q1chd","Longo's",,"","","active merchants","
","[]","none","",0,0,"","","Thursday, April 2nd 2026, 12:10:31 pm -04:00","Thursday, April 30th 2026, 10:31:29 am -04:00","","","Sharlene Nguy","Flyer Management Queue","hidden","Merchant Information Database","[86e0q1cj8, 86e0q1chv]","[https://app.clickup.com/t/86e0q1cj8, https://app.clickup.com/t/86e0q1chv]","","[Merchant Information Database]","[]","","","","","","499 hours",,0,"","Grocery","Annastiina Peltola","[Annastiina Peltola]","","https://fadmin.flippback.com/merchants/1978/dashboard","https://fadmin.flippback.com/merchants/1978/ftp_files","---Merchant---","","","[Diandra Gonzalez]","Rachel Kyryliuk","1978","https://docs.google.com/document/d/1ln-lCqplH7smFcwMhBlYcnDizdM5w7Syuw-z4byHXTs/edit","Sobeys","","Core PLUS"
"Task","86e0q1cj8","Longo's","86e0q1chd","Longo's","https://app.clickup.com/t/86e0q1chd","active merchants","
","[]","none","",0,0,"","","Thursday, April 2nd 2026, 12:10:32 pm -04:00","Monday, April 27th 2026, 2:12:28 am -04:00","","","Sharlene Nguy","Flyer Management Queue","hidden","Merchant Information Database","[]","[]","","[Merchant Information Database]","[]","","","","","1h 10m","499 hours",,0,"7","Grocery","Annastiina Peltola","[Annastiina Peltola]","","https://fadmin.flippback.com/merchants/1978/dashboard","https://fadmin.flippback.com/merchants/1978/ftp_files","Weekly","https://docs.google.com/document/d/1wDzifrbMdxZ5a6vtwAltJ-cUW4cY0fuMYgalvxMP1Nw/edit","11903","[Diandra Gonzalez]","Rachel Kyryliuk","1978","https://docs.google.com/document/d/1ln-lCqplH7smFcwMhBlYcnDizdM5w7Syuw-z4byHXTs/edit","Sobeys","","Core PLUS"
"Task","86e0q1chv","Longo's","86e0q1chd","Longo's","https://app.clickup.com/t/86e0q1chd","active merchants","
","[]","none","",0,0,"","","Thursday, April 2nd 2026, 12:10:32 pm -04:00","Monday, April 27th 2026, 2:12:30 am -04:00","","","Sharlene Nguy","Flyer Management Queue","hidden","Merchant Information Database","[]","[]","","[Merchant Information Database]","[]","","","","","1h 10m","499 hours",,0,"7","Grocery","Annastiina Peltola","[Annastiina Peltola]","","https://fadmin.flippback.com/merchants/1978/dashboard","https://fadmin.flippback.com/merchants/1978/ftp_files","Weekly","https://docs.google.com/document/d/1wDzifrbMdxZ5a6vtwAltJ-cUW4cY0fuMYgalvxMP1Nw/edit","59","[Diandra Gonzalez]","Rachel Kyryliuk","1978","https://docs.google.com/document/d/1ln-lCqplH7smFcwMhBlYcnDizdM5w7Syuw-z4byHXTs/edit","Sobeys","","Core PLUS"
"Retailer","86e0q1cmm","Lowes Food",,"","","active merchants","
","[]","none","",0,0,"","","Thursday, April 2nd 2026, 12:10:37 pm -04:00","Thursday, April 30th 2026, 10:31:29 am -04:00","","","Sharlene Nguy","Flyer Management Queue","hidden","Merchant Information Database","[86e0q1cn7]","[https://app.clickup.com/t/86e0q1cn7]","","[Merchant Information Database]","[]","","","","","","499 hours",,0,"","Grocery","Ebony Powell","[Ebony Powell]","","https://fadmin.flippback.com/merchants/2469/dashboard","https://fadmin.flippback.com/merchants/2469/ftp_files","---Merchant---","","","[Jenna Toppan]","Jenna Toppan","2469","https://docs.google.com/document/d/1K33m8W9GJZVYyLEDGhSZbUgbK4uvgCpfwiJJEqj_SMQ/edit?usp=sharing","","","Longtail"
"Task","86e0q1cn7","Lowes Food","86e0q1cmm","Lowes Food","https://app.clickup.com/t/86e0q1cmm","active merchants","
","[]","none","",0,0,"","","Thursday, April 2nd 2026, 12:10:37 pm -04:00","Monday, April 27th 2026, 2:12:46 am -04:00","","","Sharlene Nguy","Flyer Management Queue","hidden","Merchant Information Database","[]","[]","","[Merchant Information Database]","[]","","","","","1h 10m","499 hours",,0,"6","Grocery","Ebony Powell","[Ebony Powell]","","https://fadmin.flippback.com/merchants/2469/dashboard","https://fadmin.flippback.com/merchants/2469/ftp_files","Weekly","https://docs.google.com/document/d/1-8DxZHi47GN8kStikUMjfTVZ6a4ElcplJVcoda_aW1E/edit","3781","[Jenna Toppan]","Jenna Toppan","2469","https://docs.google.com/document/d/1K33m8W9GJZVYyLEDGhSZbUgbK4uvgCpfwiJJEqj_SMQ/edit?usp=sharing","","","Longtail"
"Retailer","86dyk9zx5","Lunds & Byerlys",,"","","active merchants","
","[]","none","",0,0,"","","Wednesday, November 26th 2025, 2:11:47 pm -05:00","Wednesday, May 6th 2026, 2:11:51 pm -04:00","","","Matt Smith","Flyer Management Queue","hidden","Merchant Information Database","[86dzxe83z]","[https://app.clickup.com/t/86dzxe83z]","","[Merchant Information Database]","[]","","","","","","1770 hours",,0,"","Grocery","Shabaz Malik","[Shabaz Malik]","","https://fadmin.flippback.com/merchants/6527/dashboard","https://fadmin.flippback.com/merchants/6527/ftp_files","---Merchant---","","","[Shabaz Malik]","Sabrina Ho","6527","https://docs.google.com/document/d/1J3Mmoe4QIejKy64THNxnuNQlo6N7eCiVxHJ8ua7xFk8/edit?tab=t.0#heading=h.y2dgj7b691i1","","","Longtail"
"Task","86dzxe83z","Lunds & Byerlys - Weekly","86dyk9zx5","Lunds & Byerlys","https://app.clickup.com/t/86dyk9zx5","active merchants","
","[]","none","",0,0,"","","Thursday, February 19th 2026, 11:24:06 am -05:00","Monday, May 4th 2026, 3:25:29 pm -04:00","","","Matt Smith","Flyer Management Queue","hidden","Merchant Information Database","[]","[]","","[Merchant Information Database]","[]","","","","","10m","1770 hours",,0,"4","Grocery","Shabaz Malik","[Shabaz Malik]","","https://fadmin.flippback.com/merchants/6527/dashboard","https://fadmin.flippback.com/merchants/6527/ftp_files","Weekly","https://docs.google.com/document/d/1dAf0xhhIYIR8cnd1ejTJ0NqzMswBWX9rY5BF2SlWO3c/edit?usp=sharing","11320","[Shabaz Malik]","Sabrina Ho","6527","https://docs.google.com/document/d/1J3Mmoe4QIejKy64THNxnuNQlo6N7eCiVxHJ8ua7xFk8/edit?tab=t.0#heading=h.y2dgj7b691i1","","","Longtail"
"Flyer Subtask","86e0yj5yg","OPS - Box QC Post FQC","86dzxe83z","Lunds & Byerlys - Weekly","https://app.clickup.com/t/86dzxe83z","active merchants","
","[]","none","",0,0,"","","Thursday, April 16th 2026, 4:27:55 pm -04:00","Thursday, May 7th 2026, 3:24:12 pm -04:00","","","Sharlene Nguy","Flyer Management Queue","hidden","Merchant Information Database","[]","[]","","[Merchant Information Database]","[]","","","","","","21 hours",,0,"","","","","","","","","","","","","","","","",""
"Retailer","86dyk9mwq","Mad Butcher",,"","","active merchants","
","[]","none","",0,0,"","","Wednesday, November 26th 2025, 1:59:28 pm -05:00","Friday, April 3rd 2026, 12:35:00 pm -04:00","","","Matt Smith","Flyer Management Queue","hidden","Merchant Information Database","[86dzxebar]","[https://app.clickup.com/t/86dzxebar]","","[Merchant Information Database]","[]","","","","","","1770 hours",,0,"","Grocery","Shabaz Malik","[Shabaz Malik]","","https://fadmin.flippback.com/merchants/6719/dashboard","https://fadmin.flippback.com/merchants/6719/ftp_files","---Merchant---","","","[Shabaz Malik]","Roni Grigorian","6719","https://docs.google.com/document/d/19sS7g3I4gWUKCYmbUheDz978PhZxk4fo_REsTYrCSfY/edit?tab=t.0#heading=h.y2dgj7b691i1","Houchens Industries","","Longtail"
"Task","86dzxebar","Mad Butcher - Weekly Ad","86dyk9mwq","Mad Butcher","https://app.clickup.com/t/86dyk9mwq","active merchants","
","[]","none","",0,0,"","","Thursday, February 19th 2026, 11:27:39 am -05:00","Thursday, April 16th 2026, 4:28:14 pm -04:00","","","Matt Smith","Flyer Management Queue","hidden","Merchant Information Database","[]","[]","","[Merchant Information Database]","[]","","","","","10m","1770 hours",,0,"5","Grocery","Shabaz Malik","[Shabaz Malik]","","https://fadmin.flippback.com/merchants/6719/dashboard","https://fadmin.flippback.com/merchants/6719/ftp_files","Weekly","https://docs.google.com/document/d/1ABvbuIra9XvX9u-A0sEZTIFKiqh2cMAgeUcm2B_Qld4/edit?usp=sharing","11981","[Shabaz Malik]","Roni Grigorian","6719","https://docs.google.com/document/d/19sS7g3I4gWUKCYmbUheDz978PhZxk4fo_REsTYrCSfY/edit?tab=t.0#heading=h.y2dgj7b691i1","Houchens Industries","","Longtail"
"Flyer Subtask","86e0yj64b","FTE - Clone this run into Food Giant retailer (same dates) as FINAL step before completing FQC","86dzxebar","Mad Butcher - Weekly Ad","https://app.clickup.com/t/86dzxebar","active merchants","
","[]","none","",0,0,"","","Thursday, April 16th 2026, 4:28:09 pm -04:00","Thursday, May 7th 2026, 3:24:12 pm -04:00","","","Sharlene Nguy","Flyer Management Queue","hidden","Merchant Information Database","[]","[]","","[Merchant Information Database]","[]","","","","","","21 hours",,0,"","","","","","","","","","","","","","","","",""
"Retailer","86e0q1cux","Marc's Grocery",,"","","active merchants","
","[]","none","",0,0,"","","Thursday, April 2nd 2026, 12:10:48 pm -04:00","Thursday, April 30th 2026, 10:31:29 am -04:00","","","Sharlene Nguy","Flyer Management Queue","hidden","Merchant Information Database","[86e0q1cv5]","[https://app.clickup.com/t/86e0q1cv5]","","[Merchant Information Database]","[]","","","","","","499 hours",,0,"","Grocery","#N/A","","","https://fadmin.flippback.com/merchants/3101/dashboard","https://fadmin.flippback.com/merchants/3101/ftp_files","---Merchant---","","","[Addie Dobson, Kaitlyn Morrison]","Addie Dobson","3101","https://docs.google.com/document/d/1ur8X7iuStH_mKFPWGGoSB-fYzu5rLnSPxwdNFMTNrZA/edit?usp=sharing","","","Core"
"Task","86e0q1cv5","Marc's Grocery","86e0q1cux","Marc's Grocery","https://app.clickup.com/t/86e0q1cux","active merchants","
","[]","none","",0,0,"","","Thursday, April 2nd 2026, 12:10:48 pm -04:00","Friday, April 17th 2026, 5:07:31 pm -04:00","","","Sharlene Nguy","Flyer Management Queue","hidden","Merchant Information Database","[]","[]","","[Merchant Information Database]","[]","","","","","1h 15m","499 hours",,0,"7","Grocery","#N/A","","","https://fadmin.flippback.com/merchants/3101/dashboard","https://fadmin.flippback.com/merchants/3101/ftp_files","Weekly","https://docs.google.com/document/d/1QMYrj48C_SgAoa5xFsPi-GDJRP2V950_xvEXgrN0FMg/edit?tab=t.0","3199","[Addie Dobson, Kaitlyn Morrison]","Addie Dobson","3101","https://docs.google.com/document/d/1ur8X7iuStH_mKFPWGGoSB-fYzu5rLnSPxwdNFMTNrZA/edit?usp=sharing","","","Core"
"Retailer","86dyk9zrk","MarchesTAU",,"","","active merchants","
","[]","none","",0,0,"","","Wednesday, November 26th 2025, 2:11:36 pm -05:00","Thursday, April 16th 2026, 6:49:31 am -04:00","","","Matt Smith","Flyer Management Queue","hidden","Merchant Information Database","[86dzxeftc, 86dzxej8q, 86dzxejk7]","[https://app.clickup.com/t/86dzxeftc, https://app.clickup.com/t/86dzxej8q, https://app.clickup.com/t/86dzxejk7]","","[Merchant Information Database]","[]","","","","","","1770 hours",,0,"","Grocery","Shabaz Malik","[Shabaz Malik]","","https://fadmin.flippback.com/merchants/6465/dashboard","https://fadmin.flippback.com/merchants/6465/ftp_files","---Merchant---","","","[Shabaz Malik]","Sabrina Ho","6465","https://docs.google.com/document/d/1FwwWKHItEnhVx4Tgbp5x6D8NSa5RyQhfACukFQsLECA/edit?tab=t.0#heading=h.y2dgj7b691i1","","","Longtail"
"Task","86dzxeftc","MarchesTAU - Weekly Flyer (direct)","86dyk9zrk","MarchesTAU","https://app.clickup.com/t/86dyk9zrk","active merchants","
","[]","none","",0,0,"","","Thursday, February 19th 2026, 11:34:53 am -05:00","Thursday, April 16th 2026, 4:29:34 pm -04:00","","","Matt Smith","Flyer Management Queue","hidden","Merchant Information Database","[]","[]","","[Merchant Information Database]","[]","","","","","20m","1770 hours",,0,"3","Grocery","Shabaz Malik","[Shabaz Malik]","","https://fadmin.flippback.com/merchants/6465/dashboard","https://fadmin.flippback.com/merchants/6465/ftp_files","Weekly","https://docs.google.com/document/d/13C73uBrNW4vE9cHh8WjxuKfg1duewiuss5RSUbphA_A/edit","12198","[Shabaz Malik]","Sabrina Ho","6465","https://docs.google.com/document/d/1FwwWKHItEnhVx4Tgbp5x6D8NSa5RyQhfACukFQsLECA/edit?tab=t.0#heading=h.y2dgj7b691i1","","","Longtail"
"Task","86dzxej8q","MarchesTAU - Monthly Flyer (direct)","86dyk9zrk","MarchesTAU","https://app.clickup.com/t/86dyk9zrk","active merchants","
","[]","none","",0,0,"","","Thursday, February 19th 2026, 11:37:57 am -05:00","Thursday, April 16th 2026, 4:28:30 pm -04:00","","","Matt Smith","Flyer Management Queue","hidden","Merchant Information Database","[]","[]","","[Merchant Information Database]","[]","","","","","5m","1770 hours",,0,"8","Grocery","Shabaz Malik","[Shabaz Malik]","","https://fadmin.flippback.com/merchants/6465/dashboard","https://fadmin.flippback.com/merchants/6465/ftp_files","Monthly","https://docs.google.com/document/d/13C73uBrNW4vE9cHh8WjxuKfg1duewiuss5RSUbphA_A/edit","11639","[Shabaz Malik]","Sabrina Ho","6465","https://docs.google.com/document/d/1FwwWKHItEnhVx4Tgbp5x6D8NSa5RyQhfACukFQsLECA/edit?tab=t.0#heading=h.y2dgj7b691i1","","","Longtail"
"Task","86dzxejk7","MarchesTAU - Monthly Flyer (direct) Mini Flyer","86dyk9zrk","MarchesTAU","https://app.clickup.com/t/86dyk9zrk","active merchants","
","[]","none","",0,0,"","","Thursday, February 19th 2026, 11:38:16 am -05:00","Thursday, April 16th 2026, 4:28:35 pm -04:00","","","Matt Smith","Flyer Management Queue","hidden","Merchant Information Database","[]","[]","","[Merchant Information Database]","[]","","","","","5m","1770 hours",,0,"8","Grocery","Shabaz Malik","[Shabaz Malik]","","https://fadmin.flippback.com/merchants/6465/dashboard","https://fadmin.flippback.com/merchants/6465/ftp_files","Ad-Hoc","https://docs.google.com/document/d/13C73uBrNW4vE9cHh8WjxuKfg1duewiuss5RSUbphA_A/edit","11639","[Shabaz Malik]","Sabrina Ho","6465","https://docs.google.com/document/d/1FwwWKHItEnhVx4Tgbp5x6D8NSa5RyQhfACukFQsLECA/edit?tab=t.0#heading=h.y2dgj7b691i1","","","Longtail"
"Retailer","86e0q1cx2","Marché Adonis",,"","","active merchants","
","[]","none","",0,0,"","","Thursday, April 2nd 2026, 12:10:52 pm -04:00","Thursday, April 30th 2026, 10:31:29 am -04:00","","","Sharlene Nguy","Flyer Management Queue","hidden","Merchant Information Database","[86e0q1cx9]","[https://app.clickup.com/t/86e0q1cx9]","","[Merchant Information Database]","[]","","","","","","499 hours",,0,"","Grocery","Clifford Fernandes","[Clifford Fernandes]","","https://fadmin.flippback.com/merchants/3384/dashboard","https://fadmin.flippback.com/merchants/3384/ftp_files","---Merchant---","","","[Julia Burch]","Julia Burch","3384","https://docs.google.com/document/d/1bk7AhFtCwxrwa7nrlOHQjpuHTwIsB9knwy2XGyjGOTU/edit?tab=t.0#heading=h.y2dgj7b691i1","Metro","","Core PLUS"
"Task","86e0q1cx9","Marché Adonis","86e0q1cx2","Marché Adonis","https://app.clickup.com/t/86e0q1cx2","active merchants","
","[]","none","",0,0,"","","Thursday, April 2nd 2026, 12:10:52 pm -04:00","Monday, April 27th 2026, 2:13:14 am -04:00","","","Sharlene Nguy","Flyer Management Queue","hidden","Merchant Information Database","[]","[]","","[Merchant Information Database]","[]","","","","","20m","499 hours",,0,"6","Grocery","Clifford Fernandes","[Clifford Fernandes]","","https://fadmin.flippback.com/merchants/3384/dashboard","https://fadmin.flippback.com/merchants/3384/ftp_files","Weekly","https://docs.google.com/document/d/1cXkdRjhJXMvF0sOtXFTRVdOwPojCeuOuzFtq5q2vdyM/edit","3478","[Julia Burch]","Julia Burch","3384","https://docs.google.com/document/d/1bk7AhFtCwxrwa7nrlOHQjpuHTwIsB9knwy2XGyjGOTU/edit?tab=t.0#heading=h.y2dgj7b691i1","Metro","","Core PLUS"
"Retailer","86e0q1d1r","Marché Ami",,"","","active merchants","
","[]","none","",0,0,"","","Thursday, April 2nd 2026, 12:11:00 pm -04:00","Thursday, April 30th 2026, 10:31:29 am -04:00","","","Sharlene Nguy","Flyer Management Queue","hidden","Merchant Information Database","[86e0q1d1u]","[https://app.clickup.com/t/86e0q1d1u]","","[Merchant Information Database]","[]","","","","","","499 hours",,0,"","Grocery","Clifford Fernandes","[Clifford Fernandes]","","https://fadmin.flippback.com/merchants/3761/dashboard","https://fadmin.flippback.com/merchants/3761/ftp_files","---Merchant---","","","[Julia Burch]","Julia Burch","3761","https://docs.google.com/document/d/1WeFvbbmfg4fW4eWq9nz6N4YR0WOjccdOOXxetVB9y9o/edit?tab=t.0#heading=h.y2dgj7b691i1","Metro","","Core PLUS"
"Task","86e0q1d1u","Marché Ami","86e0q1d1r","Marché Ami","https://app.clickup.com/t/86e0q1d1r","active merchants","
","[]","none","",0,0,"","","Thursday, April 2nd 2026, 12:11:00 pm -04:00","Monday, April 27th 2026, 2:13:38 am -04:00","","","Sharlene Nguy","Flyer Management Queue","hidden","Merchant Information Database","[]","[]","","[Merchant Information Database]","[]","","","","","30m","499 hours",,0,"8","Grocery","Clifford Fernandes","[Clifford Fernandes]","","https://fadmin.flippback.com/merchants/3761/dashboard","https://fadmin.flippback.com/merchants/3761/ftp_files","Weekly","https://docs.google.com/document/d/11EMgX2T0pFf_1NIN_CpPIBzgVTmn4s-tBhS-bOW5934/edit","10175","[Julia Burch]","Julia Burch","3761","https://docs.google.com/document/d/1WeFvbbmfg4fW4eWq9nz6N4YR0WOjccdOOXxetVB9y9o/edit?tab=t.0#heading=h.y2dgj7b691i1","Metro","","Core PLUS"
"Retailer","86e0q1cwu","Marché Richelieu",,"","","active merchants","
","[]","none","",0,0,"","","Thursday, April 2nd 2026, 12:10:52 pm -04:00","Thursday, April 30th 2026, 10:31:29 am -04:00","","","Sharlene Nguy","Flyer Management Queue","hidden","Merchant Information Database","[86e0q1cx0]","[https://app.clickup.com/t/86e0q1cx0]","","[Merchant Information Database]","[]","","","","","","499 hours",,0,"","Grocery","Clifford Fernandes","[Clifford Fernandes]","","https://fadmin.flippback.com/merchants/3372/dashboard","https://fadmin.flippback.com/merchants/3372/ftp_files","---Merchant---","","","[Julia Burch]","Julia Burch","3372","https://docs.google.com/document/d/1PyiXvcJ2C502Y-BE6di9XJ44BnSzs_kU8bMcX4xJMB4/edit?tab=t.0#heading=h.y2dgj7b691i1","Metro","","Core PLUS"
"Task","86e0q1cx0","Marché Richelieu","86e0q1cwu","Marché Richelieu","https://app.clickup.com/t/86e0q1cwu","active merchants","
","[]","none","",0,0,"","","Thursday, April 2nd 2026, 12:10:52 pm -04:00","Monday, April 27th 2026, 2:13:58 am -04:00","","","Sharlene Nguy","Flyer Management Queue","hidden","Merchant Information Database","[]","[]","","[Merchant Information Database]","[]","","","","","20m","499 hours",,0,"8","Grocery","Clifford Fernandes","[Clifford Fernandes]","","https://fadmin.flippback.com/merchants/3372/dashboard","https://fadmin.flippback.com/merchants/3372/ftp_files","Weekly","https://docs.google.com/document/d/11rqADGSLph6-Zdns-C_yB7EBzbZsJ1byPMyInbT5A9E/edit","7699","[Julia Burch]","Julia Burch","3372","https://docs.google.com/document/d/1PyiXvcJ2C502Y-BE6di9XJ44BnSzs_kU8bMcX4xJMB4/edit?tab=t.0#heading=h.y2dgj7b691i1","Metro","","Core PLUS"
"Retailer","86dyk9p0f","Market Place - FG",,"","","active merchants","
","[]","none","",0,0,"","","Wednesday, November 26th 2025, 2:00:38 pm -05:00","Friday, April 3rd 2026, 12:35:04 pm -04:00","","","Matt Smith","Flyer Management Queue","hidden","Merchant Information Database","[86dzxeptn]","[https://app.clickup.com/t/86dzxeptn]","","[Merchant Information Database]","[]","","","","","","1770 hours",,0,"","Grocery","Shabaz Malik","[Shabaz Malik]","","https://fadmin.flippback.com/merchants/6802/dashboard","https://fadmin.flippback.com/merchants/6802/ftp_files","---Merchant---","","","[Shabaz Malik]","Roni Grigorian","6802","https://docs.google.com/document/d/19sS7g3I4gWUKCYmbUheDz978PhZxk4fo_REsTYrCSfY/edit?tab=t.0#heading=h.y2dgj7b691i1","Houchens Industries","","Longtail"
"Task","86dzxeptn","Market Place - FG - Weekly Ad","86dyk9p0f","Market Place - FG","https://app.clickup.com/t/86dyk9p0f","active merchants","
","[]","none","",0,0,"","","Thursday, February 19th 2026, 11:42:48 am -05:00","Tuesday, April 14th 2026, 5:59:40 pm -04:00","","","Matt Smith","Flyer Management Queue","hidden","Merchant Information Database","[]","[]","","[Merchant Information Database]","[]","","","","","","1770 hours",,0,"5","Grocery","Shabaz Malik","[Shabaz Malik]","","https://fadmin.flippback.com/merchants/6802/dashboard","https://fadmin.flippback.com/merchants/6802/ftp_files","Weekly","https://docs.google.com/document/d/18J8WwuCEtNYeHq1Gt-46rtafD1Mf4i0EcTYPfe1Z6-M/edit?usp=sharing","12133","[Shabaz Malik]","Roni Grigorian","6802","https://docs.google.com/document/d/19sS7g3I4gWUKCYmbUheDz978PhZxk4fo_REsTYrCSfY/edit?tab=t.0#heading=h.y2dgj7b691i1","Houchens Industries","","Longtail"
"Retailer","86e0q1d8y","Matériaux Pont Masson",,"","","active merchants","
","[]","none","",0,0,"","","Thursday, April 2nd 2026, 12:11:12 pm -04:00","Thursday, April 30th 2026, 10:31:29 am -04:00","","","Sharlene Nguy","Flyer Management Queue","hidden","Merchant Information Database","[86e0q1d8x]","[https://app.clickup.com/t/86e0q1d8x]","","[Merchant Information Database]","[]","","","","","","499 hours",,0,"","Home Improvement","Shabaz Malik","[Shabaz Malik]","","https://fadmin.flippback.com/merchants/6458/dashboard","https://fadmin.flippback.com/merchants/6458/ftp_files","---Merchant---","","","[Shabaz Malik]","SE","6458","https://docs.google.com/document/d/134qnMqtapyFXuwUoIQ8ie5YgF1qq-mNM4mUZOzbwBZE/edit?tab=t.0#heading=h.y2dgj7b691i1","","","Longtail"
"Task","86e0q1d8x","Matériaux Pont Masson","86e0q1d8y","Matériaux Pont Masson","https://app.clickup.com/t/86e0q1d8y","active merchants","
","[]","none","",0,0,"","","Thursday, April 2nd 2026, 12:11:12 pm -04:00","Monday, April 27th 2026, 2:14:18 am -04:00","","","Sharlene Nguy","Flyer Management Queue","hidden","Merchant Information Database","[]","[]","","[Merchant Information Database]","[]","","","","","25m","499 hours",,0,"5","Home Improvement","Shabaz Malik","[Shabaz Malik]","","https://fadmin.flippback.com/merchants/6458/dashboard","https://fadmin.flippback.com/merchants/6458/ftp_files","Bi-Weekly","https://docs.google.com/document/d/1QMOzgXify5VwHTSPmNd4rvE_pHhuM1gYQ7r5nGEkUmA/edit?usp=sharing","10953","[Shabaz Malik]","SE","6458","https://docs.google.com/document/d/134qnMqtapyFXuwUoIQ8ie5YgF1qq-mNM4mUZOzbwBZE/edit?tab=t.0#heading=h.y2dgj7b691i1","","","Longtail"
"Retailer","86e0q1cnk","McMunn & Yates Building Supplies",,"","","active merchants","
","[]","none","",0,0,"","","Thursday, April 2nd 2026, 12:10:38 pm -04:00","Thursday, April 30th 2026, 10:31:29 am -04:00","","","Sharlene Nguy","Flyer Management Queue","hidden","Merchant Information Database","[86e0q1cnf]","[https://app.clickup.com/t/86e0q1cnf]","","[Merchant Information Database]","[]","","","","","","499 hours",,0,"","Home Goods, Furniture & Appliances","Annastiina Peltola","[Annastiina Peltola]","","https://fadmin.flippback.com/merchants/2568/dashboard","https://fadmin.flippback.com/merchants/2568/ftp_files","---Merchant---","","","[Megan Kernaghan]","Megan Kernaghan","2568","https://docs.google.com/document/d/1eFyVghZuOH-e9X8rztLhexNd03sxHtEjwfhqs46ALZo/edit?tab=t.0#heading=h.y2dgj7b691i1","","","Longtail"
"Task","86e0q1cnf","McMunn & Yates Building Supplies","86e0q1cnk","McMunn & Yates Building Supplies","https://app.clickup.com/t/86e0q1cnk","active merchants","
","[]","none","",0,0,"","","Thursday, April 2nd 2026, 12:10:38 pm -04:00","Monday, April 27th 2026, 2:14:40 am -04:00","","","Sharlene Nguy","Flyer Management Queue","hidden","Merchant Information Database","[]","[]","","[Merchant Information Database]","[]","","","","","1h 20m","499 hours",,0,"7","Home Goods, Furniture & Appliances","Annastiina Peltola","[Annastiina Peltola]","","https://fadmin.flippback.com/merchants/2568/dashboard","https://fadmin.flippback.com/merchants/2568/ftp_files","Bi-Weekly","https://docs.google.com/document/d/18RVviM8orZ_-NGwXBDCEhNuMskCbpAyb9GfrdC31BdA/edit?usp=sharing","2417","[Megan Kernaghan]","Megan Kernaghan","2568","https://docs.google.com/document/d/1eFyVghZuOH-e9X8rztLhexNd03sxHtEjwfhqs46ALZo/edit?tab=t.0#heading=h.y2dgj7b691i1","","","Longtail"
"Retailer","86e0q1cuy","Metropolitan Market",,"","","active merchants","
","[]","none","",0,0,"","","Thursday, April 2nd 2026, 12:10:48 pm -04:00","Thursday, April 30th 2026, 10:31:29 am -04:00","","","Sharlene Nguy","Flyer Management Queue","hidden","Merchant Information Database","[86e0q1cuq]","[https://app.clickup.com/t/86e0q1cuq]","","[Merchant Information Database]","[]","","","","","","499 hours",,0,"","Grocery","Shabaz Malik","[Shabaz Malik]","","https://fadmin.flippback.com/merchants/3068/dashboard","https://fadmin.flippback.com/merchants/3068/ftp_files","---Merchant---","","","[Shabaz Malik]","SE","3068","https://docs.google.com/document/d/16KBC7H_yetLeXMpn9iTHIQ0h-wou0_60ODBF53VLgYE/edit?tab=t.0#heading=h.y2dgj7b691i1","","","Longtail"
"Task","86e0q1cuq","Metropolitan Market","86e0q1cuy","Metropolitan Market","https://app.clickup.com/t/86e0q1cuy","active merchants","
","[]","none","",0,0,"","","Thursday, April 2nd 2026, 12:10:47 pm -04:00","Monday, April 27th 2026, 2:14:55 am -04:00","","","Sharlene Nguy","Flyer Management Queue","hidden","Merchant Information Database","[]","[]","","[Merchant Information Database]","[]","","","","","50m","499 hours",,0,"5","Grocery","Shabaz Malik","[Shabaz Malik]","","https://fadmin.flippback.com/merchants/3068/dashboard","https://fadmin.flippback.com/merchants/3068/ftp_files","Bi-Weekly","https://docs.google.com/document/d/1YL4YkXJ11vHKScLqbqC4w4wagH7yxPjOMhab8gHDIs4/edit?usp=sharing","9672","[Shabaz Malik]","SE","3068","https://docs.google.com/document/d/16KBC7H_yetLeXMpn9iTHIQ0h-wou0_60ODBF53VLgYE/edit?tab=t.0#heading=h.y2dgj7b691i1","","","Longtail"
"Retailer","86e0q1d4d","Mi Tienda",,"","","active merchants","
","[]","none","",0,0,"","","Thursday, April 2nd 2026, 12:11:04 pm -04:00","Thursday, April 30th 2026, 10:31:29 am -04:00","","","Sharlene Nguy","Flyer Management Queue","hidden","Merchant Information Database","[86e0q1d4q]","[https://app.clickup.com/t/86e0q1d4q]","","[Merchant Information Database]","[]","","","","","","499 hours",,0,"","Grocery","Sabrina Ho","[Sabrina Ho]","","https://fadmin.flippback.com/merchants/4379/dashboard","https://fadmin.flippback.com/merchants/4379/ftp_files","---Merchant---","","","[Kayla Summerhayes]","Kayla Summerhayes","4379","https://docs.google.com/document/d/1_sNFGRomRguvJ1IX_DRFC06xRWLpBxhOmD-f7DBAEME/edit?tab=t.0#heading=h.y2dgj7b691i1","HEB","","Core"
"Task","86e0q1d4q","Mi Tienda","86e0q1d4d","Mi Tienda","https://app.clickup.com/t/86e0q1d4d","active merchants","
","[]","none","",0,0,"","","Thursday, April 2nd 2026, 12:11:05 pm -04:00","Monday, April 27th 2026, 2:15:09 am -04:00","","","Sharlene Nguy","Flyer Management Queue","hidden","Merchant Information Database","[]","[]","","[Merchant Information Database]","[]","","","","","30m","499 hours",,0,"7","Grocery","Sabrina Ho","[Sabrina Ho]","","https://fadmin.flippback.com/merchants/4379/dashboard","https://fadmin.flippback.com/merchants/4379/ftp_files","Weekly","https://docs.google.com/document/d/11CIEBAaT7Z8xbVih1Whgt_MnPkHmoc3P0ZCpxAnNZGs/edit","8267","[Kayla Summerhayes]","Kayla Summerhayes","4379","https://docs.google.com/document/d/1_sNFGRomRguvJ1IX_DRFC06xRWLpBxhOmD-f7DBAEME/edit?tab=t.0#heading=h.y2dgj7b691i1","HEB","","Core"
"Retailer","86e0q1d9x","Moonlight Grocers",,"","","active merchants","
","[]","none","",0,0,"","","Thursday, April 2nd 2026, 12:11:14 pm -04:00","Thursday, April 30th 2026, 10:31:29 am -04:00","","","Sharlene Nguy","Flyer Management Queue","hidden","Merchant Information Database","[86e0q1da3]","[https://app.clickup.com/t/86e0q1da3]","","[Merchant Information Database]","[]","","","","","","499 hours",,0,"","Grocery","Shabaz Malik","[Shabaz Malik]","","https://fadmin.flippback.com/merchants/6746/dashboard","https://fadmin.flippback.com/merchants/6746/ftp_files","---Merchant---","","","[Shabaz Malik]","SE","6746","https://docs.google.com/document/d/1XIkTOV3F9QKOgWmOcZ2-2Y9Hg9U6UAxmkVys_xM0TT8/edit?tab=t.0#heading=h.y2dgj7b691i1","","","Longtail"
"Task","86e0q1da3","Moonlight Grocers","86e0q1d9x","Moonlight Grocers","https://app.clickup.com/t/86e0q1d9x","active merchants","
","[]","none","",0,0,"","","Thursday, April 2nd 2026, 12:11:14 pm -04:00","Monday, April 27th 2026, 2:15:25 am -04:00","","","Sharlene Nguy","Flyer Management Queue","hidden","Merchant Information Database","[]","[]","","[Merchant Information Database]","[]","","","","","20m","499 hours",,0,"3","Grocery","Shabaz Malik","[Shabaz Malik]","","https://fadmin.flippback.com/merchants/6746/dashboard","https://fadmin.flippback.com/merchants/6746/ftp_files","Weekly","https://docs.google.com/document/d/1lKbGEHk7PqMgwOKDCscaXKSv2jHI6Quj_QZ8Pdscvv8/edit?tab=t.0","11956","[Shabaz Malik]","SE","6746","https://docs.google.com/document/d/1XIkTOV3F9QKOgWmOcZ2-2Y9Hg9U6UAxmkVys_xM0TT8/edit?tab=t.0#heading=h.y2dgj7b691i1","","","Longtail"
"Retailer","86dyk9er2","Nebraska Furniture Mart",,"","","active merchants","
","[]","none","",0,0,"","","Wednesday, November 26th 2025, 1:50:56 pm -05:00","Saturday, February 28th 2026, 6:45:59 am -05:00","","","Matt Smith","Flyer Management Queue","hidden","Merchant Information Database","[86dzxt9r1]","[https://app.clickup.com/t/86dzxt9r1]","","[Merchant Information Database]","[]","","","","","","1770 hours",,0,"","Home Goods, Furniture & Appliances","","[Shabaz Malik]","","https://fadmin.flippback.com/merchants/2884/dashboard","https://fadmin.flippback.com/merchants/2884/ftp_files","---Merchant---","","","[Shabaz Malik]","Sabrina Ho","2884","https://docs.google.com/document/d/1EcO1fTUSazQS82hr6DzGft-GyV1k56Nq0HMGzCoPowE/edit","","","Longtail"
"Task","86dzxt9r1","Nebraska Furniture Mart - Flyer","86dyk9er2","Nebraska Furniture Mart","https://app.clickup.com/t/86dyk9er2","active merchants","
","[]","none"," ",16,0,"","","Thursday, February 19th 2026, 4:54:38 pm -05:00","Wednesday, April 22nd 2026, 4:53:13 pm -04:00","","","Matt Smith","Flyer Management Queue","hidden","Merchant Information Database","[]","[]","","[Merchant Information Database]","[]","","","","","30m","1770 hours",,0,"5","Home Goods, Furniture & Appliances","","[Shabaz Malik]","1776891191382","https://fadmin.flippback.com/merchants/2884/dashboard","https://fadmin.flippback.com/merchants/2884/ftp_files","Weekly","https://docs.google.com/document/d/1AvRjEkJJbGeX38rovMWoGW95hVLeHyPkQVCL2d-OaNI/edit","2939","[Shabaz Malik]","Sabrina Ho","2884","https://docs.google.com/document/d/1EcO1fTUSazQS82hr6DzGft-GyV1k56Nq0HMGzCoPowE/edit","","","Longtail"
"Retailer","86dyk9e6v","Nob Hill Foods",,"","","active merchants","
","[]","none","",0,0,"","","Wednesday, November 26th 2025, 1:50:14 pm -05:00","Monday, March 16th 2026, 2:17:55 pm -04:00","","","Matt Smith","Flyer Management Queue","hidden","Merchant Information Database","[86dzxte7v]","[https://app.clickup.com/t/86dzxte7v]","","[Merchant Information Database]","[]","","","","","","1770 hours",,0,"","Grocery","","[Shabaz Malik]","","https://fadmin.flippback.com/merchants/3655/dashboard","https://fadmin.flippback.com/merchants/3655/ftp_files","---Merchant---","","","[Shabaz Malik]","Roni Grigorian","3655","https://docs.google.com/document/d/1KXMWbNZC6pvwPvkGay4DbIGcZbxGdHr3iCciVW2E5_Q/edit#heading=h.y2dgj7b691i1","","","Longtail"
"Task","86dzxte7v","Nob Hill Foods - Weekly Flyer","86dyk9e6v","Nob Hill Foods","https://app.clickup.com/t/86dyk9e6v","active merchants","
","[]","none","",0,0,"","","Thursday, February 19th 2026, 4:58:46 pm -05:00","Thursday, April 16th 2026, 4:30:03 pm -04:00","","","Matt Smith","Flyer Management Queue","hidden","Merchant Information Database","[]","[]","","[Merchant Information Database]","[]","","","","","10m","1770 hours",,0,"7","Grocery","","[Shabaz Malik]","","https://fadmin.flippback.com/merchants/3655/dashboard","https://fadmin.flippback.com/merchants/3655/ftp_files","Weekly","https://docs.google.com/document/d/1okUaCsGAntH1T8t9NLBwqIkFxHNEC8gcyKI-_EuJHOk/edit?tab=t.0","9301","[Shabaz Malik]","Roni Grigorian","3655","https://docs.google.com/document/d/1KXMWbNZC6pvwPvkGay4DbIGcZbxGdHr3iCciVW2E5_Q/edit#heading=h.y2dgj7b691i1","","","Longtail"
"Retailer","86dyk9d44","NSLC",,"","","active merchants","
","[]","none","",0,0,"","","Wednesday, November 26th 2025, 1:49:06 pm -05:00","Friday, February 27th 2026, 11:41:29 am -05:00","","","Matt Smith","Flyer Management Queue","hidden","Merchant Information Database","[86dzxtgcv]","[https://app.clickup.com/t/86dzxtgcv]","","[Merchant Information Database]","[]","","","","","","1770 hours",,0,"","Alcohol, Wine and Spirits","Clifford Fernandes","[Clifford Fernandes, Shabaz Malik]","","https://fadmin.flippback.com/merchants/6068/dashboard","https://fadmin.flippback.com/merchants/6068/ftp_files","---Merchant---","","","[Clifford Fernandes]","","6068","https://docs.google.com/document/d/1-kA0T4StG79tyCKH76AR8CzVs3pD_P7WfDjRyk_Az5A/edit#heading=h.y2dgj7b691i1","","","Longtail"
"Task","86dzxtgcv","NSLC - Monthly","86dyk9d44","NSLC","https://app.clickup.com/t/86dyk9d44","active merchants","
","[]","none"," ",3,0,"","","Thursday, February 19th 2026, 5:00:31 pm -05:00","Friday, April 17th 2026, 10:42:01 am -04:00","","","Matt Smith","Flyer Management Queue","hidden","Merchant Information Database","[]","[]","","[Merchant Information Database]","[]","","","","","45m","1770 hours",,0,"5","Alcohol, Wine and Spirits","Clifford Fernandes","[Clifford Fernandes]","1776436919036","https://fadmin.flippback.com/merchants/6068/dashboard","https://fadmin.flippback.com/merchants/6068/ftp_files","Monthly","https://docs.google.com/document/d/1xS7jqPyB5VVLe9_OZy9oDpuAWdVEd5n-1Bav0rPLP7U/edit","9896","[Clifford Fernandes]","","6068","https://docs.google.com/document/d/1-kA0T4StG79tyCKH76AR8CzVs3pD_P7WfDjRyk_Az5A/edit#heading=h.y2dgj7b691i1","","","Longtail"
"Retailer","86e0q1d26","Oxford Mills",,"","","active merchants","
","[]","none","",0,0,"","","Thursday, April 2nd 2026, 12:11:01 pm -04:00","Thursday, April 30th 2026, 10:31:29 am -04:00","","","Sharlene Nguy","Flyer Management Queue","hidden","Merchant Information Database","[86e0q1d1v]","[https://app.clickup.com/t/86e0q1d1v]","","[Merchant Information Database]","[]","","","","","","499 hours",,0,"","Home Goods, Furniture & Appliances","Rushia Fernandes","","","https://fadmin.flippback.com/merchants/3763/dashboard","https://fadmin.flippback.com/merchants/3763/ftp_files","---Merchant---","","","[Addie Dobson, hammna]","Addie Dobson","3763","https://docs.google.com/document/d/1bAdjinu-pfan549tJBzi0nym970--FCXct2kichzZVA/edit?tab=t.0#heading=h.y2dgj7b691i1","","","Longtail"
"Task","86e0q1d1v","Oxford Mills","86e0q1d26","Oxford Mills","https://app.clickup.com/t/86e0q1d26","active merchants","
","[]","none","",0,0,"","","Thursday, April 2nd 2026, 12:11:00 pm -04:00","Friday, April 17th 2026, 5:07:31 pm -04:00","","","Sharlene Nguy","Flyer Management Queue","hidden","Merchant Information Database","[]","[]","","[Merchant Information Database]","[]","","","","","40m","499 hours",,0,"3","Home Goods, Furniture & Appliances","Rushia Fernandes","","","https://fadmin.flippback.com/merchants/3763/dashboard","https://fadmin.flippback.com/merchants/3763/ftp_files","Ad-Hoc","https://docs.google.com/document/d/1OoLwqPkGS5PI8dQiG4fitTj5WIBDsacp5PoEMXsF1hc/edit?tab=t.0","3973","[Addie Dobson, hammna]","Addie Dobson","3763","https://docs.google.com/document/d/1bAdjinu-pfan549tJBzi0nym970--FCXct2kichzZVA/edit?tab=t.0#heading=h.y2dgj7b691i1","","","Longtail"
"Retailer","86e0q1d2k","Pasquier",,"","","active merchants","
","[]","none","",0,0,"","","Thursday, April 2nd 2026, 12:11:01 pm -04:00","Thursday, April 30th 2026, 10:31:29 am -04:00","","","Sharlene Nguy","Flyer Management Queue","hidden","Merchant Information Database","[86e0q1d2q]","[https://app.clickup.com/t/86e0q1d2q]","","[Merchant Information Database]","[]","","","","","","499 hours",,0,"","Grocery","Shabaz Malik","[Shabaz Malik]","","https://fadmin.flippback.com/merchants/3791/dashboard","https://fadmin.flippback.com/merchants/3791/ftp_files","---Merchant---","","","[Shabaz Malik]","SE","3791","https://docs.google.com/document/d/169oQ-o6j_08l_FzIYtK9slrxuoaMeK0aAZfxQJ25Tdo/edit?tab=t.0#heading=h.y2dgj7b691i1","","","Longtail"
"Task","86e0q1d2q","Pasquier","86e0q1d2k","Pasquier","https://app.clickup.com/t/86e0q1d2k","active merchants","OPS - Mark Vendor Tag QC and Spotcheck as complete
","[]","none","",0,0,"","","Thursday, April 2nd 2026, 12:11:02 pm -04:00","Monday, April 27th 2026, 2:15:39 am -04:00","","","Sharlene Nguy","Flyer Management Queue","hidden","Merchant Information Database","[]","[]","","[Merchant Information Database]","[]","","","","","15m","499 hours",,0,"4","Grocery","Shabaz Malik","[Shabaz Malik]","","https://fadmin.flippback.com/merchants/3791/dashboard","https://fadmin.flippback.com/merchants/3791/ftp_files","Weekly","https://docs.google.com/document/d/1PCNBeHnP_LbCcwke8Y2ERc2D9ERPizdhx8IV_4nWjFU/edit","11608","[Shabaz Malik]","SE","3791","https://docs.google.com/document/d/169oQ-o6j_08l_FzIYtK9slrxuoaMeK0aAZfxQJ25Tdo/edit?tab=t.0#heading=h.y2dgj7b691i1","","","Longtail"
"Flyer Subtask","86e0z6y7e","OPS - Mark Vendor Tag QC and Spotcheck as complete","86e0q1d2q","Pasquier","https://app.clickup.com/t/86e0q1d2q","active merchants","
","[]","none","",0,0,"","","Friday, April 17th 2026, 5:52:42 pm -04:00","Thursday, May 7th 2026, 3:24:12 pm -04:00","","","Matt Smith","Flyer Management Queue","hidden","Merchant Information Database","[]","[]","","[Merchant Information Database]","[]","","","","","","21 hours",,0,"","","","","","","","","","","","","","","","",""
"Retailer","86e0q1d9k","PEI Liquor",,"","","active merchants","
","[]","none","",0,0,"","","Thursday, April 2nd 2026, 12:11:13 pm -04:00","Thursday, April 30th 2026, 10:31:29 am -04:00","","","Sharlene Nguy","Flyer Management Queue","hidden","Merchant Information Database","[86e0q1d99]","[https://app.clickup.com/t/86e0q1d99]","","[Merchant Information Database]","[]","","","","","","499 hours",,0,"","Alcohol, Wine and Spirits","#N/A","[Megan Kernaghan]","","https://fadmin.flippback.com/merchants/6492/dashboard","https://fadmin.flippback.com/merchants/6492/ftp_files","---Merchant---","","","[Megan Kernaghan]","Megan Kernaghan","6492","https://docs.google.com/document/d/1gSZ0yMwyhHc0uBiA5-2NAZ5QY7Khx96Vx6Lfg819jeo/edit?tab=t.0#heading=h.62icsbc2t0km","","","Longtail"
"Task","86e0q1d99","PEI Liquor","86e0q1d9k","PEI Liquor","https://app.clickup.com/t/86e0q1d9k","active merchants","
","[]","none","",0,0,"","","Thursday, April 2nd 2026, 12:11:12 pm -04:00","Monday, April 27th 2026, 2:15:55 am -04:00","","","Sharlene Nguy","Flyer Management Queue","hidden","Merchant Information Database","[]","[]","","[Merchant Information Database]","[]","","","","","12m","499 hours",,0,"6","Alcohol, Wine and Spirits","#N/A","[Megan Kernaghan]","","https://fadmin.flippback.com/merchants/6492/dashboard","https://fadmin.flippback.com/merchants/6492/ftp_files","Ad-Hoc","https://docs.google.com/document/d/1dOBpywsjyw-Q-RTdP8n9UUntHJWpC-KH9F74lNSlKBA/edit?tab=t.0","11023","[Megan Kernaghan]","Megan Kernaghan","6492","https://docs.google.com/document/d/1gSZ0yMwyhHc0uBiA5-2NAZ5QY7Khx96Vx6Lfg819jeo/edit?tab=t.0#heading=h.62icsbc2t0km","","","Longtail"
"Retailer","86e0q1cw9","Pharmasave",,"","","active merchants","
","[]","none","",0,0,"","","Thursday, April 2nd 2026, 12:10:51 pm -04:00","Wednesday, May 6th 2026, 2:12:17 pm -04:00","","","Sharlene Nguy","Flyer Management Queue","hidden","Merchant Information Database","[86e0q1cwa, 86e0q1cw7]","[https://app.clickup.com/t/86e0q1cwa, https://app.clickup.com/t/86e0q1cw7]","","[Merchant Information Database]","[]","","","","","","499 hours",,0,"","Pharmacy","Ebony Powell","","","https://fadmin.flippback.com/merchants/3370/dashboard","https://fadmin.flippback.com/merchants/3370/ftp_files","---Merchant---","","","[Rachel Bruinsma, hammna]","Rachel Kyryliuk","3370","https://docs.google.com/document/d/1UsAEhoYT8Jx98NuNKrc50EdQKlgNunfJVmn2fwjSBBo/edit?tab=t.0#heading=h.y2dgj7b691i1","","","Longtail"
"Task","86e0q1cwa","Pharmasave (Weekly)","86e0q1cw9","Pharmasave","https://app.clickup.com/t/86e0q1cw9","active merchants","
","[]","none","",0,0,"","","Thursday, April 2nd 2026, 12:10:51 pm -04:00","Monday, May 4th 2026, 3:23:16 pm -04:00","","","Sharlene Nguy","Flyer Management Queue","hidden","Merchant Information Database","[]","[]","","[Merchant Information Database]","[]","","","","","1h","499 hours",,0,"7","Pharmacy","Ebony Powell","","","https://fadmin.flippback.com/merchants/3370/dashboard","https://fadmin.flippback.com/merchants/3370/ftp_files","Weekly","https://docs.google.com/document/d/1NkRxGxlCltmb-PFrhsyjLMWiD55LFneZ-5w8wHWMwO0/edit?tab=t.0","7633","[Rachel Bruinsma, hammna]","Rachel Kyryliuk","3370","https://docs.google.com/document/d/1UsAEhoYT8Jx98NuNKrc50EdQKlgNunfJVmn2fwjSBBo/edit?tab=t.0#heading=h.y2dgj7b691i1","","","Longtail"
"Task","86e0q1cw7","Pharmasave (Bi-Weekly)","86e0q1cw9","Pharmasave","https://app.clickup.com/t/86e0q1cw9","active merchants","FTE- Clone flyer runs with (F0, CM, GG, SS, CI and FW) to flyer type 7633
","[]","none","",0,0,"","","Thursday, April 2nd 2026, 12:10:51 pm -04:00","Monday, May 4th 2026, 3:23:17 pm -04:00","","","Sharlene Nguy","Flyer Management Queue","hidden","Merchant Information Database","[]","[]","","[Merchant Information Database]","[]","","","","","1h","499 hours",,0,"7","Pharmacy","Ebony Powell","","","https://fadmin.flippback.com/merchants/3370/dashboard","https://fadmin.flippback.com/merchants/3370/ftp_files","Bi-Weekly","https://docs.google.com/document/d/1NkRxGxlCltmb-PFrhsyjLMWiD55LFneZ-5w8wHWMwO0/edit?tab=t.0","3547","[Rachel Bruinsma, hammna]","Rachel Kyryliuk","3370","https://docs.google.com/document/d/1UsAEhoYT8Jx98NuNKrc50EdQKlgNunfJVmn2fwjSBBo/edit?tab=t.0#heading=h.y2dgj7b691i1","","","Longtail"
"Flyer Subtask","86e0z6yby","FTE- Clone flyer runs with (F0, CM, GG, SS, CI and FW) to flyer type 7633","86e0q1cw7","Pharmasave (Bi-Weekly)","https://app.clickup.com/t/86e0q1cw7","active merchants","
","[]","none","",0,0,"","","Friday, April 17th 2026, 5:52:58 pm -04:00","Thursday, May 7th 2026, 3:24:12 pm -04:00","","","Matt Smith","Flyer Management Queue","hidden","Merchant Information Database","[]","[]","","[Merchant Information Database]","[]","","","","","","21 hours",,0,"","","","","","","","","","","","","","","","",""
"Retailer","86dyk9nrd","Pic N Sav",,"","","active merchants","
","[]","none","",0,0,"","","Wednesday, November 26th 2025, 2:00:24 pm -05:00","Friday, April 3rd 2026, 12:35:05 pm -04:00","","","Matt Smith","Flyer Management Queue","hidden","Merchant Information Database","[86dzxexr1]","[https://app.clickup.com/t/86dzxexr1]","","[Merchant Information Database]","[]","","","","","","1770 hours",,0,"","Grocery","Shabaz Malik","[Shabaz Malik]","","https://fadmin.flippback.com/merchants/6800/dashboard","https://fadmin.flippback.com/merchants/6800/ftp_files","---Merchant---","","","[Shabaz Malik]","Roni Grigorian","6800","https://docs.google.com/document/d/19sS7g3I4gWUKCYmbUheDz978PhZxk4fo_REsTYrCSfY/edit?tab=t.0#heading=h.y2dgj7b691i1","Houchens Industries","","Longtail"
"Task","86dzxexr1","Pic N Sav - Weekly","86dyk9nrd","Pic N Sav","https://app.clickup.com/t/86dyk9nrd","active merchants","
","[]","none","",0,0,"","","Thursday, February 19th 2026, 11:48:01 am -05:00","Thursday, April 16th 2026, 4:30:27 pm -04:00","","","Matt Smith","Flyer Management Queue","hidden","Merchant Information Database","[]","[]","","[Merchant Information Database]","[]","","","","","45m","1770 hours",,0,"5","Grocery","Shabaz Malik","[Shabaz Malik]","","https://fadmin.flippback.com/merchants/6800/dashboard","https://fadmin.flippback.com/merchants/6800/ftp_files","Weekly","https://docs.google.com/document/d/1Q4u7AatvoZG8KN8YSZb0aEC3oTjZQ9k3_p5do1rFOA4/edit?tab=t.0","12128","[Shabaz Malik]","Roni Grigorian","6800","https://docs.google.com/document/d/19sS7g3I4gWUKCYmbUheDz978PhZxk4fo_REsTYrCSfY/edit?tab=t.0#heading=h.y2dgj7b691i1","Houchens Industries","","Longtail"
"Retailer","86dyk9mr8","Piggly Wiggly - FG",,"","","active merchants","
","[]","none","",0,0,"","","Wednesday, November 26th 2025, 1:59:15 pm -05:00","Friday, April 3rd 2026, 12:35:06 pm -04:00","","","Matt Smith","Flyer Management Queue","hidden","Merchant Information Database","[86dzxf11e]","[https://app.clickup.com/t/86dzxf11e]","","[Merchant Information Database]","[]","","","","","","1770 hours",,0,"","Grocery","Shabaz Malik","[Shabaz Malik]","","https://fadmin.flippback.com/merchants/6802/dashboard","https://fadmin.flippback.com/merchants/6802/ftp_files","---Merchant---","","","[Shabaz Malik]","Roni Grigorian","4584","https://docs.google.com/document/d/19sS7g3I4gWUKCYmbUheDz978PhZxk4fo_REsTYrCSfY/edit?tab=t.0#heading=h.y2dgj7b691i1","Houchens Industries","","Longtail"
"Task","86dzxf11e","Piggly Wiggly - FG - Weekly Ad","86dyk9mr8","Piggly Wiggly - FG","https://app.clickup.com/t/86dyk9mr8","active merchants","
","[]","none","",0,0,"","","Thursday, February 19th 2026, 11:51:17 am -05:00","Thursday, April 16th 2026, 4:30:41 pm -04:00","","","Matt Smith","Flyer Management Queue","hidden","Merchant Information Database","[]","[]","","[Merchant Information Database]","[]","","","","","10m","1770 hours",,0,"5","Grocery","Shabaz Malik","[Shabaz Malik]","","https://fadmin.flippback.com/merchants/4584/dashboard","https://fadmin.flippback.com/merchants/4584/ftp_files","Weekly","https://docs.google.com/document/d/1y7yrGsDq4rlKQWJYkomaAwo5hEJPqAL2ByLRPlCKqzs/edit?usp=sharing","11954","[Shabaz Malik]","Roni Grigorian","4584","https://docs.google.com/document/d/19sS7g3I4gWUKCYmbUheDz978PhZxk4fo_REsTYrCSfY/edit?tab=t.0#heading=h.y2dgj7b691i1","Houchens Industries","","Longtail"
"Flyer Subtask","86e0yj8ec","FTE - Clone this run into Food Giant retailer (same dates) as FINAL step before completing FQC","86dzxf11e","Piggly Wiggly - FG - Weekly Ad","https://app.clickup.com/t/86dzxf11e","active merchants","
","[]","none","",0,0,"","","Thursday, April 16th 2026, 4:30:36 pm -04:00","Thursday, May 7th 2026, 3:24:12 pm -04:00","","","Sharlene Nguy","Flyer Management Queue","hidden","Merchant Information Database","[]","[]","","[Merchant Information Database]","[]","","","","","","21 hours",,0,"","","","","","","","","","","","","","","","",""
"Retailer","86e0q1d2c","Powell's Supermarket",,"","","active merchants","
","[]","none","",0,0,"","","Thursday, April 2nd 2026, 12:11:01 pm -04:00","Friday, May 1st 2026, 7:19:33 pm -04:00","","","Sharlene Nguy","Flyer Management Queue","hidden","Merchant Information Database","[86e0q1d2g]","[https://app.clickup.com/t/86e0q1d2g]","","[Merchant Information Database]","[]","","","","","","499 hours",,0,"","Grocery","Rushia Fernandes","[Rushia Fernandes, Megan Kernaghan]","","https://fadmin.flippback.com/merchants/3772/dashboard","https://fadmin.flippback.com/merchants/3772/ftp_files","---Merchant---","","","[Rushia Fernandes]","SE","3772","https://docs.google.com/document/d/1WEyEG-bSgd32tkUPLyz9oZshpveyxFNSi2by_EgjI2c/edit?tab=t.0#heading=h.y2dgj7b691i1","","","Longtail"
"Task","86e0q1d2g","Powell's Supermarket","86e0q1d2c","Powell's Supermarket","https://app.clickup.com/t/86e0q1d2c","active merchants","
","[]","none","",0,0,"","","Thursday, April 2nd 2026, 12:11:01 pm -04:00","Friday, April 17th 2026, 5:07:31 pm -04:00","","","Sharlene Nguy","Flyer Management Queue","hidden","Merchant Information Database","[]","[]","","[Merchant Information Database]","[]","","","","","20m","499 hours",,0,"5","Grocery","Rushia Fernandes","[Rushia Fernandes]","","https://fadmin.flippback.com/merchants/3772/dashboard","https://fadmin.flippback.com/merchants/3772/ftp_files","Weekly","https://docs.google.com/document/d/1uQZBsQ62EiMUl4LHQjHavoxlYNQMV4eBjdTTXk7OFRU/edit?usp=sharing","10915","[Rushia Fernandes]","SE","3772","https://docs.google.com/document/d/1WEyEG-bSgd32tkUPLyz9oZshpveyxFNSi2by_EgjI2c/edit?tab=t.0#heading=h.y2dgj7b691i1","","","Longtail"
"Retailer","86e0q1d3x","Price Chopper KC",,"","","active merchants","
","[]","none","",0,0,"","","Thursday, April 2nd 2026, 12:11:03 pm -04:00","Friday, May 1st 2026, 7:19:32 pm -04:00","","","Sharlene Nguy","Flyer Management Queue","hidden","Merchant Information Database","[86e0q1d3z]","[https://app.clickup.com/t/86e0q1d3z]","","[Merchant Information Database]","[]","","","","","","499 hours",,0,"","Grocery","Rushia Fernandes","[Rushia Fernandes, Megan Kernaghan]","","https://fadmin.flippback.com/merchants/4282/dashboard","https://fadmin.flippback.com/merchants/4282/ftp_files","---Merchant---","","","[Rushia Fernandes]","SE","4282","https://docs.google.com/document/d/1AK2yfM6Vba_zjNRBImCJ_Kf7da4pUY6DgQIC8lGy9m4/edit?tab=t.0","","","Longtail"
"Task","86e0q1d3z","Price Chopper KC","86e0q1d3x","Price Chopper KC","https://app.clickup.com/t/86e0q1d3x","active merchants","
","[]","none","",0,0,"","","Thursday, April 2nd 2026, 12:11:03 pm -04:00","Friday, April 17th 2026, 5:07:31 pm -04:00","","","Sharlene Nguy","Flyer Management Queue","hidden","Merchant Information Database","[]","[]","","[Merchant Information Database]","[]","","","","","20m","499 hours",,0,"5","Grocery","Rushia Fernandes","[Rushia Fernandes]","","https://fadmin.flippback.com/merchants/4282/dashboard","https://fadmin.flippback.com/merchants/4282/ftp_files","Weekly","https://docs.google.com/document/d/1kG9OBJQ0oRImAS3hG8ZRvdZIgz6eNo4ZMqHBBjCd7D0/edit","4637","[Rushia Fernandes]","SE","4282","https://docs.google.com/document/d/1AK2yfM6Vba_zjNRBImCJ_Kf7da4pUY6DgQIC8lGy9m4/edit?tab=t.0","","","Longtail"
"Retailer","86e0q1d62","Pronature",,"","","active merchants","
","[]","none","",0,0,"","","Thursday, April 2nd 2026, 12:11:07 pm -04:00","Wednesday, May 6th 2026, 2:12:28 pm -04:00","","","Sharlene Nguy","Flyer Management Queue","hidden","Merchant Information Database","[86e0q1d5z]","[https://app.clickup.com/t/86e0q1d5z]","","[Merchant Information Database]","[]","","","","","","499 hours",,0,"","Sports & Outdoor","Ebony Powell","[Ebony Powell]","","https://fadmin.flippback.com/merchants/4969/dashboard","https://fadmin.flippback.com/merchants/4969/ftp_files","---Merchant---","","","[Kayla Summerhayes]","Kayla Summerhayes","4969","https://docs.google.com/document/d/16LV2O10Ueq3FUL5KqOj4q_7JaSN4H17_7dY-GLY-NzI/edit?tab=t.0#heading=h.y2dgj7b691i1","","","Longtail"
"Task","86e0q1d5z","Pronature","86e0q1d62","Pronature","https://app.clickup.com/t/86e0q1d62","active merchants","
","[]","none","",0,0,"","","Thursday, April 2nd 2026, 12:11:07 pm -04:00","Monday, May 4th 2026, 3:18:10 pm -04:00","","","Sharlene Nguy","Flyer Management Queue","hidden","Merchant Information Database","[]","[]","","[Merchant Information Database]","[]","","","","","20m","499 hours",,0,"7","Sports & Outdoor","Ebony Powell","[Ebony Powell]","","https://fadmin.flippback.com/merchants/4969/dashboard","https://fadmin.flippback.com/merchants/4969/ftp_files","Bi-Weekly","https://docs.google.com/document/d/1u_zXA1R9mMxAHPrK8rfm5dcuO1I88VAXIQNuo7vzfzU/edit?tab=t.0","6484","[Kayla Summerhayes]","Kayla Summerhayes","4969","https://docs.google.com/document/d/16LV2O10Ueq3FUL5KqOj4q_7JaSN4H17_7dY-GLY-NzI/edit?tab=t.0#heading=h.y2dgj7b691i1","","","Longtail"
"Retailer","86dyka04y","Proxim",,"","","active merchants","
","[Shairra Lenneth Anne Gumban, Analeah Dogeno]","none","",0,0,"","","Wednesday, November 26th 2025, 2:12:10 pm -05:00","Wednesday, May 6th 2026, 2:12:33 pm -04:00","","","Matt Smith","Flyer Management Queue","hidden","Merchant Information Database","[86dzyp462, 86dzyp4vu]","[https://app.clickup.com/t/86dzyp462, https://app.clickup.com/t/86dzyp4vu]","","[Merchant Information Database]","[]","","","","","","1770 hours",,0,"","Pharmacy","Shabaz Malik","[Shabaz Malik]","","https://fadmin.flippback.com/merchants/3543/dashboard","https://fadmin.flippback.com/merchants/3543/ftp_files","---Merchant---","","","[Hannah Schiff-Kearn]","Hannah Schiff-Kearn","3543","https://docs.google.com/document/d/1ZWrGeKnNbRRUgjBLxrQaHbV-46JQDmSSmsh59UTOk_o/edit?tab=t.0#heading=h.y2dgj7b691i1","McKesson Canada","","Core"
"Task","86dzyp462","Proxim - A Stores Weekly Flyer","86dyka04y","Proxim","https://app.clickup.com/t/86dyka04y","active merchants","
","[Shairra Lenneth Anne Gumban, Analeah Dogeno]","none"," ",1,0,"","","Friday, February 20th 2026, 3:38:25 pm -05:00","Monday, May 4th 2026, 3:27:41 pm -04:00","","","Matt Smith","Flyer Management Queue","hidden","Merchant Information Database","[]","[]","","[Merchant Information Database]","[]","","","","","2h","1770 hours",,0,"10","Pharmacy","Shabaz Malik","[Shabaz Malik]","1775748100753","https://fadmin.flippback.com/merchants/3543/dashboard","https://fadmin.flippback.com/merchants/3543/ftp_files","Weekly","https://docs.google.com/document/d/1NCI2a-2vGD7Hfz6DC97GG60ETSzt0_zoiVsUihSslmQ/edit?tab=t.0","5832","[Hannah Schiff-Kearn]","Hannah Schiff-Kearn","3543","https://docs.google.com/document/d/1ZWrGeKnNbRRUgjBLxrQaHbV-46JQDmSSmsh59UTOk_o/edit?tab=t.0#heading=h.y2dgj7b691i1","McKesson Canada","","Core"
"Flyer Subtask","86e0yj8z0","OPS - Clone Post FQC","86dzyp462","Proxim - A Stores Weekly Flyer","https://app.clickup.com/t/86dzyp462","active merchants","
","[]","none","",0,0,"","","Thursday, April 16th 2026, 4:31:16 pm -04:00","Thursday, May 7th 2026, 3:24:12 pm -04:00","","","Sharlene Nguy","Flyer Management Queue","hidden","Merchant Information Database","[]","[]","","[Merchant Information Database]","[]","","","","","","21 hours",,0,"","","","","","","","","","","","","","","","",""
"Task","86dzyp4vu","Proxim - E Stores Weekly Flyer","86dyka04y","Proxim","https://app.clickup.com/t/86dyka04y","active merchants","
","[Shairra Lenneth Anne Gumban, Analeah Dogeno]","none"," ",1,0,"","","Friday, February 20th 2026, 3:38:44 pm -05:00","Monday, May 4th 2026, 3:27:47 pm -04:00","","","Matt Smith","Flyer Management Queue","hidden","Merchant Information Database","[]","[]","","[Merchant Information Database]","[]","","","","","2h","1770 hours",,0,"10","Pharmacy","Shabaz Malik","[Shabaz Malik]","1775748107999","https://fadmin.flippback.com/merchants/3543/dashboard","https://fadmin.flippback.com/merchants/3543/ftp_files","Monthly","https://docs.google.com/document/d/1bJQuntfsHSVAdflZqK32AKJ0AgPs-lhF1aSJpmDCWuA/edit?tab=t.0","5869","[Hannah Schiff-Kearn]","Hannah Schiff-Kearn","3543","https://docs.google.com/document/d/1ZWrGeKnNbRRUgjBLxrQaHbV-46JQDmSSmsh59UTOk_o/edit?tab=t.0#heading=h.y2dgj7b691i1","McKesson Canada","","Core"
"Flyer Subtask","86e0yj8vb","OPS - Clone Post FQC","86dzyp4vu","Proxim - E Stores Weekly Flyer","https://app.clickup.com/t/86dzyp4vu","active merchants","
","[]","none","",0,0,"","","Thursday, April 16th 2026, 4:31:08 pm -04:00","Thursday, May 7th 2026, 3:24:12 pm -04:00","","","Sharlene Nguy","Flyer Management Queue","hidden","Merchant Information Database","[]","[]","","[Merchant Information Database]","[]","","","","","","21 hours",,0,"","","","","","","","","","","","","","","","",""
"Retailer","86dyk9e8m","Raley's",,"","","active merchants","
","[]","none","",0,0,"","","Wednesday, November 26th 2025, 1:50:19 pm -05:00","Monday, March 16th 2026, 2:17:58 pm -04:00","","","Matt Smith","Flyer Management Queue","hidden","Merchant Information Database","[86dzxtkc2]","[https://app.clickup.com/t/86dzxtkc2]","","[Merchant Information Database]","[]","","","","","","1770 hours",,0,"","Grocery","","[Shabaz Malik]","","https://fadmin.flippback.com/merchants/2044/dashboard","https://fadmin.flippback.com/merchants/2044/ftp_files","---Merchant---","","","[Shabaz Malik]","Roni Grigorian","2044","https://docs.google.com/document/d/1KXMWbNZC6pvwPvkGay4DbIGcZbxGdHr3iCciVW2E5_Q/edit#heading=h.y2dgj7b691i1","","","Longtail"
"Task","86dzxtkc2","Raley's - Weekly Flyer","86dyk9e8m","Raley's","https://app.clickup.com/t/86dyk9e8m","active merchants","
","[]","none","",0,0,"","","Thursday, February 19th 2026, 5:03:32 pm -05:00","Thursday, April 16th 2026, 4:31:51 pm -04:00","","","Matt Smith","Flyer Management Queue","hidden","Merchant Information Database","[]","[]","","[Merchant Information Database]","[]","","","","","40m","1770 hours",,0,"7","Grocery","","[Shabaz Malik]","","https://fadmin.flippback.com/merchants/2044/dashboard","https://fadmin.flippback.com/merchants/2044/ftp_files","Weekly","https://docs.google.com/document/d/1okUaCsGAntH1T8t9NLBwqIkFxHNEC8gcyKI-_EuJHOk/edit?tab=t.0","9184","[Shabaz Malik]","Roni Grigorian","2044","https://docs.google.com/document/d/1KXMWbNZC6pvwPvkGay4DbIGcZbxGdHr3iCciVW2E5_Q/edit#heading=h.y2dgj7b691i1","","","Longtail"
"Flyer Subtask","86e0yj9av","FTE - Clone this run into Bel Air retailer (same dates) at FQC, FTE - Clone this run into Nob Hill retailer (same dates) after FQC","86dzxtkc2","Raley's - Weekly Flyer","https://app.clickup.com/t/86dzxtkc2","active merchants","
","[]","none","",0,0,"","","Thursday, April 16th 2026, 4:31:46 pm -04:00","Thursday, May 7th 2026, 3:24:12 pm -04:00","","","Sharlene Nguy","Flyer Management Queue","hidden","Merchant Information Database","[]","[]","","[Merchant Information Database]","[]","","","","","","21 hours",,0,"","","","","","","","","","","","","","","","",""
"Retailer","86e0q1d7g","Ranch Fresh Supermarket",,"","","active merchants","
","[]","none","",0,0,"","","Thursday, April 2nd 2026, 12:11:09 pm -04:00","Friday, May 1st 2026, 7:19:22 pm -04:00","","","Sharlene Nguy","Flyer Management Queue","hidden","Merchant Information Database","[86e0q1d7n]","[https://app.clickup.com/t/86e0q1d7n]","","[Merchant Information Database]","[]","","","","","","499 hours",,0,"","Grocery","Rushia Fernandes","[Rushia Fernandes, Megan Kernaghan]","","https://fadmin.flippback.com/merchants/5992/dashboard","https://fadmin.flippback.com/merchants/5992/ftp_files","---Merchant---","","","[Rushia Fernandes]","SE","5992","https://docs.google.com/document/d/19QuHRjMDTDhwPAxLi0EZ9DFnc6L5lKeTKtRAVBRLk9o/edit?usp=sharing","","","Longtail"
"Task","86e0q1d7n","Ranch Fresh Supermarket","86e0q1d7g","Ranch Fresh Supermarket","https://app.clickup.com/t/86e0q1d7g","active merchants","
","[]","none","",0,0,"","","Thursday, April 2nd 2026, 12:11:10 pm -04:00","Monday, April 27th 2026, 2:16:49 am -04:00","","","Sharlene Nguy","Flyer Management Queue","hidden","Merchant Information Database","[]","[]","","[Merchant Information Database]","[]","","","","","15m","499 hours",,0,"1","Grocery","Rushia Fernandes","[Rushia Fernandes]","","https://fadmin.flippback.com/merchants/5992/dashboard","https://fadmin.flippback.com/merchants/5992/ftp_files","Weekly","https://docs.google.com/document/d/1d8R_N09n-SX3xZwageotOaqBL-kcR5DZVxsWcEKtHzQ/edit?tab=t.0","9449","[Rushia Fernandes]","SE","5992","https://docs.google.com/document/d/19QuHRjMDTDhwPAxLi0EZ9DFnc6L5lKeTKtRAVBRLk9o/edit?usp=sharing","","","Longtail"
"Retailer","86e0q1d1m","Red Apple Store",,"","","active merchants","
","[]","none","",0,0,"","","Thursday, April 2nd 2026, 12:11:00 pm -04:00","Friday, May 1st 2026, 7:19:17 pm -04:00","","","Sharlene Nguy","Flyer Management Queue","hidden","Merchant Information Database","[86e0q1d1f]","[https://app.clickup.com/t/86e0q1d1f]","","[Merchant Information Database]","[]","","","","","","499 hours",,0,"","General Merch","Rushia Fernandes","[Rushia Fernandes, Rachel Bruinsma]","","https://fadmin.flippback.com/merchants/3760/dashboard","https://fadmin.flippback.com/merchants/3760/ftp_files","---Merchant---","","","[Rushia Fernandes]","SE","3760","https://docs.google.com/document/d/1W4H7lIAUYjqT2qbtEJHxQF9bbr6j8LWpivWRv4-mDkc/edit?usp=sharing","Red Apple Stores","","Longtail"
"Task","86e0q1d1f","Red Apple Store","86e0q1d1m","Red Apple Store","https://app.clickup.com/t/86e0q1d1m","active merchants","
","[]","none","",0,0,"","","Thursday, April 2nd 2026, 12:11:00 pm -04:00","Friday, April 17th 2026, 5:07:31 pm -04:00","","","Sharlene Nguy","Flyer Management Queue","hidden","Merchant Information Database","[]","[]","","[Merchant Information Database]","[]","","","","","45m","499 hours",,0,"7","General Merch","Rushia Fernandes","[Rushia Fernandes]","","https://fadmin.flippback.com/merchants/3760/dashboard","https://fadmin.flippback.com/merchants/3760/ftp_files","Ad-Hoc","https://docs.google.com/document/d/1YDLWZqwiiCrde-GjWZL-xDTIkVUjmTfW2P8xME1Om_E/edit","10542","[Rushia Fernandes]","SE","3760","https://docs.google.com/document/d/1W4H7lIAUYjqT2qbtEJHxQF9bbr6j8LWpivWRv4-mDkc/edit?usp=sharing","Red Apple Stores","","Longtail"
"Retailer","86dyka0p2","Remedy'sRx",,"","","active merchants","
","[Shairra Lenneth Anne Gumban, Analeah Dogeno]","none","",0,0,"","","Wednesday, November 26th 2025, 2:12:50 pm -05:00","Thursday, April 16th 2026, 10:31:22 am -04:00","","","Matt Smith","Flyer Management Queue","hidden","Merchant Information Database","[86dzypyz6]","[https://app.clickup.com/t/86dzypyz6]","","[Merchant Information Database]","[]","","","","","","1770 hours",,0,"","Pharmacy","Shabaz Malik","[Shabaz Malik]","","https://fadmin.flippback.com/merchants/4603/dashboard","https://fadmin.flippback.com/merchants/4603/ftp_files","---Merchant---","","","[Hannah Schiff-Kearn]","Hannah Schiff-Kearn","4603","https://docs.google.com/document/d/14ObpOGYebf4pl_dbSZ5Xi1c2YnEWDEF9utgRcTnPc-4/edit?tab=t.0#heading=h.y2dgj7b691i1","McKesson Canada","","Core"
"Task","86dzypyz6","Remedy'sRX - Promotional Flyer","86dyka0p2","Remedy'sRx","https://app.clickup.com/t/86dyka0p2","active merchants","
","[Shairra Lenneth Anne Gumban, Analeah Dogeno]","none","",0,0,"","","Friday, February 20th 2026, 3:49:00 pm -05:00","Thursday, April 16th 2026, 4:32:19 pm -04:00","","","Matt Smith","Flyer Management Queue","hidden","Merchant Information Database","[]","[]","","[Merchant Information Database]","[]","","","","","20m","1770 hours",,0,"10","Pharmacy","Shabaz Malik","[Shabaz Malik]","","https://fadmin.flippback.com/merchants/4603/dashboard","https://fadmin.flippback.com/merchants/4603/ftp_files","Monthly","https://docs.google.com/document/d/1WfVga0JkCoRxqOyxHKrmC03a6_A1AM62hImkamUt7sE/edit","5689","[Hannah Schiff-Kearn]","Hannah Schiff-Kearn","4603","https://docs.google.com/document/d/14ObpOGYebf4pl_dbSZ5Xi1c2YnEWDEF9utgRcTnPc-4/edit?tab=t.0#heading=h.y2dgj7b691i1","McKesson Canada","","Core"
"Flyer Subtask","86e0yj9p9","OPS - Monthly Inserts Process - Post FQC","86dzypyz6","Remedy'sRX - Promotional Flyer","https://app.clickup.com/t/86dzypyz6","active merchants","
","[]","none","",0,0,"","","Thursday, April 16th 2026, 4:32:13 pm -04:00","Thursday, May 7th 2026, 3:24:12 pm -04:00","","","Sharlene Nguy","Flyer Management Queue","hidden","Merchant Information Database","[]","[]","","[Merchant Information Database]","[]","","","","","","21 hours",,0,"","","","","","","","","","","","","","","","",""
"Retailer","86dyk9n5q","Ripley's Market",,"","","active merchants","
","[]","none","",0,0,"","","Wednesday, November 26th 2025, 1:59:51 pm -05:00","Friday, April 3rd 2026, 12:35:07 pm -04:00","","","Matt Smith","Flyer Management Queue","hidden","Merchant Information Database","[86dzxf7uw]","[https://app.clickup.com/t/86dzxf7uw]","","[Merchant Information Database]","[]","","","","","","1770 hours",,0,"","Grocery","Shabaz Malik","[Shabaz Malik]","","https://fadmin.flippback.com/merchants/6758/dashboard","https://fadmin.flippback.com/merchants/6758/ftp_files","---Merchant---","","","[Shabaz Malik]","Roni Grigorian","6758","https://docs.google.com/document/d/19sS7g3I4gWUKCYmbUheDz978PhZxk4fo_REsTYrCSfY/edit?tab=t.0#heading=h.y2dgj7b691i1","Houchens Industries","","Longtail"
"Task","86dzxf7uw","Ripley's Market - Weekly Ad","86dyk9n5q","Ripley's Market","https://app.clickup.com/t/86dyk9n5q","active merchants","
","[]","none","",0,0,"","","Thursday, February 19th 2026, 11:57:07 am -05:00","Thursday, April 16th 2026, 4:32:41 pm -04:00","","","Matt Smith","Flyer Management Queue","hidden","Merchant Information Database","[]","[]","","[Merchant Information Database]","[]","","","","","10m","1770 hours",,0,"5","Grocery","Shabaz Malik","[Shabaz Malik]","1771520559700","https://fadmin.flippback.com/merchants/6758/dashboard","https://fadmin.flippback.com/merchants/6758/ftp_files","Weekly","https://docs.google.com/document/d/1Meme8qedlcQw75w11qXPMNFpGurtGFvFnNe_7Wyv7UU/edit?usp=sharing","11983","[Shabaz Malik]","Roni Grigorian","6758","https://docs.google.com/document/d/19sS7g3I4gWUKCYmbUheDz978PhZxk4fo_REsTYrCSfY/edit?tab=t.0#heading=h.y2dgj7b691i1","Houchens Industries","","Longtail"
"Flyer Subtask","86e0yj9zm","FTE - Clone this run into Food Giant retailer (same dates) as FINAL step before completing FQC","86dzxf7uw","Ripley's Market - Weekly Ad","https://app.clickup.com/t/86dzxf7uw","active merchants","
","[]","none","",0,0,"","","Thursday, April 16th 2026, 4:32:37 pm -04:00","Thursday, May 7th 2026, 3:24:12 pm -04:00","","","Sharlene Nguy","Flyer Management Queue","hidden","Merchant Information Database","[]","[]","","[Merchant Information Database]","[]","","","","","","21 hours",,0,"","","","","","","","","","","","","","","","",""
"Retailer","86e0q1d7y","Safety Foods & Scotch Creek Market",,"","","active merchants","
","[]","none","",0,0,"","","Thursday, April 2nd 2026, 12:11:10 pm -04:00","Thursday, April 30th 2026, 10:31:29 am -04:00","","","Sharlene Nguy","Flyer Management Queue","hidden","Merchant Information Database","[86e0q1d80]","[https://app.clickup.com/t/86e0q1d80]","","[Merchant Information Database]","[]","","","","","","499 hours",,0,"","Grocery","Ebony Powell","[Ebony Powell]","","https://fadmin.flippback.com/merchants/6378/dashboard","https://fadmin.flippback.com/merchants/6378/ftp_files","---Merchant---","","","[Sabrina Ho]","Sabrina Ho","6378","https://docs.google.com/document/d/1KFjKk_4dnLxTdObYRc0MlV9smCu5xj2wH1S4Ln7n0Ug/edit?tab=t.0#heading=h.y2dgj7b691i1","AG Foods","","Longtail"
"Task","86e0q1d80","Safety Foods & Scotch Creek Market","86e0q1d7y","Safety Foods & Scotch Creek Market","https://app.clickup.com/t/86e0q1d7y","active merchants","
","[]","none","",0,0,"","","Thursday, April 2nd 2026, 12:11:11 pm -04:00","Monday, April 27th 2026, 2:17:14 am -04:00","","","Sharlene Nguy","Flyer Management Queue","hidden","Merchant Information Database","[]","[]","","[Merchant Information Database]","[]","","","","","40m","499 hours",,0,"7","Grocery","Ebony Powell","[Ebony Powell]","","https://fadmin.flippback.com/merchants/6378/dashboard","https://fadmin.flippback.com/merchants/6378/ftp_files","Weekly","https://docs.google.com/document/d/1SfYo0JhL-sCHP80WulhThmN7vMcfqttOAxovLC2r5ZU/edit?tab=t.0","10692","[Sabrina Ho]","Sabrina Ho","6378","https://docs.google.com/document/d/1KFjKk_4dnLxTdObYRc0MlV9smCu5xj2wH1S4Ln7n0Ug/edit?tab=t.0#heading=h.y2dgj7b691i1","AG Foods","","Longtail"
"Retailer","86dyk9ndb","Sav-More",,"","","active merchants","
","[]","none","",0,0,"","","Wednesday, November 26th 2025, 2:00:08 pm -05:00","Friday, April 3rd 2026, 12:35:08 pm -04:00","","","Matt Smith","Flyer Management Queue","hidden","Merchant Information Database","[86dzxfm70]","[https://app.clickup.com/t/86dzxfm70]","","[Merchant Information Database]","[]","","","","","","1770 hours",,0,"","Grocery","Shabaz Malik","[Shabaz Malik]","","https://fadmin.flippback.com/merchants/6762/dashboard","https://fadmin.flippback.com/merchants/6762/ftp_files","---Merchant---","","","[Shabaz Malik]","Roni Grigorian","6762","https://docs.google.com/document/d/19sS7g3I4gWUKCYmbUheDz978PhZxk4fo_REsTYrCSfY/edit?tab=t.0#heading=h.y2dgj7b691i1","Houchens Industries","","Longtail"
"Task","86dzxfm70","Sav-More - Weekly Ad","86dyk9ndb","Sav-More","https://app.clickup.com/t/86dyk9ndb","active merchants","
","[]","none","",0,0,"","","Thursday, February 19th 2026, 12:04:48 pm -05:00","Thursday, April 16th 2026, 4:32:58 pm -04:00","","","Matt Smith","Flyer Management Queue","hidden","Merchant Information Database","[]","[]","","[Merchant Information Database]","[]","","","","","10m","1770 hours",,0,"5","Grocery","Shabaz Malik","[Shabaz Malik]","","https://fadmin.flippback.com/merchants/6762/dashboard","https://fadmin.flippback.com/merchants/6762/ftp_files","Weekly","https://docs.google.com/document/d/1SzrCZgD8rPUh1u5Dls5LqMkXSjBwkj2z9Ka3uEOAZOY/edit?usp=sharing","11990","[Shabaz Malik]","Roni Grigorian","6762","https://docs.google.com/document/d/19sS7g3I4gWUKCYmbUheDz978PhZxk4fo_REsTYrCSfY/edit?tab=t.0#heading=h.y2dgj7b691i1","Houchens Industries","","Longtail"
"Flyer Subtask","86e0yja60","FTE - Clone this run into Food Giant retailer (same dates) as FINAL step before completing FQC","86dzxfm70","Sav-More - Weekly Ad","https://app.clickup.com/t/86dzxfm70","active merchants","
","[]","none","",0,0,"","","Thursday, April 16th 2026, 4:32:52 pm -04:00","Thursday, May 7th 2026, 3:24:12 pm -04:00","","","Sharlene Nguy","Flyer Management Queue","hidden","Merchant Information Database","[]","[]","","[Merchant Information Database]","[]","","","","","","21 hours",,0,"","","","","","","","","","","","","","","","",""
"Retailer","86dyk9nn0","Save Mart Supermarkets",,"","","active merchants","
","[]","none","",0,0,"","","Wednesday, November 26th 2025, 2:00:19 pm -05:00","Friday, April 3rd 2026, 12:35:08 pm -04:00","","","Matt Smith","Flyer Management Queue","hidden","Merchant Information Database","[86dzxfu0e]","[https://app.clickup.com/t/86dzxfu0e]","","[Merchant Information Database]","[]","","","","","","1770 hours",,0,"","Grocery","Shabaz Malik","[Shabaz Malik]","","https://fadmin.flippback.com/merchants/6763/dashboard","https://fadmin.flippback.com/merchants/6763/ftp_files","---Merchant---","","","[Shabaz Malik]","Roni Grigorian","6763","https://docs.google.com/document/d/19sS7g3I4gWUKCYmbUheDz978PhZxk4fo_REsTYrCSfY/edit?tab=t.0#heading=h.y2dgj7b691i1","Houchens Industries","","Longtail"
"Task","86dzxfu0e","Save Mart Supermarkets - Weekly Ad","86dyk9nn0","Save Mart Supermarkets","https://app.clickup.com/t/86dyk9nn0","active merchants","
","[]","none","",0,0,"","","Thursday, February 19th 2026, 12:09:16 pm -05:00","Thursday, April 16th 2026, 4:33:17 pm -04:00","","","Matt Smith","Flyer Management Queue","hidden","Merchant Information Database","[]","[]","","[Merchant Information Database]","[]","","","","","10m","1770 hours",,0,"5","Grocery","Shabaz Malik","[Shabaz Malik]","","https://fadmin.flippback.com/merchants/6763/dashboard","https://fadmin.flippback.com/merchants/6763/ftp_files","Weekly","https://docs.google.com/document/d/1wBsngI2iYqrgqWnzEKatuyiKSVGHCtz-eTAS8m8dnws/edit?usp=sharing","11991","[Shabaz Malik]","Roni Grigorian","6763","https://docs.google.com/document/d/19sS7g3I4gWUKCYmbUheDz978PhZxk4fo_REsTYrCSfY/edit?tab=t.0#heading=h.y2dgj7b691i1","Houchens Industries","","Longtail"
"Flyer Subtask","86e0yjag1","FTE - Clone this run into Food Giant retailer (same dates) as FINAL step before completing FQC","86dzxfu0e","Save Mart Supermarkets - Weekly Ad","https://app.clickup.com/t/86dzxfu0e","active merchants","
","[]","none","",0,0,"","","Thursday, April 16th 2026, 4:33:11 pm -04:00","Thursday, May 7th 2026, 3:24:12 pm -04:00","","","Sharlene Nguy","Flyer Management Queue","hidden","Merchant Information Database","[]","[]","","[Merchant Information Database]","[]","","","","","","21 hours",,0,"","","","","","","","","","","","","","","","",""
"Retailer","86e0q1cm2","Schnucks",,"","","active merchants","
","[]","none","",0,0,"","","Thursday, April 2nd 2026, 12:10:36 pm -04:00","Thursday, April 30th 2026, 10:31:29 am -04:00","","","Sharlene Nguy","Flyer Management Queue","hidden","Merchant Information Database","[86e0q1cm8, 86e0q1cm6]","[https://app.clickup.com/t/86e0q1cm8, https://app.clickup.com/t/86e0q1cm6]","","[Merchant Information Database]","[]","","","","","","499 hours",,0,"","Grocery","Rushia Fernandes","[Rushia Fernandes]","","https://fadmin.flippback.com/merchants/2441/dashboard","https://fadmin.flippback.com/merchants/2441/ftp_files","---Merchant---","","","[Roni Grigorian]","Roni Grigorian","2441","https://docs.google.com/document/d/1FSSMLwkBmm5svOJ6xzJzBTZKtgiHCkQC9xkHzj4RA2U/edit?tab=t.0#heading=h.y2dgj7b691i1","Schnucks","","Core"
"Task","86e0q1cm8","Schnucks","86e0q1cm2","Schnucks","https://app.clickup.com/t/86e0q1cm2","active merchants","
","[]","none","",0,0,"","","Thursday, April 2nd 2026, 12:10:36 pm -04:00","Monday, April 27th 2026, 2:17:37 am -04:00","","","Sharlene Nguy","Flyer Management Queue","hidden","Merchant Information Database","[]","[]","","[Merchant Information Database]","[]","","","","","40m","499 hours",,0,"12","Grocery","Rushia Fernandes","[Rushia Fernandes]","","https://fadmin.flippback.com/merchants/2441/dashboard","https://fadmin.flippback.com/merchants/2441/ftp_files","Weekly","https://docs.google.com/document/d/1fYu3y6ZGPwfsz3feWPou3Uh4JDadzyqKHnY_2o5YYb8","3913","[Roni Grigorian]","Roni Grigorian","2441","https://docs.google.com/document/d/1FSSMLwkBmm5svOJ6xzJzBTZKtgiHCkQC9xkHzj4RA2U/edit?tab=t.0#heading=h.y2dgj7b691i1","Schnucks","","Core"
"Task","86e0q1cm6","Schnucks","86e0q1cm2","Schnucks","https://app.clickup.com/t/86e0q1cm2","active merchants","
","[]","none","",0,0,"","","Thursday, April 2nd 2026, 12:10:36 pm -04:00","Monday, April 27th 2026, 2:17:39 am -04:00","","","Sharlene Nguy","Flyer Management Queue","hidden","Merchant Information Database","[]","[]","","[Merchant Information Database]","[]","","","","","40m","499 hours",,0,"12","Grocery","Rushia Fernandes","[Rushia Fernandes]","","https://fadmin.flippback.com/merchants/2441/dashboard","https://fadmin.flippback.com/merchants/2441/ftp_files","Monthly","https://docs.google.com/document/d/1fYu3y6ZGPwfsz3feWPou3Uh4JDadzyqKHnY_2o5YYb8","9150","[Roni Grigorian]","Roni Grigorian","2441","https://docs.google.com/document/d/1FSSMLwkBmm5svOJ6xzJzBTZKtgiHCkQC9xkHzj4RA2U/edit?tab=t.0#heading=h.y2dgj7b691i1","Schnucks","","Core"
"Retailer","86e0q1cjt","Sleep Country Canada",,"","","active merchants","
","[]","none","",0,0,"","","Thursday, April 2nd 2026, 12:10:33 pm -04:00","Thursday, April 30th 2026, 10:31:29 am -04:00","","","Sharlene Nguy","Flyer Management Queue","hidden","Merchant Information Database","[86e0q1ck1]","[https://app.clickup.com/t/86e0q1ck1]","","[Merchant Information Database]","[]","","","","","","499 hours",,0,"","Home Goods, Furniture & Appliances","Ebony Powell","[Ebony Powell]","","https://fadmin.flippback.com/merchants/2297/dashboard","https://fadmin.flippback.com/merchants/2297/ftp_files","---Merchant---","","","[Ebony Powell]","SE","2297","https://docs.google.com/document/d/1YQGjJAeOq4oALWbC67SNSDwDhODSGarBU7KI6cfJRPY/edit?tab=t.0#heading=h.y2dgj7b691i1","Sleep Country Canada","","Longtail"
"Task","86e0q1ck1","Sleep Country Canada","86e0q1cjt","Sleep Country Canada","https://app.clickup.com/t/86e0q1cjt","active merchants","
","[]","none","",0,0,"","","Thursday, April 2nd 2026, 12:10:33 pm -04:00","Friday, April 17th 2026, 5:07:31 pm -04:00","","","Sharlene Nguy","Flyer Management Queue","hidden","Merchant Information Database","[]","[]","","[Merchant Information Database]","[]","","","","","1h 20m","499 hours",,0,"5","Home Goods, Furniture & Appliances","Ebony Powell","[Ebony Powell]","","https://fadmin.flippback.com/merchants/2297/dashboard","https://fadmin.flippback.com/merchants/2297/ftp_files","Weekly","https://docs.google.com/document/d/1TteIzVtNLJPsi0FZIpGSGua3sv5vF1fSDhWlJ5ePWoU/edit?tab=t.0","3308","[Ebony Powell]","SE","2297","https://docs.google.com/document/d/1YQGjJAeOq4oALWbC67SNSDwDhODSGarBU7KI6cfJRPY/edit?tab=t.0#heading=h.y2dgj7b691i1","Sleep Country Canada","","Longtail"
"Retailer","86e0q1ct0","Super Dollar",,"","","active merchants","
","[]","none","",0,0,"","","Thursday, April 2nd 2026, 12:10:45 pm -04:00","Friday, May 1st 2026, 7:15:01 pm -04:00","","","Sharlene Nguy","Flyer Management Queue","hidden","Merchant Information Database","[86e0q1ct6]","[https://app.clickup.com/t/86e0q1ct6]","","[Merchant Information Database]","[]","","","","","","499 hours",,0,"","N/A","Rushia Fernandes","[Rushia Fernandes, Adnela Fejzulovic]","","https://fadmin.flippback.com/merchants/2920/dashboard","https://fadmin.flippback.com/merchants/2920/ftp_files","---Merchant---","","","[Sabrina Ho]","Sabrina Ho","2920","https://docs.google.com/document/d/1jGiJ9ff-rQoK6d_QlubD_Kc_QEjD_oBptePL8eHjYiw/edit","","","Longtail"
"Task","86e0q1ct6","Super Dollar","86e0q1ct0","Super Dollar","https://app.clickup.com/t/86e0q1ct0","active merchants","
","[]","none","",0,0,"","","Thursday, April 2nd 2026, 12:10:45 pm -04:00","Friday, May 1st 2026, 7:14:57 pm -04:00","","","Sharlene Nguy","Flyer Management Queue","hidden","Merchant Information Database","[]","[]","","[Merchant Information Database]","[]","","","","","20m","499 hours",,0,"7","N/A","Rushia Fernandes","[Rushia Fernandes]","","https://fadmin.flippback.com/merchants/2920/dashboard","https://fadmin.flippback.com/merchants/2920/ftp_files","Weekly","https://docs.google.com/document/d/15v6xCIUOx9oUT9O_v8VSib-3uFxacRaZk17aB8Sz_P8/edit","2945","[Sabrina Ho]","Sabrina Ho","2920","https://docs.google.com/document/d/1jGiJ9ff-rQoK6d_QlubD_Kc_QEjD_oBptePL8eHjYiw/edit","","","Longtail"
"Retailer","86e0q1cnv","Surplus Furniture & Mattress Warehouse",,"","","active merchants","
","[]","none","",0,0,"","","Thursday, April 2nd 2026, 12:10:39 pm -04:00","Thursday, April 30th 2026, 10:31:29 am -04:00","","","Sharlene Nguy","Flyer Management Queue","hidden","Merchant Information Database","[86e0q1cnx]","[https://app.clickup.com/t/86e0q1cnx]","","[Merchant Information Database]","[]","","","","","","499 hours",,0,"","Home Goods, Furniture & Appliances","Clifford Fernandes","[Clifford Fernandes, Shabaz Malik]","","https://fadmin.flippback.com/merchants/2609/dashboard","https://fadmin.flippback.com/merchants/2609/ftp_files","---Merchant---","","","[Clifford Fernandes]","SE","2609","https://docs.google.com/document/d/1vDL1vyWg7vQLt8oYjk_Ge9e6EAQizmz7dCPgpb9lT74/edit?usp=sharing","Surplus Furniture & Mattress Warehouse","","Longtail"
"Task","86e0q1cnx","Surplus Furniture & Mattress Warehouse","86e0q1cnv","Surplus Furniture & Mattress Warehouse","https://app.clickup.com/t/86e0q1cnv","active merchants","FTE - Apply Custom Tile (if available in FTP) during Upload
","[]","none"," ",1,0,"","","Thursday, April 2nd 2026, 12:10:39 pm -04:00","Tuesday, May 5th 2026, 5:49:01 pm -04:00","","","Sharlene Nguy","Flyer Management Queue","hidden","Merchant Information Database","[]","[]","","[Merchant Information Database]","[]","","","","","1h 50m","499 hours",,0,"5","Home Goods, Furniture & Appliances","Clifford Fernandes","[Clifford Fernandes]","1778017739329","https://fadmin.flippback.com/merchants/2609/dashboard","https://fadmin.flippback.com/merchants/2609/ftp_files","Weekly","https://docs.google.com/document/d/1umpBujIwdMkU81bTOWKqo6frBcfXFxoa198gJ83hquc/edit","2509","[Clifford Fernandes]","SE","2609","https://docs.google.com/document/d/1vDL1vyWg7vQLt8oYjk_Ge9e6EAQizmz7dCPgpb9lT74/edit?usp=sharing","Surplus Furniture & Mattress Warehouse","","Longtail"
"Flyer Subtask","86e0z6xf5","FTE - Apply Custom Tile (if available in FTP) during Upload","86e0q1cnx","Surplus Furniture & Mattress Warehouse","https://app.clickup.com/t/86e0q1cnx","active merchants","
","[]","none","",0,0,"","","Friday, April 17th 2026, 5:51:21 pm -04:00","Thursday, May 7th 2026, 3:24:12 pm -04:00","","","Matt Smith","Flyer Management Queue","hidden","Merchant Information Database","[]","[]","","[Merchant Information Database]","[]","","","","","","21 hours",,0,"","","","","","","","","","","","","","","","",""
"Retailer","86e0q1d75","Teletime",,"","","active merchants","
","[]","none","",0,0,"","","Thursday, April 2nd 2026, 12:11:09 pm -04:00","Thursday, April 30th 2026, 10:31:29 am -04:00","","","Sharlene Nguy","Flyer Management Queue","hidden","Merchant Information Database","[86e0q1d72]","[https://app.clickup.com/t/86e0q1d72]","","[Merchant Information Database]","[]","","","","","","499 hours",,0,"","Home Goods, Furniture & Appliances","Jenna Toppan","[Jenna Toppan]","","https://fadmin.flippback.com/merchants/5703/dashboard","https://fadmin.flippback.com/merchants/5703/ftp_files","---Merchant---","","","[Jenna Toppan]","Jenna Toppan","5703","https://docs.google.com/document/d/1rsHd4-GZymqVX5dg-9uNa9FSl2zka1rFR98eFyYtyVo/edit?tab=t.0#heading=h.y2dgj7b691i1","","","Longtail"
"Task","86e0q1d72","Teletime","86e0q1d75","Teletime","https://app.clickup.com/t/86e0q1d75","active merchants","OPS - page inserts
","[]","none","",0,0,"","","Thursday, April 2nd 2026, 12:11:08 pm -04:00","Monday, April 20th 2026, 4:28:58 pm -04:00","","","Sharlene Nguy","Flyer Management Queue","hidden","Merchant Information Database","[]","[]","","[Merchant Information Database]","[]","","","","","25m","499 hours",,0,"5","Home Goods, Furniture & Appliances","Jenna Toppan","[Jenna Toppan]","","https://fadmin.flippback.com/merchants/5703/dashboard","https://fadmin.flippback.com/merchants/5703/ftp_files","Ad-Hoc","https://docs.google.com/document/d/154hIZ6tmJcARPqjlNYTsZAuu_EHZCEXWFp10Gq7AVKE/edit?tab=t.0","8458","[Jenna Toppan]","Jenna Toppan","5703","https://docs.google.com/document/d/1rsHd4-GZymqVX5dg-9uNa9FSl2zka1rFR98eFyYtyVo/edit?tab=t.0#heading=h.y2dgj7b691i1","","","Longtail"
"Flyer Subtask","86e0z6yjh","OPS - Page inserts","86e0q1d72","Teletime","https://app.clickup.com/t/86e0q1d72","active merchants","
","[]","none","",0,0,"","","Friday, April 17th 2026, 5:53:26 pm -04:00","Thursday, May 7th 2026, 3:24:12 pm -04:00","","","Matt Smith","Flyer Management Queue","hidden","Merchant Information Database","[]","[]","","[Merchant Information Database]","[]","","","","","","21 hours",,0,"","","","","","","","","","","","","","","","",""
"Retailer","86e0q1cjk","The Bargain! Shop",,"","","active merchants","
","[]","none","",0,0,"","","Thursday, April 2nd 2026, 12:10:33 pm -04:00","Friday, May 1st 2026, 7:19:12 pm -04:00","","","Sharlene Nguy","Flyer Management Queue","hidden","Merchant Information Database","[86e0q1cj9]","[https://app.clickup.com/t/86e0q1cj9]","","[Merchant Information Database]","[]","","","","","","499 hours",,0,"","General Merch","Rushia Fernandes","[Rushia Fernandes, Rachel Bruinsma]","","https://fadmin.flippback.com/merchants/2121/dashboard","https://fadmin.flippback.com/merchants/2121/ftp_files","---Merchant---","","","[Rushia Fernandes]","SE","2121","https://docs.google.com/document/d/1W4H7lIAUYjqT2qbtEJHxQF9bbr6j8LWpivWRv4-mDkc/edit?usp=sharing","Red Apple Stores","","Longtail"
"Task","86e0q1cj9","The Bargain! Shop","86e0q1cjk","The Bargain! Shop","https://app.clickup.com/t/86e0q1cjk","active merchants","
","[]","none","",0,0,"","","Thursday, April 2nd 2026, 12:10:32 pm -04:00","Friday, May 1st 2026, 7:14:56 pm -04:00","","","Sharlene Nguy","Flyer Management Queue","hidden","Merchant Information Database","[]","[]","","[Merchant Information Database]","[]","","","","","10m","499 hours",,0,"7","General Merch","Rushia Fernandes","[Rushia Fernandes]","","https://fadmin.flippback.com/merchants/2121/dashboard","https://fadmin.flippback.com/merchants/2121/ftp_files","Ad-Hoc","https://docs.google.com/document/d/1YDLWZqwiiCrde-GjWZL-xDTIkVUjmTfW2P8xME1Om_E/edit","10567","[Rushia Fernandes]","SE","2121","https://docs.google.com/document/d/1W4H7lIAUYjqT2qbtEJHxQF9bbr6j8LWpivWRv4-mDkc/edit?usp=sharing","Red Apple Stores","","Longtail"
"Retailer","86e0q1czw","Timber Mart",,"","","active merchants","
","[]","none","",0,0,"","","Thursday, April 2nd 2026, 12:10:57 pm -04:00","Thursday, April 30th 2026, 10:31:29 am -04:00","","","Sharlene Nguy","Flyer Management Queue","hidden","Merchant Information Database","[86e0q1d08, 86e0q1d01, 86e0q1czz]","[https://app.clickup.com/t/86e0q1d08, https://app.clickup.com/t/86e0q1d01, https://app.clickup.com/t/86e0q1czz]","","[Merchant Information Database]","[]","","","","","","499 hours",,0,"","Home Improvement","Marion Kang","[Marion Kang]","","https://fadmin.flippback.com/merchants/3560/dashboard","https://fadmin.flippback.com/merchants/3560/ftp_files","---Merchant---","","","[Marion Kang]","SE","3560","https://docs.google.com/document/d/1NQ0Yed95nfbSIN-uN6vG45lVv3bzu6pGXEq-JZ41km0/edit?usp=sharing","Timber Mart","","Longtail"
"Task","86e0q1d08","Timber Mart - Lyons","86e0q1czw","Timber Mart","https://app.clickup.com/t/86e0q1czw","active merchants","
","[]","none"," ",3,0,"","","Thursday, April 2nd 2026, 12:10:57 pm -04:00","Friday, May 1st 2026, 4:50:25 pm -04:00","","","Sharlene Nguy","Flyer Management Queue","hidden","Merchant Information Database","[]","[]","","[Merchant Information Database]","[]","","","","","1h 5m","499 hours",,0,"7","Home Improvement","Marion Kang","[Marion Kang]","1777668623055","https://fadmin.flippback.com/merchants/3560/dashboard","https://fadmin.flippback.com/merchants/3560/ftp_files","Weekly","https://docs.google.com/document/d/1P0RzRr9Cq6JTtBCLKVW1OlioyEEaIMu5MSK0Qq7vdtA/edit?pli=1","4369","[Marion Kang]","SE","3560","https://docs.google.com/document/d/1NQ0Yed95nfbSIN-uN6vG45lVv3bzu6pGXEq-JZ41km0/edit?usp=sharing","Timber Mart","","Longtail"
"Task","86e0q1d01","Timber Mart","86e0q1czw","Timber Mart","https://app.clickup.com/t/86e0q1czw","active merchants","
","[]","none","",0,0,"","","Thursday, April 2nd 2026, 12:10:57 pm -04:00","Monday, April 27th 2026, 2:19:31 am -04:00","","","Sharlene Nguy","Flyer Management Queue","hidden","Merchant Information Database","[]","[]","","[Merchant Information Database]","[]","","","","","1h 5m","499 hours",,0,"7","Home Improvement","Marion Kang","[Marion Kang]","","https://fadmin.flippback.com/merchants/3560/dashboard","https://fadmin.flippback.com/merchants/3560/ftp_files","Weekly","https://docs.google.com/document/d/1P0RzRr9Cq6JTtBCLKVW1OlioyEEaIMu5MSK0Qq7vdtA/edit?pli=1","4374","[Marion Kang]","SE","3560","https://docs.google.com/document/d/1NQ0Yed95nfbSIN-uN6vG45lVv3bzu6pGXEq-JZ41km0/edit?usp=sharing","Timber Mart","","Longtail"
"Task","86e0q1czz","Timber Mart","86e0q1czw","Timber Mart","https://app.clickup.com/t/86e0q1czw","active merchants","
","[]","none","",0,0,"","","Thursday, April 2nd 2026, 12:10:57 pm -04:00","Monday, April 27th 2026, 2:19:35 am -04:00","","","Sharlene Nguy","Flyer Management Queue","hidden","Merchant Information Database","[]","[]","","[Merchant Information Database]","[]","","","","","1h 5m","499 hours",,0,"7","Home Improvement","Marion Kang","[Marion Kang]","","https://fadmin.flippback.com/merchants/3560/dashboard","https://fadmin.flippback.com/merchants/3560/ftp_files","Monthly","https://docs.google.com/document/d/1P0RzRr9Cq6JTtBCLKVW1OlioyEEaIMu5MSK0Qq7vdtA/edit?pli=1","3736","[Marion Kang]","SE","3560","https://docs.google.com/document/d/1NQ0Yed95nfbSIN-uN6vG45lVv3bzu6pGXEq-JZ41km0/edit?usp=sharing","Timber Mart","","Longtail"
"Retailer","86e0q1d88","Tropicazoo",,"","","active merchants","
","[]","none","",0,0,"","","Thursday, April 2nd 2026, 12:11:11 pm -04:00","Thursday, April 30th 2026, 10:31:29 am -04:00","","","Sharlene Nguy","Flyer Management Queue","hidden","Merchant Information Database","[86e0q1d8a]","[https://app.clickup.com/t/86e0q1d8a]","","[Merchant Information Database]","[]","","","","","","499 hours",,0,"","Pet Care","Clifford Fernandes","[Clifford Fernandes, Shabaz Malik]","","https://fadmin.flippback.com/merchants/6407/dashboard","https://fadmin.flippback.com/merchants/6407/ftp_files","---Merchant---","","","[Clifford Fernandes]","SE","6407","https://docs.google.com/document/d/1Hqqi3g_j0LgI0lmWQ_bp906NEsNn-3miKPlhiYnL5ZI/edit?tab=t.0","","","Longtail"
"Task","86e0q1d8a","Tropicazoo","86e0q1d88","Tropicazoo","https://app.clickup.com/t/86e0q1d88","active merchants","
","[]","none","",0,0,"","","Thursday, April 2nd 2026, 12:11:11 pm -04:00","Friday, April 17th 2026, 5:07:31 pm -04:00","","","Sharlene Nguy","Flyer Management Queue","hidden","Merchant Information Database","[]","[]","","[Merchant Information Database]","[]","","","","","30m","499 hours",,0,"10","Pet Care","Clifford Fernandes","[Clifford Fernandes]","","https://fadmin.flippback.com/merchants/6407/dashboard","https://fadmin.flippback.com/merchants/6407/ftp_files","Monthly","https://docs.google.com/document/d/1-SVT0fOk2E_b4wdFRNGyTd7GDVoMboIfpJmaLRpm3BI/edit?usp=sharing","10791","[Clifford Fernandes]","SE","6407","https://docs.google.com/document/d/1Hqqi3g_j0LgI0lmWQ_bp906NEsNn-3miKPlhiYnL5ZI/edit?tab=t.0","","","Longtail"
"Retailer","86dyka03x","Uniprix",,"","","active merchants","
","[Shairra Lenneth Anne Gumban, Analeah Dogeno]","none","",0,0,"","","Wednesday, November 26th 2025, 2:12:07 pm -05:00","Thursday, April 16th 2026, 10:31:22 am -04:00","","","Matt Smith","Flyer Management Queue","hidden","Merchant Information Database","[86dzypeck, 86dzypezq]","[https://app.clickup.com/t/86dzypeck, https://app.clickup.com/t/86dzypezq]","","[Merchant Information Database]","[]","","","","","","1770 hours",,0,"","Pharmacy","Shabaz Malik","[Shabaz Malik]","","https://fadmin.flippback.com/merchants/3467/dashboard","https://fadmin.flippback.com/merchants/3467/ftp_files","---Merchant---","","","[Hannah Schiff-Kearn]","Hannah Schiff-Kearn","3467","https://docs.google.com/document/d/1xUcqTvwoZUT1Y1yQj1BI1-IdJGp3hVpFpImrWYgg8oY/edit?usp=sharing","McKesson Canada","","Core"
"Task","86dzypeck","Uniprix - Weekly Flyer","86dyka03x","Uniprix","https://app.clickup.com/t/86dyka03x","active merchants","
","[Shairra Lenneth Anne Gumban, Analeah Dogeno]","none","",0,0,"","","Friday, February 20th 2026, 3:42:26 pm -05:00","Thursday, April 16th 2026, 4:33:49 pm -04:00","","","Matt Smith","Flyer Management Queue","hidden","Merchant Information Database","[]","[]","","[Merchant Information Database]","[]","","","","","15m","1770 hours",,0,"10","Pharmacy","Shabaz Malik","[Shabaz Malik]","","https://fadmin.flippback.com/merchants/3467/dashboard","https://fadmin.flippback.com/merchants/3467/ftp_files","Weekly","https://docs.google.com/document/d/1HNoReFUyAUA2soDG3jSYNdtGVNhq2UnOpvjj-tZOldY/edit","3551","[Hannah Schiff-Kearn]","Hannah Schiff-Kearn","3467","https://docs.google.com/document/d/1xUcqTvwoZUT1Y1yQj1BI1-IdJGp3hVpFpImrWYgg8oY/edit?usp=sharing","McKesson Canada","","Core"
"Flyer Subtask","86e0yjaug","OPS - Clone Post FQC","86dzypeck","Uniprix - Weekly Flyer","https://app.clickup.com/t/86dzypeck","active merchants","
","[]","none","",0,0,"","","Thursday, April 16th 2026, 4:33:36 pm -04:00","Thursday, May 7th 2026, 3:24:12 pm -04:00","","","Sharlene Nguy","Flyer Management Queue","hidden","Merchant Information Database","[]","[]","","[Merchant Information Database]","[]","","","","","","21 hours",,0,"","","","","","","","","","","","","","","","",""
"Task","86dzypezq","Uniprix - Uniprix Sante","86dyka03x","Uniprix","https://app.clickup.com/t/86dyka03x","active merchants","
","[Shairra Lenneth Anne Gumban, Analeah Dogeno]","none","",0,0,"","","Friday, February 20th 2026, 3:42:40 pm -05:00","Thursday, April 16th 2026, 4:33:53 pm -04:00","","","Matt Smith","Flyer Management Queue","hidden","Merchant Information Database","[]","[]","","[Merchant Information Database]","[]","","","","","15m","1770 hours",,0,"10","Pharmacy","Shabaz Malik","[Shabaz Malik]","","https://fadmin.flippback.com/merchants/3467/dashboard","https://fadmin.flippback.com/merchants/3467/ftp_files","Weekly","https://docs.google.com/document/d/1HNoReFUyAUA2soDG3jSYNdtGVNhq2UnOpvjj-tZOldY/edit","6648","[Hannah Schiff-Kearn]","Hannah Schiff-Kearn","3467","https://docs.google.com/document/d/1xUcqTvwoZUT1Y1yQj1BI1-IdJGp3hVpFpImrWYgg8oY/edit?usp=sharing","McKesson Canada","","Core"
"Flyer Subtask","86e0yjaxe","OPS - Clone Post FQC","86dzypezq","Uniprix - Uniprix Sante","https://app.clickup.com/t/86dzypezq","active merchants","
","[]","none","",0,0,"","","Thursday, April 16th 2026, 4:33:42 pm -04:00","Thursday, May 7th 2026, 3:24:12 pm -04:00","","","Sharlene Nguy","Flyer Management Queue","hidden","Merchant Information Database","[]","[]","","[Merchant Information Database]","[]","","","","","","21 hours",,0,"","","","","","","","","","","","","","","","",""
"Retailer","86e0q1cu8","Vallarta Supermarkets",,"","","active merchants","
","[]","none","",0,0,"","","Thursday, April 2nd 2026, 12:10:47 pm -04:00","Thursday, April 30th 2026, 10:31:29 am -04:00","","","Sharlene Nguy","Flyer Management Queue","hidden","Merchant Information Database","[86e0q1cu9, 86e0q1cum]","[https://app.clickup.com/t/86e0q1cu9, https://app.clickup.com/t/86e0q1cum]","","[Merchant Information Database]","[]","","","","","","499 hours",,0,"","Grocery","Clifford Fernandes","[Clifford Fernandes, Shabaz Malik]","","https://fadmin.flippback.com/merchants/3049/dashboard","https://fadmin.flippback.com/merchants/3049/ftp_files","---Merchant---","","","[Clifford Fernandes]","SE","3049","https://docs.google.com/document/d/1caY_nXaCSQhnDrDr53KK_TfjAZrtMyFzWemdp94i-RQ/edit?tab=t.0#heading=h.y2dgj7b691i1","","","Longtail"
"Task","86e0q1cu9","Vallarta Supermarkets","86e0q1cu8","Vallarta Supermarkets","https://app.clickup.com/t/86e0q1cu8","active merchants","
","[]","none","",0,0,"","","Thursday, April 2nd 2026, 12:10:47 pm -04:00","Monday, April 27th 2026, 2:19:50 am -04:00","","","Sharlene Nguy","Flyer Management Queue","hidden","Merchant Information Database","[]","[]","","[Merchant Information Database]","[]","","","","","55m","499 hours",,0,"7","Grocery","Clifford Fernandes","[Clifford Fernandes]","","https://fadmin.flippback.com/merchants/3049/dashboard","https://fadmin.flippback.com/merchants/3049/ftp_files","Monthly","https://docs.google.com/document/d/1a2-6xBNVxg-pVn5IiKEd5ySfJvJOgdFKLs7r5IKLDQM/edit","12299","[Clifford Fernandes]","SE","3049","https://docs.google.com/document/d/1caY_nXaCSQhnDrDr53KK_TfjAZrtMyFzWemdp94i-RQ/edit?tab=t.0#heading=h.y2dgj7b691i1","","","Longtail"
"Task","86e0q1cum","Vallarta Supermarkets","86e0q1cu8","Vallarta Supermarkets","https://app.clickup.com/t/86e0q1cu8","active merchants","
","[]","none","",0,0,"","","Thursday, April 2nd 2026, 12:10:47 pm -04:00","Monday, April 27th 2026, 2:19:54 am -04:00","","","Sharlene Nguy","Flyer Management Queue","hidden","Merchant Information Database","[]","[]","","[Merchant Information Database]","[]","","","","","55m","499 hours",,0,"8","Grocery","Clifford Fernandes","[Clifford Fernandes]","","https://fadmin.flippback.com/merchants/3049/dashboard","https://fadmin.flippback.com/merchants/3049/ftp_files","Weekly","https://docs.google.com/document/d/1a2-6xBNVxg-pVn5IiKEd5ySfJvJOgdFKLs7r5IKLDQM/edit","7955","[Clifford Fernandes]","SE","3049","https://docs.google.com/document/d/1caY_nXaCSQhnDrDr53KK_TfjAZrtMyFzWemdp94i-RQ/edit?tab=t.0#heading=h.y2dgj7b691i1","","","Longtail"
"Retailer","86e0q1cxq","Value Drug Mart",,"","","active merchants","
","[]","none","",0,0,"","","Thursday, April 2nd 2026, 12:10:53 pm -04:00","Thursday, April 30th 2026, 10:31:29 am -04:00","","","Sharlene Nguy","Flyer Management Queue","hidden","Merchant Information Database","[86e0q1cxk]","[https://app.clickup.com/t/86e0q1cxk]","","[Merchant Information Database]","[]","","","","","","499 hours",,0,"","Pharmacy","Adnela Fejzulovic","[Adnela Fejzulovic]","","https://fadmin.flippback.com/merchants/3468/dashboard","https://fadmin.flippback.com/merchants/3468/ftp_files","---Merchant---","","","[Hannah Schiff-Kearn]","Hannah Schiff-Kearn","3468","https://docs.google.com/document/d/11YMUNZO32_emH3bkPtK85eL3GR7xDrDHXsXHXTs4H1U/edit?tab=t.0#heading=h.y2dgj7b691i1","","","Longtail"
"Task","86e0q1cxk","Value Drug Mart","86e0q1cxq","Value Drug Mart","https://app.clickup.com/t/86e0q1cxq","active merchants","
","[]","none","",0,0,"","","Thursday, April 2nd 2026, 12:10:53 pm -04:00","Monday, April 27th 2026, 2:20:10 am -04:00","","","Sharlene Nguy","Flyer Management Queue","hidden","Merchant Information Database","[]","[]","","[Merchant Information Database]","[]","","","","","45m","499 hours",,0,"7","Pharmacy","Adnela Fejzulovic","[Adnela Fejzulovic]","","https://fadmin.flippback.com/merchants/3468/dashboard","https://fadmin.flippback.com/merchants/3468/ftp_files","Bi-Weekly","https://docs.google.com/document/d/1NEfaTz6EkiIggy8IjiV0boBlCv-iPNJP_uFTEmF7BY4/edit?tab=t.0","10560","[Hannah Schiff-Kearn]","Hannah Schiff-Kearn","3468","https://docs.google.com/document/d/11YMUNZO32_emH3bkPtK85eL3GR7xDrDHXsXHXTs4H1U/edit?tab=t.0#heading=h.y2dgj7b691i1","","","Longtail"
"Retailer","86e0q1d98","Value Grocer",,"","","active merchants","
","[]","none","",0,0,"","","Thursday, April 2nd 2026, 12:11:12 pm -04:00","Friday, May 1st 2026, 7:19:08 pm -04:00","","","Sharlene Nguy","Flyer Management Queue","hidden","Merchant Information Database","[86e0q1d9a]","[https://app.clickup.com/t/86e0q1d9a]","","[Merchant Information Database]","[]","","","","","","499 hours",,0,"","N/A","Rushia Fernandes","[Rushia Fernandes, Megan Kernaghan]","","https://fadmin.flippback.com/merchants/6460/dashboard","https://fadmin.flippback.com/merchants/6460/ftp_files","---Merchant---","","","[Rushia Fernandes]","SE","6460","https://docs.google.com/document/d/12XR9ze2HbCXurCW0UPADkKUZ3EitYV4w_dA3WLbZfuY/edit?usp=sharing","","","Longtail"
"Task","86e0q1d9a","Value Grocer","86e0q1d98","Value Grocer","https://app.clickup.com/t/86e0q1d98","active merchants","
","[]","none","",0,0,"","","Thursday, April 2nd 2026, 12:11:12 pm -04:00","Friday, April 17th 2026, 5:07:31 pm -04:00","","","Sharlene Nguy","Flyer Management Queue","hidden","Merchant Information Database","[]","[]","","[Merchant Information Database]","[]","","","","","25m","499 hours",,0,"7","N/A","Rushia Fernandes","[Rushia Fernandes]","","https://fadmin.flippback.com/merchants/6460/dashboard","https://fadmin.flippback.com/merchants/6460/ftp_files","Weekly","https://docs.google.com/document/d/1__vVm6vADFFbzG4O47ZYK9mtO2C0TMsCVeoAtboDTRE/edit?usp=sharing","10956","[Rushia Fernandes]","SE","6460","https://docs.google.com/document/d/12XR9ze2HbCXurCW0UPADkKUZ3EitYV4w_dA3WLbZfuY/edit?usp=sharing","","","Longtail"
"Retailer","86e0q1cza","Vince's Market",,"","","active merchants","
","[]","none","",0,0,"","","Thursday, April 2nd 2026, 12:10:56 pm -04:00","Thursday, April 30th 2026, 10:31:29 am -04:00","","","Sharlene Nguy","Flyer Management Queue","hidden","Merchant Information Database","[86e0q1cy4]","[https://app.clickup.com/t/86e0q1cy4]","","[Merchant Information Database]","[]","","","","","","499 hours",,0,"","Grocery","Rushia Fernandes","","","https://fadmin.flippback.com/merchants/3518/dashboard","https://fadmin.flippback.com/merchants/3518/ftp_files","---Merchant---","","","[Rachel Bruinsma, hammna]","Rachel Kyryliuk","3518","https://docs.google.com/document/d/1ZeNKhVL9z3J8qOU0VQB08H0i7WgFElBXnM59dBYtHQY/edit?usp=sharing","","","Longtail"
"Task","86e0q1cy4","Vince's Market","86e0q1cza","Vince's Market","https://app.clickup.com/t/86e0q1cza","active merchants","
","[]","none","",0,0,"","","Thursday, April 2nd 2026, 12:10:54 pm -04:00","Friday, April 17th 2026, 5:07:31 pm -04:00","","","Sharlene Nguy","Flyer Management Queue","hidden","Merchant Information Database","[]","[]","","[Merchant Information Database]","[]","","","","","40m","499 hours",,0,"6","Grocery","Rushia Fernandes","","","https://fadmin.flippback.com/merchants/3518/dashboard","https://fadmin.flippback.com/merchants/3518/ftp_files","Bi-Weekly","https://docs.google.com/document/d/11LxzqB4BS95hFTC1XuXxtGRd4_Q0oLUPSfOfvkwotek/edit","3757","[Rachel Bruinsma, hammna]","Rachel Kyryliuk","3518","https://docs.google.com/document/d/1ZeNKhVL9z3J8qOU0VQB08H0i7WgFElBXnM59dBYtHQY/edit?usp=sharing","","","Longtail"
"Retailer","86e0q1cng","Vistek",,"","","active merchants","
","[]","none","",0,0,"","","Thursday, April 2nd 2026, 12:10:38 pm -04:00","Thursday, April 30th 2026, 10:31:29 am -04:00","","","Sharlene Nguy","Flyer Management Queue","hidden","Merchant Information Database","[86e0q1cn3]","[https://app.clickup.com/t/86e0q1cn3]","","[Merchant Information Database]","[]","","","","","","499 hours",,0,"","Electronics","Rushia Fernandes","[Rushia Fernandes]","","https://fadmin.flippback.com/merchants/254/dashboard","https://fadmin.flippback.com/merchants/254/ftp_files","---Merchant---","","","[Megan Kernaghan]","Megan Kernaghan","254","https://docs.google.com/document/d/1BUF97VUpf0wha4MiQIhF0vwhz-3isVbcdJRLlS78f6g/edit?tab=t.0#heading=h.y2dgj7b691i1","","","Longtail"
"Task","86e0q1cn3","Vistek","86e0q1cng","Vistek","https://app.clickup.com/t/86e0q1cng","active merchants","
","[]","none","",0,0,"","","Thursday, April 2nd 2026, 12:10:37 pm -04:00","Thursday, May 7th 2026, 3:22:21 pm -04:00","","","Sharlene Nguy","Flyer Management Queue","hidden","Merchant Information Database","[]","[]","","[Merchant Information Database]","[]","","","","","1h","21 hours",,0,"5","Electronics","Rushia Fernandes","[Rushia Fernandes]","","https://fadmin.flippback.com/merchants/254/dashboard","https://fadmin.flippback.com/merchants/254/ftp_files","Ad-Hoc","https://docs.google.com/document/d/1q1VRbCQ7sAipF7P4zszjnI3w7rzldrSfJ-idPXrSP5g","68","[Megan Kernaghan]","Megan Kernaghan","254","https://docs.google.com/document/d/1BUF97VUpf0wha4MiQIhF0vwhz-3isVbcdJRLlS78f6g/edit?tab=t.0#heading=h.y2dgj7b691i1","","","Longtail"
"Retailer","86dyk9dgq","Winn-Dixie",,"","","active merchants","
","[]","none","",0,0,"","","Wednesday, November 26th 2025, 1:49:26 pm -05:00","Thursday, March 12th 2026, 1:52:34 pm -04:00","","","Matt Smith","Flyer Management Queue","hidden","Merchant Information Database","[86dzxu2kw, 86dzxu2z1, 86dzxu37u]","[https://app.clickup.com/t/86dzxu2kw, https://app.clickup.com/t/86dzxu2z1, https://app.clickup.com/t/86dzxu37u]","","[Merchant Information Database]","[]","","","","","","1770 hours",,0,"","Grocery","Marion Kang","[Marion Kang]","","https://fadmin.flippback.com/merchants/2415/dashboard","https://fadmin.flippback.com/merchants/2415/ftp_files","---Merchant---","","","[Marion Kang]","Jenna Toppan","2415","https://docs.google.com/document/d/10egXq3eXv6XOcZAGhu3z5IhxGtsS9GJlxyPVU8Jf8-w/edit","Southeastern Grocers (SEG)","","Core"
"Task","86dzxu2kw","Winn-Dixie - Weekly Circular","86dyk9dgq","Winn-Dixie","https://app.clickup.com/t/86dyk9dgq","active merchants","
","[]","none","",0,0,"","","Thursday, February 19th 2026, 5:20:03 pm -05:00","Thursday, April 16th 2026, 4:34:11 pm -04:00","","","Matt Smith","Flyer Management Queue","hidden","Merchant Information Database","[]","[]","","[Merchant Information Database]","[]","","","","","1h 50m","1770 hours",,0,"7","Grocery","Marion Kang","[Marion Kang]","","https://fadmin.flippback.com/merchants/2415/dashboard","https://fadmin.flippback.com/merchants/2415/ftp_files","Weekly","https://docs.google.com/document/d/1yCSsFhnwti1yKlPEruzxV87RWa7LCXKNXdeo9HbzgPQ/edit?tab=t.0","3099","[Marion Kang]","Jenna Toppan","2415","https://docs.google.com/document/d/10egXq3eXv6XOcZAGhu3z5IhxGtsS9GJlxyPVU8Jf8-w/edit","Southeastern Grocers (SEG)","","Core"
"Task","86dzxu2z1","Winn-Dixie - In-Store Flyer","86dyk9dgq","Winn-Dixie","https://app.clickup.com/t/86dyk9dgq","active merchants","
","[]","none"," ",1,0,"","","Thursday, February 19th 2026, 5:20:35 pm -05:00","Friday, May 1st 2026, 4:53:34 pm -04:00","","","Matt Smith","Flyer Management Queue","hidden","Merchant Information Database","[]","[]","","[Merchant Information Database]","[]","","","","","1h 50m","1770 hours",,0,"7","Grocery","Marion Kang","[Marion Kang]","1777668813780","https://fadmin.flippback.com/merchants/2415/dashboard","https://fadmin.flippback.com/merchants/2415/ftp_files","Bi-Weekly","https://docs.google.com/document/d/1yCSsFhnwti1yKlPEruzxV87RWa7LCXKNXdeo9HbzgPQ/edit?tab=t.0","3285","[Marion Kang]","Jenna Toppan","2415","https://docs.google.com/document/d/10egXq3eXv6XOcZAGhu3z5IhxGtsS9GJlxyPVU8Jf8-w/edit","Southeastern Grocers (SEG)","","Core"
"Task","86dzxu37u","Winn-Dixie - Alcohol Flyer","86dyk9dgq","Winn-Dixie","https://app.clickup.com/t/86dyk9dgq","active merchants","
","[]","none","",0,0,"","","Thursday, February 19th 2026, 5:21:03 pm -05:00","Thursday, April 16th 2026, 4:34:27 pm -04:00","","","Matt Smith","Flyer Management Queue","hidden","Merchant Information Database","[]","[]","","[Merchant Information Database]","[]","","","","","1h 50m","1770 hours",,0,"7","Grocery","Marion Kang","[Marion Kang]","","https://fadmin.flippback.com/merchants/2415/dashboard","https://fadmin.flippback.com/merchants/2415/ftp_files","Monthly","https://docs.google.com/document/d/1yCSsFhnwti1yKlPEruzxV87RWa7LCXKNXdeo9HbzgPQ/edit?tab=t.0","3284","[Marion Kang]","Jenna Toppan","2415","https://docs.google.com/document/d/10egXq3eXv6XOcZAGhu3z5IhxGtsS9GJlxyPVU8Jf8-w/edit","Southeastern Grocers (SEG)","","Core"