Task Type,Task ID,Task Name,Status,Task Content,Assignee,Priority,Latest Comment,Comment Count,Assigned Comment Count,Due Date,Start Date,Date Created,Date Updated,Date Closed,Date Done,Created By,Space,Folder,List,Subtask ID's,Subtask URL's,tags,Lists,Sprints,Linked Tasks,Linked Docs,Time Logged,Time Logged Rolled Up,Time Estimate,Time In Status,Points Estimate,Points Estimate Rolled Up,Ad-Hoc Capacity (number),Additional Comments (text),Assets Check Days (short text),Category (drop down),Context (labels),Coordinator (drop down),External Comms (Form Entry) (drop down),FADMIN Merchant Page (url),FQC (drop down),FQC (Form Entry) (drop down),FQC Capacity (number),FTP Path (url),Flyer Cadence (drop down),Flyer Review (drop down),Flyer Review Guide (url),Flyer Run (url),Flyer Type ID (short text),Focus (drop down),Lead (drop down),Lead (Form Entry) (short text),Merchant (drop down),Merchant ID (short text),Merchant Name (short text),OneGuide (url),Package (drop down),Page Swap Guide Audit (drop down),Page Swaps & Revisions (drop down),Page Swaps & Revisions (Form Entry) (drop down),Parent Banner (drop down),Preview Days (short text),Processor (Form Entry) (short text),Requester Name (short text),Retailer (drop down),Retailer Info (labels),Segment (drop down),Tier (drop down),Total Capacity Owned (formula),Upload (drop down),Upload (Form Entry) (drop down),Upload Capacity (number),⚡ Create New Run Task on PS Board (button),👀 Off-App Check (drop down),🗓 Scheduled Until (date)
Task,86dzp0zbv,Ace Liquor,active retailers,"
",[],none,,0,0,,,"Friday, February 6th 2026, 3:48:06 pm -05:00","Thursday, April 9th 2026, 10:40:44 am -04:00",,,Matt Smith,VSM - Processing Support,hidden,PS Retailer Hub,[],[],,"[PS Retailer Hub, My Fake Retailer Dashboard]",[],,,,,15h,1990 hours,,0,,,10,"Alcohol, Wine and Spirits",,Kayla Summerhayes,,https://fadmin.flippback.com/merchants/4371/dashboard,PS Eligible,,,https://fadmin.flippback.com/merchants/4371/ftp_files,Ad-Hoc,,,,11953,,Kayla Summerhayes,,,4371,,https://docs.google.com/document/d/17nMBtPybbsqOe0lGvrZ89HdiSL5OVIAL8weiJ81ZgZE/edit?tab=t.0,,,PS Eligible,,,,,,Ace Liquor,,Longtail,Longtail,,PS Eligible,,,1775745537862,,
Task,86dtu2p3m,Acme Fresh Market,active retailers,"NOT TO BE CONFUSED WITH ACME MARKETS (MID 2365)
Clay is both DOC and DOL (OBQB)

",[],none,,0,0,,,"Thursday, June 13th 2024, 6:20:46 pm -04:00","Friday, April 17th 2026, 10:01:58 am -04:00",,,Matt Smith,VSM - Processing Support,hidden,PS Retailer Hub,[],[],,[PS Retailer Hub],[],,,,,,16460 hours,,0,0,,16,Grocery,,Marion Kang,,https://fadmin.flippback.com/merchants/3535/dashboard,PS Eligible,,15,https://fadmin.flippback.com/merchants/3535/ftp_files,Weekly,,,,11727,,Alexandra Van Wissen,,,3535,,https://docs.google.com/document/d/1QL4dQjicbnqam0zqfX0Ez0nc4iAWKeqH1D4x5FChnKs/edit?tab=t.0#heading=h.y2dgj7b691i1,,,OPS,,,,,,Acme Fresh Market,,Core PLUS,3,30,PS Eligible,,15,,,"Monday, December 28th 2026"
Task,86dzp2ndr,Acme Markets,active retailers,"
",[],none,,0,0,,,"Friday, February 6th 2026, 4:56:31 pm -05:00","Thursday, April 16th 2026, 7:58:49 pm -04:00",,,Matt Smith,VSM - Processing Support,hidden,PS Retailer Hub,[],[],,[PS Retailer Hub],[],,,,,,1149 hours,,0,,,9,Grocery,,Annastiina Peltola,,https://fadmin.flippback.com/merchants/2365/dashboard,PS Eligible,,,https://fadmin.flippback.com/merchants/2365/ftp_files,Weekly,,,,8242,,Julia Burch,,,2365,,https://docs.google.com/document/d/183GtNwUcM9JLHJpxIRREZrJXAirNAP8ctKJ5I8aFeS8/edit#heading=h.y2dgj7b691i1,,,OPS,,ABSCo,6,,,,,Core PLUS,,,PS Eligible,,,,,
Task,86dzp2ne4,Acme Markets - BBS,active retailers,"
",[],none,,0,0,,,"Friday, February 6th 2026, 4:56:32 pm -05:00","Thursday, April 16th 2026, 7:58:52 pm -04:00",,,Matt Smith,VSM - Processing Support,hidden,PS Retailer Hub,[],[],,[PS Retailer Hub],[],,,,,,1149 hours,,0,,,10,Grocery,,Annastiina Peltola,,https://fadmin.flippback.com/merchants/2365/dashboard,PS Eligible,,,https://fadmin.flippback.com/merchants/2365/ftp_files,Ad-Hoc,,,,10650,,Julia Burch,,,2365,,https://docs.google.com/document/d/183GtNwUcM9JLHJpxIRREZrJXAirNAP8ctKJ5I8aFeS8/edit#heading=h.y2dgj7b691i4,,,OPS,,ABSCo,7,,,,,Core PLUS,,,PS Eligible,,,,,
Task,86dzp2ne5,Acme Markets - Entertaining Guide,active retailers,"
",[],none,,0,0,,,"Friday, February 6th 2026, 4:56:32 pm -05:00","Thursday, April 16th 2026, 7:58:54 pm -04:00",,,Matt Smith,VSM - Processing Support,hidden,PS Retailer Hub,[],[],,[PS Retailer Hub],[],,,,,,1149 hours,,0,,,3,Grocery,,Annastiina Peltola,,https://fadmin.flippback.com/merchants/2365/dashboard,PS Eligible,,,https://fadmin.flippback.com/merchants/2365/ftp_files,Ad-Hoc,,,,10964,,Julia Burch,,,2365,,https://docs.google.com/document/d/183GtNwUcM9JLHJpxIRREZrJXAirNAP8ctKJ5I8aFeS8/edit#heading=h.y2dgj7b691i5,,,OPS,,ABSCo,1,,,,,Core PLUS,,,PS Eligible,,,,,
Task,86dzp2ndq,Acme Markets - GMI,active retailers,"
",[],none,,0,0,,,"Friday, February 6th 2026, 4:56:31 pm -05:00","Thursday, April 16th 2026, 7:59:00 pm -04:00",,,Matt Smith,VSM - Processing Support,hidden,PS Retailer Hub,[],[],,[PS Retailer Hub],[],,,,,,1149 hours,,0,,,10,Grocery,,Annastiina Peltola,,https://fadmin.flippback.com/merchants/2365/dashboard,PS Eligible,,,https://fadmin.flippback.com/merchants/2365/ftp_files,Ad-Hoc,,,,11455,,Julia Burch,,,2365,,https://docs.google.com/document/d/183GtNwUcM9JLHJpxIRREZrJXAirNAP8ctKJ5I8aFeS8/edit#heading=h.y2dgj7b691i3,,,OPS,,ABSCo,7,,,,,Core PLUS,,,PS Eligible,,,,,
Task,86dzp2ndp,Acme Markets - SP,active retailers,"
",[],none,,0,0,,,"Friday, February 6th 2026, 4:56:31 pm -05:00","Thursday, April 16th 2026, 7:59:03 pm -04:00",,,Matt Smith,VSM - Processing Support,hidden,PS Retailer Hub,[],[],,[PS Retailer Hub],[],,,,,,1149 hours,,0,,,10,Grocery,,Annastiina Peltola,,https://fadmin.flippback.com/merchants/2365/dashboard,PS Eligible,,,https://fadmin.flippback.com/merchants/2365/ftp_files,Ad-Hoc,,,,11718,,Julia Burch,,,2365,,https://docs.google.com/document/d/183GtNwUcM9JLHJpxIRREZrJXAirNAP8ctKJ5I8aFeS8/edit#heading=h.y2dgj7b691i2,,,OPS,,ABSCo,7,,,,,Core PLUS,,,PS Eligible,,,,,
Task,86dtu2p3t,Alaska Commercial,active retailers,,[Katelyn Cookson],none,,0,0,,,"Thursday, June 13th 2024, 6:20:47 pm -04:00","Wednesday, April 15th 2026, 4:28:08 pm -04:00",,,Matt Smith,VSM - Processing Support,hidden,PS Retailer Hub,[],[],,[PS Retailer Hub],[],,,,,,16460 hours,,0,0,,5,[Brand],,Marion Kang,,https://fadmin.flippback.com/merchants/4839/dashboard,PS Eligible,,5,https://fadmin.flippback.com/merchants/4839/ftp_files,Weekly,,,,6437,,Megan Kernaghan,,,4839,,https://docs.google.com/document/d/1TF9Y76uIwFGCAel6X5d_RgzhFQPW5ZPnJ9Ah3u064Gw/edit?tab=t.0#heading=h.8x9r5jyflh1t,,,OPS,,,,,,Alaska Commercial,,Longtail,3,25,PS Eligible,,20,,,"Tuesday, December 30th 2025"
Task,86dzp2nem,Albertsons - Denver - BBS,active retailers,"
",[],none,,0,0,,,"Friday, February 6th 2026, 4:56:33 pm -05:00","Thursday, April 16th 2026, 7:59:21 pm -04:00",,,Matt Smith,VSM - Processing Support,hidden,PS Retailer Hub,[],[],,[PS Retailer Hub],[],,,,,,1149 hours,,0,,,7,Grocery,,Annastiina Peltola,,https://fadmin.flippback.com/merchants/5661/dashboard,PS Eligible,,,https://fadmin.flippback.com/merchants/5661/ftp_files,Ad-Hoc,,,,10636,,Julia Burch,,,5661,,https://docs.google.com/document/d/183GtNwUcM9JLHJpxIRREZrJXAirNAP8ctKJ5I8aFeS8/edit#heading=h.y2dgj7b691i4,,,OPS,,ABSCo,4,,,,,Core PLUS,,,PS Eligible,,,,,
Task,86dzp2nf0,Albertsons - Denver - Entertaining Guide,active retailers,"
",[],none,,0,0,,,"Friday, February 6th 2026, 4:56:34 pm -05:00","Thursday, April 16th 2026, 7:59:23 pm -04:00",,,Matt Smith,VSM - Processing Support,hidden,PS Retailer Hub,[],[],,[PS Retailer Hub],[],,,,,,1149 hours,,0,,,3,Grocery,,Annastiina Peltola,,https://fadmin.flippback.com/merchants/5661/dashboard,PS Eligible,,,https://fadmin.flippback.com/merchants/5661/ftp_files,Ad-Hoc,,,,10935,,Julia Burch,,,5661,,https://docs.google.com/document/d/183GtNwUcM9JLHJpxIRREZrJXAirNAP8ctKJ5I8aFeS8/edit#heading=h.y2dgj7b691i5,,,OPS,,ABSCo,1,,,,,Core PLUS,,,PS Eligible,,,,,
Task,86dzp2neg,Albertsons - Denver - GMI,active retailers,"
",[],none,,0,0,,,"Friday, February 6th 2026, 4:56:33 pm -05:00","Thursday, April 9th 2026, 10:40:44 am -04:00",,,Matt Smith,VSM - Processing Support,hidden,PS Retailer Hub,[],[],,[PS Retailer Hub],[],,,,,,1149 hours,,0,,,8,Grocery,,Annastiina Peltola,,https://fadmin.flippback.com/merchants/5661/dashboard,PS Eligible,,,https://fadmin.flippback.com/merchants/5661/ftp_files,Ad-Hoc,,,,11456,,Julia Burch,,,5661,,https://docs.google.com/document/d/183GtNwUcM9JLHJpxIRREZrJXAirNAP8ctKJ5I8aFeS8/edit#heading=h.y2dgj7b691i3,,,OPS,,ABSCo,5,,,,,Core PLUS,,,PS Eligible,,,,,
Task,86dzp2nee,Albertsons - Denver - SP,active retailers,"
",[],none,,0,0,,,"Friday, February 6th 2026, 4:56:33 pm -05:00","Thursday, April 9th 2026, 10:40:44 am -04:00",,,Matt Smith,VSM - Processing Support,hidden,PS Retailer Hub,[],[],,[PS Retailer Hub],[],,,,,,1149 hours,,0,,,8,Grocery,,Annastiina Peltola,,https://fadmin.flippback.com/merchants/5661/dashboard,PS Eligible,,,https://fadmin.flippback.com/merchants/5661/ftp_files,Ad-Hoc,,,,10807,,Julia Burch,,,5661,,https://docs.google.com/document/d/183GtNwUcM9JLHJpxIRREZrJXAirNAP8ctKJ5I8aFeS8/edit#heading=h.y2dgj7b691i2,,,OPS,,ABSCo,5,,,,,Core PLUS,,,PS Eligible,,,,,
Task,86dzp2nfj,Albertsons - Intermountain - BBS,active retailers,"
",[],none,,0,0,,,"Friday, February 6th 2026, 4:56:36 pm -05:00","Thursday, April 9th 2026, 10:40:44 am -04:00",,,Matt Smith,VSM - Processing Support,hidden,PS Retailer Hub,[],[],,[PS Retailer Hub],[],,,,,,1149 hours,,0,,,7,Grocery,,Rushia Fernandes,,https://fadmin.flippback.com/merchants/5661/dashboard,PS Eligible,,,https://fadmin.flippback.com/merchants/5661/ftp_files,Ad-Hoc,,,,10799,,Julia Burch,,,5661,,https://docs.google.com/document/d/183GtNwUcM9JLHJpxIRREZrJXAirNAP8ctKJ5I8aFeS8/edit#heading=h.y2dgj7b691i3,,,OPS,,ABSCo,4,,,,,Core PLUS,,,PS Eligible,,,,,
Task,86dzp2nft,Albertsons - Intermountain - EG,active retailers,"
",[],none,,0,0,,,"Friday, February 6th 2026, 4:56:36 pm -05:00","Thursday, April 9th 2026, 10:40:44 am -04:00",,,Matt Smith,VSM - Processing Support,hidden,PS Retailer Hub,[],[],,[PS Retailer Hub],[],,,,,,1149 hours,,0,,,3,Grocery,,Rushia Fernandes,,https://fadmin.flippback.com/merchants/5661/dashboard,PS Eligible,,,https://fadmin.flippback.com/merchants/5661/ftp_files,Ad-Hoc,,,,11166,,Julia Burch,,,5661,,https://docs.google.com/document/d/183GtNwUcM9JLHJpxIRREZrJXAirNAP8ctKJ5I8aFeS8/edit#heading=h.y2dgj7b691i5,,,OPS,,ABSCo,1,,,,,Core PLUS,,,PS Eligible,,,,,
Task,86dzp2nfk,Albertsons - Intermountain - GMI,active retailers,"
",[],none,,0,0,,,"Friday, February 6th 2026, 4:56:36 pm -05:00","Thursday, April 9th 2026, 10:40:44 am -04:00",,,Matt Smith,VSM - Processing Support,hidden,PS Retailer Hub,[],[],,[PS Retailer Hub],[],,,,,,1149 hours,,0,,,7,Grocery,,Rushia Fernandes,,https://fadmin.flippback.com/merchants/5661/dashboard,PS Eligible,,,https://fadmin.flippback.com/merchants/5661/ftp_files,Ad-Hoc,,,,11457,,Julia Burch,,,5661,,https://docs.google.com/document/d/183GtNwUcM9JLHJpxIRREZrJXAirNAP8ctKJ5I8aFeS8/edit#heading=h.y2dgj7b691i4,,,OPS,,ABSCo,4,,,,,Core PLUS,,,PS Eligible,,,,,
Task,86dzp2nf7,Albertsons - Intermountain - SP,active retailers,"
",[],none,,0,0,,,"Friday, February 6th 2026, 4:56:35 pm -05:00","Thursday, April 9th 2026, 10:40:44 am -04:00",,,Matt Smith,VSM - Processing Support,hidden,PS Retailer Hub,[],[],,[PS Retailer Hub],[],,,,,,1149 hours,,0,,,7,Grocery,,Rushia Fernandes,,https://fadmin.flippback.com/merchants/5661/dashboard,PS Eligible,,,https://fadmin.flippback.com/merchants/5661/ftp_files,Ad-Hoc,,,,10798,,Julia Burch,,,5661,,https://docs.google.com/document/d/183GtNwUcM9JLHJpxIRREZrJXAirNAP8ctKJ5I8aFeS8/edit#heading=h.y2dgj7b691i2,,,OPS,,ABSCo,4,,,,,Core PLUS,,,PS Eligible,,,,,
Task,86dzp2ngy,Albertsons - Portland - BBS,active retailers,"
",[],none,,0,0,,,"Friday, February 6th 2026, 4:56:38 pm -05:00","Thursday, April 9th 2026, 10:40:44 am -04:00",,,Matt Smith,VSM - Processing Support,hidden,PS Retailer Hub,[],[],,[PS Retailer Hub],[],,,,,,1149 hours,,0,,,7,Grocery,,Annastiina Peltola,,https://fadmin.flippback.com/merchants/5661/dashboard,PS Eligible,,,https://fadmin.flippback.com/merchants/5661/ftp_files,Ad-Hoc,,,,10637,,Julia Burch,,,5661,,https://docs.google.com/document/d/183GtNwUcM9JLHJpxIRREZrJXAirNAP8ctKJ5I8aFeS8/edit#heading=h.y2dgj7b691i4,,,OPS,,ABSCo,4,,,,,Core PLUS,,,PS Eligible,,,,,
Task,86dzp2nh2,Albertsons - Portland - EG,active retailers,"
",[],none,,0,0,,,"Friday, February 6th 2026, 4:56:38 pm -05:00","Thursday, April 9th 2026, 10:40:44 am -04:00",,,Matt Smith,VSM - Processing Support,hidden,PS Retailer Hub,[],[],,[PS Retailer Hub],[],,,,,,1149 hours,,0,,,3,Grocery,,Annastiina Peltola,,https://fadmin.flippback.com/merchants/5661/dashboard,PS Eligible,,,https://fadmin.flippback.com/merchants/5661/ftp_files,Ad-Hoc,,,,11161,,Julia Burch,,,5661,,https://docs.google.com/document/d/183GtNwUcM9JLHJpxIRREZrJXAirNAP8ctKJ5I8aFeS8/edit#heading=h.y2dgj7b691i5,,,OPS,,ABSCo,1,,,,,Core PLUS,,,PS Eligible,,,,,
Task,86dzp2ngt,Albertsons - Portland - GMI,active retailers,"
",[],none,,0,0,,,"Friday, February 6th 2026, 4:56:37 pm -05:00","Thursday, April 9th 2026, 10:40:44 am -04:00",,,Matt Smith,VSM - Processing Support,hidden,PS Retailer Hub,[],[],,[PS Retailer Hub],[],,,,,,1149 hours,,0,,,7,Grocery,,Annastiina Peltola,,https://fadmin.flippback.com/merchants/5661/dashboard,PS Eligible,,,https://fadmin.flippback.com/merchants/5661/ftp_files,Ad-Hoc,,,,11458,,Julia Burch,,,5661,,https://docs.google.com/document/d/183GtNwUcM9JLHJpxIRREZrJXAirNAP8ctKJ5I8aFeS8/edit#heading=h.y2dgj7b691i3,,,OPS,,ABSCo,4,,,,,Core PLUS,,,PS Eligible,,,,,
Task,86dzp2ngf,Albertsons - Portland - SP,active retailers,"
",[],none,,0,0,,,"Friday, February 6th 2026, 4:56:37 pm -05:00","Thursday, April 9th 2026, 10:40:44 am -04:00",,,Matt Smith,VSM - Processing Support,hidden,PS Retailer Hub,[],[],,[PS Retailer Hub],[],,,,,,1149 hours,,0,,,8,Grocery,,Annastiina Peltola,,https://fadmin.flippback.com/merchants/5661/dashboard,PS Eligible,,,https://fadmin.flippback.com/merchants/5661/ftp_files,Ad-Hoc,,,,10946,,Julia Burch,,,5661,,https://docs.google.com/document/d/183GtNwUcM9JLHJpxIRREZrJXAirNAP8ctKJ5I8aFeS8/edit#heading=h.y2dgj7b691i2,,,OPS,,ABSCo,5,,,,,Core PLUS,,,PS Eligible,,,,,
Task,86dzp2nhm,Albertsons - Seattle - BBS,active retailers,"
",[],none,,0,0,,,"Friday, February 6th 2026, 4:56:40 pm -05:00","Thursday, April 9th 2026, 10:40:44 am -04:00",,,Matt Smith,VSM - Processing Support,hidden,PS Retailer Hub,[],[],,[PS Retailer Hub],[],,,,,,1149 hours,,0,,,7,Grocery,,Ebony Powell,,https://fadmin.flippback.com/merchants/5661/dashboard,PS Eligible,,,https://fadmin.flippback.com/merchants/5661/ftp_files,Ad-Hoc,,,,10638,,Julia Burch,,,5661,,https://docs.google.com/document/d/183GtNwUcM9JLHJpxIRREZrJXAirNAP8ctKJ5I8aFeS8/edit#heading=h.y2dgj7b691i3,,,OPS,,ABSCo,4,,,,,Core PLUS,,,PS Eligible,,,,,
Task,86dzp2nhq,Albertsons - Seattle - EG,active retailers,"
",[],none,,0,0,,,"Friday, February 6th 2026, 4:56:40 pm -05:00","Thursday, April 9th 2026, 10:40:44 am -04:00",,,Matt Smith,VSM - Processing Support,hidden,PS Retailer Hub,[],[],,[PS Retailer Hub],[],,,,,,1149 hours,,0,,,3,Grocery,,Ebony Powell,,https://fadmin.flippback.com/merchants/5661/dashboard,PS Eligible,,,https://fadmin.flippback.com/merchants/5661/ftp_files,Ad-Hoc,,,,10979,,Julia Burch,,,5661,,https://docs.google.com/document/d/183GtNwUcM9JLHJpxIRREZrJXAirNAP8ctKJ5I8aFeS8/edit#heading=h.y2dgj7b691i4,,,OPS,,ABSCo,1,,,,,Core PLUS,,,PS Eligible,,,,,
Task,86dzp2nhd,Albertsons - Seattle - GMI,active retailers,"
",[],none,,0,0,,,"Friday, February 6th 2026, 4:56:39 pm -05:00","Thursday, April 9th 2026, 10:40:44 am -04:00",,,Matt Smith,VSM - Processing Support,hidden,PS Retailer Hub,[],[],,[PS Retailer Hub],[],,,,,,1149 hours,,0,,,7,Grocery,,Ebony Powell,,https://fadmin.flippback.com/merchants/5661/dashboard,PS Eligible,,,https://fadmin.flippback.com/merchants/5661/ftp_files,Ad-Hoc,,,,11459,,Julia Burch,,,5661,,https://docs.google.com/document/d/183GtNwUcM9JLHJpxIRREZrJXAirNAP8ctKJ5I8aFeS8/edit#heading=h.y2dgj7b691i2,,,OPS,,ABSCo,4,,,,,Core PLUS,,,PS Eligible,,,,,
Task,86dzp2nje,Albertsons - SoCal - BBS,active retailers,"
",[],none,,0,0,,,"Friday, February 6th 2026, 4:56:42 pm -05:00","Thursday, April 9th 2026, 10:40:44 am -04:00",,,Matt Smith,VSM - Processing Support,hidden,PS Retailer Hub,[],[],,[PS Retailer Hub],[],,,,,,1149 hours,,0,,,8,Grocery,,Annastiina Peltola,,https://fadmin.flippback.com/merchants/5664/dashboard,PS Eligible,,,https://fadmin.flippback.com/merchants/5664/ftp_files,Ad-Hoc,,,,10635,,Julia Burch,,,5664,,https://docs.google.com/document/d/183GtNwUcM9JLHJpxIRREZrJXAirNAP8ctKJ5I8aFeS8/edit#heading=h.y2dgj7b691i4,,,OPS,,ABSCo,5,,,,,Core PLUS,,,PS Eligible,,,,,
Task,86dzp2njp,Albertsons - SoCal - EG,active retailers,"
",[],none,,0,0,,,"Friday, February 6th 2026, 4:56:42 pm -05:00","Thursday, April 9th 2026, 10:40:44 am -04:00",,,Matt Smith,VSM - Processing Support,hidden,PS Retailer Hub,[],[],,[PS Retailer Hub],[],,,,,,1149 hours,,0,,,3,Grocery,,Annastiina Peltola,,https://fadmin.flippback.com/merchants/5665/dashboard,PS Eligible,,,https://fadmin.flippback.com/merchants/5665/ftp_files,Ad-Hoc,,,,11035,,Julia Burch,,,5665,,https://docs.google.com/document/d/183GtNwUcM9JLHJpxIRREZrJXAirNAP8ctKJ5I8aFeS8/edit#heading=h.y2dgj7b691i5,,,OPS,,ABSCo,1,,,,,Core PLUS,,,PS Eligible,,,,,
Task,86dzp2nja,Albertsons - SoCal - GMI,active retailers,"
",[],none,,0,0,,,"Friday, February 6th 2026, 4:56:41 pm -05:00","Thursday, April 9th 2026, 10:40:44 am -04:00",,,Matt Smith,VSM - Processing Support,hidden,PS Retailer Hub,[],[],,[PS Retailer Hub],[],,,,,,1149 hours,,0,,,7,Grocery,,Annastiina Peltola,,https://fadmin.flippback.com/merchants/5663/dashboard,PS Eligible,,,https://fadmin.flippback.com/merchants/5663/ftp_files,Ad-Hoc,,,,11460,,Julia Burch,,,5663,,https://docs.google.com/document/d/183GtNwUcM9JLHJpxIRREZrJXAirNAP8ctKJ5I8aFeS8/edit#heading=h.y2dgj7b691i3,,,OPS,,ABSCo,4,,,,,Core PLUS,,,PS Eligible,,,,,
Task,86dzp2nj4,Albertsons - SoCal - SP,active retailers,"
",[],none,,0,0,,,"Friday, February 6th 2026, 4:56:41 pm -05:00","Thursday, April 9th 2026, 10:40:44 am -04:00",,,Matt Smith,VSM - Processing Support,hidden,PS Retailer Hub,[],[],,[PS Retailer Hub],[],,,,,,1149 hours,,0,,,8,Grocery,,Annastiina Peltola,,https://fadmin.flippback.com/merchants/5662/dashboard,PS Eligible,,,https://fadmin.flippback.com/merchants/5662/ftp_files,Ad-Hoc,,,,10851,,Julia Burch,,,5662,,https://docs.google.com/document/d/183GtNwUcM9JLHJpxIRREZrJXAirNAP8ctKJ5I8aFeS8/edit#heading=h.y2dgj7b691i2,,,OPS,,ABSCo,5,,,,,Core PLUS,,,PS Eligible,,,,,
Task,86dzp2nkd,Albertsons - Southern - BBS,active retailers,"
",[],none,,0,0,,,"Friday, February 6th 2026, 4:56:44 pm -05:00","Thursday, April 9th 2026, 10:40:44 am -04:00",,,Matt Smith,VSM - Processing Support,hidden,PS Retailer Hub,[],[],,[PS Retailer Hub],[],,,,,,1149 hours,,0,,,7,Grocery,,Rushia Fernandes,,https://fadmin.flippback.com/merchants/5664/dashboard,PS Eligible,,,https://fadmin.flippback.com/merchants/5664/ftp_files,Ad-Hoc,,,,10639,,Julia Burch,,,5664,,https://docs.google.com/document/d/183GtNwUcM9JLHJpxIRREZrJXAirNAP8ctKJ5I8aFeS8/edit#heading=h.y2dgj7b691i4,,,OPS,,ABSCo,4,,,,,Core PLUS,,,PS Eligible,,,,,
Task,86dzp2nkg,Albertsons - Southern - EG,active retailers,"
",[],none,,0,0,,,"Friday, February 6th 2026, 4:56:44 pm -05:00","Thursday, April 9th 2026, 10:40:44 am -04:00",,,Matt Smith,VSM - Processing Support,hidden,PS Retailer Hub,[],[],,[PS Retailer Hub],[],,,,,,1149 hours,,0,,,3,Grocery,,Rushia Fernandes,,https://fadmin.flippback.com/merchants/5665/dashboard,PS Eligible,,,https://fadmin.flippback.com/merchants/5665/ftp_files,Ad-Hoc,,,,10936,,Julia Burch,,,5665,,https://docs.google.com/document/d/183GtNwUcM9JLHJpxIRREZrJXAirNAP8ctKJ5I8aFeS8/edit#heading=h.y2dgj7b691i5,,,OPS,,ABSCo,1,,,,,Core PLUS,,,PS Eligible,,,,,
Task,86dzp2nk8,Albertsons - Southern - GMI,active retailers,"
",[],none,,0,0,,,"Friday, February 6th 2026, 4:56:44 pm -05:00","Thursday, April 9th 2026, 10:40:44 am -04:00",,,Matt Smith,VSM - Processing Support,hidden,PS Retailer Hub,[],[],,[PS Retailer Hub],[],,,,,,1149 hours,,0,,,7,Grocery,,Rushia Fernandes,,https://fadmin.flippback.com/merchants/5663/dashboard,PS Eligible,,,https://fadmin.flippback.com/merchants/5663/ftp_files,Ad-Hoc,,,,11461,,Julia Burch,,,5663,,https://docs.google.com/document/d/183GtNwUcM9JLHJpxIRREZrJXAirNAP8ctKJ5I8aFeS8/edit#heading=h.y2dgj7b691i3,,,OPS,,ABSCo,3,,,,,Core PLUS,,,PS Eligible,,,,,
Task,86dzp2nk1,Albertsons - Southern - SP,active retailers,"
",[],none,,0,0,,,"Friday, February 6th 2026, 4:56:43 pm -05:00","Thursday, April 9th 2026, 10:40:44 am -04:00",,,Matt Smith,VSM - Processing Support,hidden,PS Retailer Hub,[],[],,[PS Retailer Hub],[],,,,,,1149 hours,,0,,,8,Grocery,,Rushia Fernandes,,https://fadmin.flippback.com/merchants/5662/dashboard,PS Eligible,,,https://fadmin.flippback.com/merchants/5662/ftp_files,Ad-Hoc,,,,11706,,Julia Burch,,,5662,,https://docs.google.com/document/d/183GtNwUcM9JLHJpxIRREZrJXAirNAP8ctKJ5I8aFeS8/edit#heading=h.y2dgj7b691i2,,,OPS,,ABSCo,5,,,,,Core PLUS,,,PS Eligible,,,,,
Task,86dzp2nmk,Albertsons - Southwest - BBS,active retailers,"
",[],none,,0,0,,,"Friday, February 6th 2026, 4:56:46 pm -05:00","Thursday, April 9th 2026, 10:40:44 am -04:00",,,Matt Smith,VSM - Processing Support,hidden,PS Retailer Hub,[],[],,[PS Retailer Hub],[],,,,,,1149 hours,,0,,,8,Grocery,,Annastiina Peltola,,https://fadmin.flippback.com/merchants/5661/dashboard,PS Eligible,,,https://fadmin.flippback.com/merchants/5661/ftp_files,Ad-Hoc,,,,10640,,Julia Burch,,,5661,,https://docs.google.com/document/d/183GtNwUcM9JLHJpxIRREZrJXAirNAP8ctKJ5I8aFeS8/edit#heading=h.y2dgj7b691i4,,,OPS,,ABSCo,5,,,,,Core PLUS,,,PS Eligible,,,,,
Task,86dzp2nmm,Albertsons - Southwest - EG,active retailers,"
",[],none,,0,0,,,"Friday, February 6th 2026, 4:56:46 pm -05:00","Thursday, April 9th 2026, 10:40:44 am -04:00",,,Matt Smith,VSM - Processing Support,hidden,PS Retailer Hub,[],[],,[PS Retailer Hub],[],,,,,,1149 hours,,0,,,3,Grocery,,Annastiina Peltola,,https://fadmin.flippback.com/merchants/5661/dashboard,PS Eligible,,,https://fadmin.flippback.com/merchants/5661/ftp_files,Ad-Hoc,,,,11647,,Julia Burch,,,5661,,https://docs.google.com/document/d/183GtNwUcM9JLHJpxIRREZrJXAirNAP8ctKJ5I8aFeS8/edit#heading=h.y2dgj7b691i5,,,OPS,,ABSCo,1,,,,,Core PLUS,,,PS Eligible,,,,,
Task,86dzp2nm5,Albertsons - Southwest - GMI,active retailers,"
",[],none,,0,0,,,"Friday, February 6th 2026, 4:56:46 pm -05:00","Thursday, April 9th 2026, 10:40:44 am -04:00",,,Matt Smith,VSM - Processing Support,hidden,PS Retailer Hub,[],[],,[PS Retailer Hub],[],,,,,,1149 hours,,0,,,7,Grocery,,Annastiina Peltola,,https://fadmin.flippback.com/merchants/5661/dashboard,PS Eligible,,,https://fadmin.flippback.com/merchants/5661/ftp_files,Ad-Hoc,,,,11462,,Julia Burch,,,5661,,https://docs.google.com/document/d/183GtNwUcM9JLHJpxIRREZrJXAirNAP8ctKJ5I8aFeS8/edit#heading=h.y2dgj7b691i3,,,OPS,,ABSCo,3,,,,,Core PLUS,,,PS Eligible,,,,,
Task,86dzp2nm2,Albertsons - Southwest - SP,active retailers,"
",[],none,,0,0,,,"Friday, February 6th 2026, 4:56:45 pm -05:00","Thursday, April 9th 2026, 10:40:44 am -04:00",,,Matt Smith,VSM - Processing Support,hidden,PS Retailer Hub,[],[],,[PS Retailer Hub],[],,,,,,1149 hours,,0,,,8,Grocery,,Annastiina Peltola,,https://fadmin.flippback.com/merchants/5661/dashboard,PS Eligible,,,https://fadmin.flippback.com/merchants/5661/ftp_files,Ad-Hoc,,,,11711,,Julia Burch,,,5661,,https://docs.google.com/document/d/183GtNwUcM9JLHJpxIRREZrJXAirNAP8ctKJ5I8aFeS8/edit#heading=h.y2dgj7b691i2,,,OPS,,ABSCo,5,,,,,Core PLUS,,,PS Eligible,,,,,
Task,86dzp2ne8,Albertsons Denver,active retailers,"
",[],none,,0,0,,,"Friday, February 6th 2026, 4:56:32 pm -05:00","Thursday, April 9th 2026, 10:40:44 am -04:00",,,Matt Smith,VSM - Processing Support,hidden,PS Retailer Hub,[],[],,[PS Retailer Hub],[],,,,,,1149 hours,,0,,,7,Grocery,,Annastiina Peltola,,https://fadmin.flippback.com/merchants/5661/dashboard,PS Eligible,,,https://fadmin.flippback.com/merchants/5661/ftp_files,Weekly,,,,10451,,Julia Burch,,,5661,,https://docs.google.com/document/d/183GtNwUcM9JLHJpxIRREZrJXAirNAP8ctKJ5I8aFeS8/edit#heading=h.y2dgj7b691i1,,,OPS,,ABSCo,4,,,,,Core PLUS,,,PS Eligible,,,,,
Task,86dzp2nf3,Albertsons Intermountain,active retailers,"
",[],none,,0,0,,,"Friday, February 6th 2026, 4:56:34 pm -05:00","Thursday, April 9th 2026, 10:40:44 am -04:00",,,Matt Smith,VSM - Processing Support,hidden,PS Retailer Hub,[],[],,[PS Retailer Hub],[],,,,,,1149 hours,,0,,,7,Grocery,,Rushia Fernandes,,https://fadmin.flippback.com/merchants/5661/dashboard,PS Eligible,,,https://fadmin.flippback.com/merchants/5661/ftp_files,Weekly,,,,10452,,Julia Burch,,,5661,,https://docs.google.com/document/d/183GtNwUcM9JLHJpxIRREZrJXAirNAP8ctKJ5I8aFeS8/edit#heading=h.y2dgj7b691i1,,,OPS,,ABSCo,4,,,,,Core PLUS,,,PS Eligible,,,,,
Task,86dtu2q6x,Albertsons Market,active retailers,"All 4 merchants have one weekly ad delivered over 1 email (all share the same single codesheet).
Once the email comes in, Flex must forward the email 3 more times to create unique cards.
",[],none,,0,0,,,"Thursday, June 13th 2024, 6:25:04 pm -04:00","Thursday, April 9th 2026, 10:40:44 am -04:00",,,Matt Smith,VSM - Processing Support,hidden,PS Retailer Hub,[],[],,[PS Retailer Hub],[],,,,,,16460 hours,,0,5,,7,Grocery,,Ebony Powell,,https://fadmin.flippback.com/merchants/2740/dashboard,PS Eligible,,10,https://fadmin.flippback.com/merchants/2740/ftp_files,Weekly,,,,2759,,Julia Burch,,,2740,,https://docs.google.com/document/d/1l1GMsqQKNZWhsjFWMfGMejfaEhn_lkfJ6UkVerY54-c/edit?tab=t.0#heading=h.y2dgj7b691i1,,,OPS,,ABSCo,4,,,Albertsons Market,,Core PLUS,1,25,PS Eligible,,10,,,"Monday, February 22nd 2027"
Task,86dzp2nga,Albertsons Portland,active retailers,"
",[],none,,0,0,,,"Friday, February 6th 2026, 4:56:37 pm -05:00","Thursday, April 9th 2026, 10:40:44 am -04:00",,,Matt Smith,VSM - Processing Support,hidden,PS Retailer Hub,[],[],,[PS Retailer Hub],[],,,,,,1149 hours,,0,,,7,Grocery,,Annastiina Peltola,,https://fadmin.flippback.com/merchants/5661/dashboard,PS Eligible,,,https://fadmin.flippback.com/merchants/5661/ftp_files,Weekly,,,,10453,,Julia Burch,,,5661,,https://docs.google.com/document/d/183GtNwUcM9JLHJpxIRREZrJXAirNAP8ctKJ5I8aFeS8/edit#heading=h.y2dgj7b691i1,,,OPS,,ABSCo,4,,,,,Core PLUS,,,PS Eligible,,,,,
Task,86dzp2nh8,Albertsons Seattle,active retailers,"
",[],none,,0,0,,,"Friday, February 6th 2026, 4:56:39 pm -05:00","Thursday, April 9th 2026, 10:40:44 am -04:00",,,Matt Smith,VSM - Processing Support,hidden,PS Retailer Hub,[],[],,[PS Retailer Hub],[],,,,,,1149 hours,,0,,,7,Grocery,,Ebony Powell,,https://fadmin.flippback.com/merchants/5661/dashboard,PS Eligible,,,https://fadmin.flippback.com/merchants/5661/ftp_files,Weekly,,,,10454,,Julia Burch,,,5661,,https://docs.google.com/document/d/183GtNwUcM9JLHJpxIRREZrJXAirNAP8ctKJ5I8aFeS8/edit#heading=h.y2dgj7b691i1,,,OPS,,ABSCo,4,,,,,Core PLUS,,,PS Eligible,,,,,
Task,86dzp2nhu,Albertsons SoCal,active retailers,"
",[],none,,0,0,,,"Friday, February 6th 2026, 4:56:40 pm -05:00","Thursday, April 9th 2026, 10:40:44 am -04:00",,,Matt Smith,VSM - Processing Support,hidden,PS Retailer Hub,[],[],,[PS Retailer Hub],[],,,,,,1149 hours,,0,,,7,Grocery,,Annastiina Peltola,,https://fadmin.flippback.com/merchants/5661/dashboard,PS Eligible,,,https://fadmin.flippback.com/merchants/5661/ftp_files,Weekly,,,,8143,,Julia Burch,,,5661,,https://docs.google.com/document/d/183GtNwUcM9JLHJpxIRREZrJXAirNAP8ctKJ5I8aFeS8/edit#heading=h.y2dgj7b691i1,,,OPS,,ABSCo,4,,,,,Core PLUS,,,PS Eligible,,,,,
Task,86dzp2njy,Albertsons Southern,active retailers,"
",[],none,,0,0,,,"Friday, February 6th 2026, 4:56:43 pm -05:00","Thursday, April 9th 2026, 10:40:44 am -04:00",,,Matt Smith,VSM - Processing Support,hidden,PS Retailer Hub,[],[],,[PS Retailer Hub],[],,,,,,1149 hours,,0,,,7,Grocery,,Rushia Fernandes,,https://fadmin.flippback.com/merchants/5661/dashboard,PS Eligible,,,https://fadmin.flippback.com/merchants/5661/ftp_files,Weekly,,,,10455,,Julia Burch,,,5661,,https://docs.google.com/document/d/183GtNwUcM9JLHJpxIRREZrJXAirNAP8ctKJ5I8aFeS8/edit#heading=h.y2dgj7b691i1,,,OPS,,ABSCo,4,,,,,Core PLUS,,,PS Eligible,,,,,
Task,86dzp2nku,Albertsons Southwest,active retailers,"
",[],none,,0,0,,,"Friday, February 6th 2026, 4:56:45 pm -05:00","Thursday, April 9th 2026, 10:40:44 am -04:00",,,Matt Smith,VSM - Processing Support,hidden,PS Retailer Hub,[],[],,[PS Retailer Hub],[],,,,,,1149 hours,,0,,,7,Grocery,,Annastiina Peltola,,https://fadmin.flippback.com/merchants/5661/dashboard,PS Eligible,,,https://fadmin.flippback.com/merchants/5661/ftp_files,Weekly,,,,10456,,Julia Burch,,,5661,,https://docs.google.com/document/d/183GtNwUcM9JLHJpxIRREZrJXAirNAP8ctKJ5I8aFeS8/edit#heading=h.y2dgj7b691i1,,,OPS,,ABSCo,4,,,,,Core PLUS,,,PS Eligible,,,,,
Task,86dtu2p44,Alf Curtis,active retailers,"M1000 Account. Auto upload. (when it works)
",[],none,,0,0,,,"Thursday, June 13th 2024, 6:20:49 pm -04:00","Thursday, April 16th 2026, 9:39:23 am -04:00",,,Matt Smith,VSM - Processing Support,hidden,PS Retailer Hub,[],[],,[PS Retailer Hub],[],,,,,,16460 hours,,0,5,,,"Home Goods, Furniture & Appliances",,Marion Kang,,https://fadmin.flippback.com/merchants/5132/dashboard,PS Eligible,,5,https://fadmin.flippback.com/merchants/5132/ftp_files,Ad-Hoc,,,,6747,,SE,,,5132,,https://docs.google.com/document/d/1StNp8FYO2XhLYDtEDmnXG0sORDx40_SVvUSEySeUO4Y/edit?tab=t.0#heading=h.y2dgj7b691i1,,,OPS,,,,,,Alf Curtis,,Longtail,4,20,PS Eligible,,10,,,
Task,86dtu2q71,Amigos United,active retailers,"All 4 merchants have one weekly ad delivered over 1 email (all share the same single codesheet).
Once the email comes in, Flex must forward the email 3 more times to create unique cards.
",[],none,,0,0,,,"Thursday, June 13th 2024, 6:25:05 pm -04:00","Thursday, April 9th 2026, 10:40:44 am -04:00",,,Matt Smith,VSM - Processing Support,hidden,PS Retailer Hub,[],[],,[PS Retailer Hub],[],,,,,,16460 hours,,0,5,,7,Grocery,,Ebony Powell,,https://fadmin.flippback.com/merchants/5132/dashboard,PS Eligible,,10,https://fadmin.flippback.com/merchants/2495/ftp_files,Weekly,,,,2754,,Julia Burch,,,2495,,https://docs.google.com/document/d/11Tbgs2fk_tOUgMdo1ih70filQZ2JXsfJo9GJSW5iI1o/edit?tab=t.0#heading=h.y2dgj7b691i1,,,OPS,,ABSCo,4,,,Amigos United,,Core PLUS,1,25,PS Eligible,,10,,,"Tuesday, December 30th 2025"
Task,86dtu2p4h,ANBL,active retailers,"ensure valid dates are correct for individual items
check that item size/volumn is correct (mL/L)
",[],none,,0,0,,,"Thursday, June 13th 2024, 6:20:53 pm -04:00","Thursday, April 9th 2026, 10:40:44 am -04:00",,,Matt Smith,VSM - Processing Support,hidden,PS Retailer Hub,[],[],,[PS Retailer Hub],[],,,,,45m,16151 hours,,0,0,,7,"Alcohol, Wine and Spirits",,Marion Kang,,https://fadmin.flippback.com/merchants/3714/dashboard,PS Eligible,,40,https://fadmin.flippback.com/merchants/3714/ftp_files,Weekly,,,,9647,,Alexandra Van Wissen,,,3714,,https://docs.google.com/document/d/1NP9ABmUkrdWsU0gSzNKb5iB9slwnBKyppeWdOobxlcY/edit?tab=t.0#heading=h.y2dgj7b691i1,,,PS Eligible,,,,,,ANBL,,Longtail,3,50,PS Eligible,,10,,,
Task,86dzp2nmy,Andronico's Community Markets,active retailers,"
",[],none,,0,0,,,"Friday, February 6th 2026, 4:56:47 pm -05:00","Thursday, April 9th 2026, 10:40:44 am -04:00",,,Matt Smith,VSM - Processing Support,hidden,PS Retailer Hub,[],[],,[PS Retailer Hub],[],,,,,,1149 hours,,0,,,7,Grocery,,Annastiina Peltola,,https://fadmin.flippback.com/merchants/2668/dashboard,PS Eligible,,,https://fadmin.flippback.com/merchants/2668/ftp_files,Weekly,,,,8211,,Julia Burch,,,2668,,https://docs.google.com/document/d/183GtNwUcM9JLHJpxIRREZrJXAirNAP8ctKJ5I8aFeS8/edit#heading=h.y2dgj7b691i1,,,OPS,,ABSCo,4,,,,,Longtail,,,PS Eligible,,,,,
Task,86dzp2nnp,Andronicos Community Markets - EG,active retailers,"
",[],none,,0,0,,,"Friday, February 6th 2026, 4:56:49 pm -05:00","Thursday, April 9th 2026, 10:40:44 am -04:00",,,Matt Smith,VSM - Processing Support,hidden,PS Retailer Hub,[],[],,[PS Retailer Hub],[],,,,,,1149 hours,,0,,,3,Grocery,,Annastiina Peltola,,https://fadmin.flippback.com/merchants/2668/dashboard,PS Eligible,,,https://fadmin.flippback.com/merchants/2668/ftp_files,Ad-Hoc,,,,11039,,Julia Burch,,,2668,,https://docs.google.com/document/d/183GtNwUcM9JLHJpxIRREZrJXAirNAP8ctKJ5I8aFeS8/edit#heading=h.y2dgj7b691i4,,,OPS,,ABSCo,1,,,,,Longtail,,,PS Eligible,,,,,
Task,86dzp2nnj,Andronicos Community Markets - GMI,active retailers,"
",[],none,,0,0,,,"Friday, February 6th 2026, 4:56:48 pm -05:00","Thursday, April 9th 2026, 10:40:44 am -04:00",,,Matt Smith,VSM - Processing Support,hidden,PS Retailer Hub,[],[],,[PS Retailer Hub],[],,,,,,1149 hours,,0,,,7,Grocery,,Annastiina Peltola,,https://fadmin.flippback.com/merchants/2668/dashboard,PS Eligible,,,https://fadmin.flippback.com/merchants/2668/ftp_files,Ad-Hoc,,,,11463,,Julia Burch,,,2668,,https://docs.google.com/document/d/183GtNwUcM9JLHJpxIRREZrJXAirNAP8ctKJ5I8aFeS8/edit#heading=h.y2dgj7b691i3,,,OPS,,ABSCo,4,,,,,Longtail,,,PS Eligible,,,,,
Task,86dzp2nn6,Andronicos Community Markets - SP,active retailers,"
",[],none,,0,0,,,"Friday, February 6th 2026, 4:56:47 pm -05:00","Thursday, April 9th 2026, 10:40:44 am -04:00",,,Matt Smith,VSM - Processing Support,hidden,PS Retailer Hub,[],[],,[PS Retailer Hub],[],,,,,,1149 hours,,0,,,7,Grocery,,Annastiina Peltola,,https://fadmin.flippback.com/merchants/2668/dashboard,PS Eligible,,,https://fadmin.flippback.com/merchants/2668/ftp_files,Ad-Hoc,,,,10962,,Julia Burch,,,2668,,https://docs.google.com/document/d/183GtNwUcM9JLHJpxIRREZrJXAirNAP8ctKJ5I8aFeS8/edit#heading=h.y2dgj7b691i2,,,OPS,,ABSCo,4,,,,,Longtail,,,PS Eligible,,,,,
Task,86dzp2nnt,Andy's Quality Market,active retailers,"
",[],none,,0,0,,,"Friday, February 6th 2026, 4:56:49 pm -05:00","Friday, April 17th 2026, 10:02:08 am -04:00",,,Matt Smith,VSM - Processing Support,hidden,PS Retailer Hub,[],[],,[PS Retailer Hub],[],,,,,,1149 hours,,0,,,5,Grocery,,Shabaz Malik,,https://fadmin.flippback.com/merchants/6768/dashboard,PS Eligible,,,https://fadmin.flippback.com/merchants/6768/ftp_files,Bi-Weekly,,,,12009,,Addie Dobson,,,6768,,https://docs.google.com/document/d/11nBej2Mg5fQvG_SWCt8pMfJQfbWkJx5SmLXd-lluPv4/edit?tab=t.0#heading=h.gejosyr0iiv6,,,OPS,,,,,,,,Longtail,,,PS Eligible,,,,,
Task,86dubzg44,Animo Etc,active retailers,,[],none,,0,0,,,"Monday, August 12th 2024, 10:26:51 am -04:00","Thursday, April 9th 2026, 10:40:44 am -04:00",,,Matt Smith,VSM - Processing Support,hidden,PS Retailer Hub,[],[],,[PS Retailer Hub],[],,,,,,14982 hours,,0,0,,5,Pet Care,,Ebony Powell,,https://fadmin.flippback.com/merchants/6466/dashboard,PS Eligible,,20,https://fadmin.flippback.com/merchants/6466/ftp_files,Monthly,,,,10926,,SE,,,6466,,https://docs.google.com/document/d/1NcVu39V49xZf6074e9wjJbjA-f4I59JHoKCqBsSWjlA/edit?tab=t.0#heading=h.y2dgj7b691i1,,,OPS,,,,,,Animo Etc,,Longtail,3,30,PS Eligible,,10,,,
Task,86duaxntc,Ashley Homestore Atlantic,active retailers,"Tier is an estimate as it’s a newly onboarded retailer
",[],none,,0,0,,,"Wednesday, August 7th 2024, 9:24:20 am -04:00","Thursday, April 9th 2026, 10:40:44 am -04:00",,,Matt Smith,VSM - Processing Support,hidden,PS Retailer Hub,[],[],,[PS Retailer Hub],[],,,,,15m,15146 hours,,0,0,,7,"Home Goods, Furniture & Appliances",,Ebony Powell,,https://fadmin.flippback.com/merchants/3274/dashboard,PS Eligible,,10,https://fadmin.flippback.com/merchants/3274/ftp_files,Monthly,,,,11820,,Alexandra Van Wissen,,,3274,,https://docs.google.com/document/d/155SJO0VK30PwC9M3pKfhDgTV_SBZjQ6NbFGh7kGJ_IA/edit?tab=t.0#heading=h.y2dgj7b691i1,,,OPS,,,,,,Ashley Homestore Atlantic,,Longtail,4,15,PS Eligible,,5,,,
Task,86dzp2np1,Asian Food Centre,active retailers,"
",[],none,,0,0,,,"Friday, February 6th 2026, 4:56:50 pm -05:00","Tuesday, April 14th 2026, 11:11:16 am -04:00",,,Matt Smith,VSM - Processing Support,hidden,PS Retailer Hub,[],[],,[PS Retailer Hub],[],,,,,,1149 hours,,0,,,2,Grocery,,Pending,,https://fadmin.flippback.com/merchants/3308/dashboard,PS Eligible,,,https://fadmin.flippback.com/merchants/3308/ftp_files,Weekly,,,,3493,,Addie Dobson,,,3308,,https://docs.google.com/document/d/1HGaPwyqzNy-3C_2CbOqBhPG_DE491TThCQdp6cKoYW4/edit?tab=t.0#heading=h.y2dgj7b691i1,,,PS Eligible,,,,,,,,Longtail,,,PS Eligible,,,,,"Wednesday, March 17th 2027"
Task,86dzp2npy,Atlas Tools & Machinery,active retailers,"
",[],none,,0,0,,,"Friday, February 6th 2026, 4:56:50 pm -05:00","Tuesday, April 14th 2026, 11:11:29 am -04:00",,,Matt Smith,VSM - Processing Support,hidden,PS Retailer Hub,[],[],,[PS Retailer Hub],[],,,,,,1149 hours,,0,,,3,Home Improvement,,Pending,,https://fadmin.flippback.com/merchants/6491/dashboard,PS Eligible,,,https://fadmin.flippback.com/merchants/6491/ftp_files,Ad-Hoc,,,,11006,,Addie Dobson,,,6491,,https://docs.google.com/document/d/1upxsU_m0Gr4oiduFMU-fvd5U6_3A9IV5aaTtKhuo-AU/edit#heading=h.y2dgj7b691i1,,,PS Eligible,,,,,,,,Longtail,,,PS Eligible,,,,,
Task,86dv34yyv,Atmosphere,active retailers,"Vendor set up is just flyer ID and marking ready in VAST
",[],none,,0,0,,,"Monday, November 4th 2024, 9:55:15 am -05:00","Thursday, April 16th 2026, 8:01:17 pm -04:00",,,Matt Smith,VSM - Processing Support,hidden,PS Retailer Hub,[],[],,[PS Retailer Hub],[],,,,,,12934 hours,,0,0,,,Sports & Outdoor,,Annastiina Peltola,,https://fadmin.flippback.com/merchants/1578/dashboard,PS Eligible,,20,https://fadmin.flippback.com/merchants/1578/ftp_files,Ad-Hoc,,,,3,,Rachel Kyryliuk,,,1578,,https://docs.google.com/document/d/182c2hoW1eaRrOBKWfKJS5zzGkzqJ80xlSzkQ4Xrgjjw/edit?tab=t.0#heading=h.y2dgj7b691i1,,,OPS,,Canadian Tire,,,,Atmosphere,,Core PLUS,2,25,PS Eligible,,5,,,
Task,86duwhf5g,Axep,active retailers,"3-FL already owns upload & some Pre-FQC tasks

Request for PSS to complete FQCs

Doc will still own comms & any ad-hoc changes (store code flips, pg swaps)
",[],none,,0,0,,,"Thursday, October 10th 2024, 3:59:52 pm -04:00","Thursday, April 16th 2026, 8:01:59 pm -04:00",,,Matt Smith,VSM - Processing Support,hidden,PS Retailer Hub,[],[],,[PS Retailer Hub],[],,,,,,13606 hours,,0,,,5,Grocery,,Shabaz Malik,,https://fadmin.flippback.com/merchants/3488/dashboard,PS Eligible,,10,https://fadmin.flippback.com/merchants/3488/ftp_files,Weekly,,,,5998,,Roni Grigorian,,,3488,,https://docs.google.com/document/d/1OqBJfSMaaF1ehUichTWDQkf1SFEYv7RNk1xMVkfGWeU/edit?tab=t.0#heading=h.y2dgj7b691i1,,,OPS,,Loblaw Companies,,,,Axep,,Core PLUS,1,10,OPS,,,,,"Tuesday, December 29th 2026"
Task,86dzp2p9g,Balducci's,active retailers,"
",[],none,,0,0,,,"Friday, February 6th 2026, 4:57:39 pm -05:00","Thursday, April 9th 2026, 10:40:44 am -04:00",,,Matt Smith,VSM - Processing Support,hidden,PS Retailer Hub,[],[],,[PS Retailer Hub],[],,,,,,1149 hours,,0,,,9,Grocery,,Annastiina Peltola,,https://fadmin.flippback.com/merchants/3527/dashboard,PS Eligible,,,https://fadmin.flippback.com/merchants/3527/ftp_files,Weekly,,,,10715,,Julia Burch,,,3527,,https://docs.google.com/document/d/183GtNwUcM9JLHJpxIRREZrJXAirNAP8ctKJ5I8aFeS8/edit#heading=h.y2dgj7b691i1,,,OPS,,ABSCo,6,,,,,Core PLUS,,,PS Eligible,,,,,
Task,86dzp2p9n,Balduccis - Ad Hoc,active retailers,"
",[],none,,0,0,,,"Friday, February 6th 2026, 4:57:40 pm -05:00","Thursday, April 9th 2026, 10:40:44 am -04:00",,,Matt Smith,VSM - Processing Support,hidden,PS Retailer Hub,[],[],,[PS Retailer Hub],[],,,,,,1149 hours,,0,,,3,Grocery,,Annastiina Peltola,,https://fadmin.flippback.com/merchants/3527/dashboard,PS Eligible,,,https://fadmin.flippback.com/merchants/3527/ftp_files,Ad-Hoc,,,,11464,,Julia Burch,,,3527,,https://docs.google.com/document/d/183GtNwUcM9JLHJpxIRREZrJXAirNAP8ctKJ5I8aFeS8/edit#heading=h.y2dgj7b691i3,,,OPS,,ABSCo,1,,,,,Core PLUS,,,PS Eligible,,,,,
Task,86dzp2p9j,Balduccis - BS,active retailers,"
",[],none,,0,0,,,"Friday, February 6th 2026, 4:57:40 pm -05:00","Thursday, April 9th 2026, 10:40:44 am -04:00",,,Matt Smith,VSM - Processing Support,hidden,PS Retailer Hub,[],[],,[PS Retailer Hub],[],,,,,,1149 hours,,0,,,3,Grocery,,Annastiina Peltola,,https://fadmin.flippback.com/merchants/3527/dashboard,PS Eligible,,,https://fadmin.flippback.com/merchants/3527/ftp_files,Ad-Hoc,,,,12132,,Julia Burch,,,3527,,https://docs.google.com/document/d/183GtNwUcM9JLHJpxIRREZrJXAirNAP8ctKJ5I8aFeS8/edit#heading=h.y2dgj7b691i2,,,OPS,,ABSCo,1,,,,,Core PLUS,,,PS Eligible,,,,,
Task,86du37jnz,Bath Depot,active retailers,,[],none,,0,0,,,"Wednesday, July 10th 2024, 2:52:34 pm -04:00","Thursday, April 9th 2026, 10:40:44 am -04:00",,,Matt Smith,VSM - Processing Support,hidden,PS Retailer Hub,[],[],,[PS Retailer Hub],[],,,,,55m,15677 hours,,0,0,,,"Home Goods, Furniture & Appliances",,Jessica Tam,,https://fadmin.flippback.com/merchants/3297/dashboard,PS Eligible,,15,https://fadmin.flippback.com/merchants/3297/ftp_files,Ad-Hoc,,,,11449,,Rachel Kyryliuk,,,3297,,https://docs.google.com/document/d/1ZKUIEoqWAK7bWLqHmWm_L_63XU-9M1pyxZD6ufSkbHA/edit?tab=t.0#heading=h.y2dgj7b691i1,,Generic Instructions,PS Eligible,,,,,,Bath Depot,,Longtail,4,30,PS Eligible,,15,,,
Task,86e0k1gkq,Belmont Sécurité,active retailers,"
",[],none,,0,0,,,"Thursday, March 26th 2026, 12:15:43 pm -04:00","Wednesday, April 15th 2026, 4:28:41 pm -04:00",,,Matt Smith,VSM - Processing Support,hidden,PS Retailer Hub,[],[],,[PS Retailer Hub],[],,,,,35m,725 hours,,0,,,8,[Brand],,Adnela Fejzulovic,,https://fadmin.flippback.com/merchants/6781/dashboard,PS Eligible,,,https://fadmin.flippback.com/merchants/6781/ftp_files,Ad-Hoc,,,,12071,,Addie Dobson,,,6781,,https://docs.google.com/document/d/1-gjwi_s1twskWXYjnRywlmLx1LoC_SqarqG7Ph-5Mao/edit?usp=sharing,,,PS Eligible,,,,,,Belmont Sécurité,,Longtail,,,PS Eligible,,,,,
Task,86dtu2p5f,Ben Moss,active retailers,,[],none,,0,0,,,"Thursday, June 13th 2024, 6:21:05 pm -04:00","Thursday, April 9th 2026, 10:40:44 am -04:00",,,Matt Smith,VSM - Processing Support,hidden,PS Retailer Hub,[],[],,[PS Retailer Hub],[],,,,,35m,16460 hours,,0,0,,7,Specialty,,,,https://fadmin.flippback.com/merchants/2138/dashboard,PS Eligible,,15,https://fadmin.flippback.com/merchants/2138/ftp_files,Ad-Hoc,,,,9681,,Diandra Gonzalez Charris,,,2138,,https://docs.google.com/document/d/1h2fGS4vyug1-vB1zkmF_Zbv4x60YfTi3vz7-COvVL-0/edit?tab=t.0#heading=h.y2dgj7b691i1,,,PS Eligible,,Charm Diamond Centres,,,,Ben Moss,,Longtail,4,25,PS Eligible,,10,,,
Task,86dzp0zf5,Besso Floor & Decor,active retailers,"
",[],none,,0,0,,,"Friday, February 6th 2026, 3:48:11 pm -05:00","Thursday, April 9th 2026, 10:40:44 am -04:00",,,Matt Smith,VSM - Processing Support,hidden,PS Retailer Hub,[],[],,[PS Retailer Hub],[],,,,,40h,1990 hours,,0,,,5,Home Improvement,,Megan Kernaghan,,https://fadmin.flippback.com/merchants/7199/dashboard,PS Eligible,,,https://fadmin.flippback.com/merchants/7199/ftp_files,Monthly,,,,12238,,Megan Kernaghan,,,7199,,https://docs.google.com/document/d/17APpcyHVawDKTbraTBGZ869cZ8JWN1vHTdQDYpeDoIk/edit?usp=sharing,,,PS Eligible,,,,,,Besso Floor & Decor,,Longtail,Longtail,,PS Eligible,,,,,
Task,86e0k1gm9,Better Health Market,active retailers,"
",[],none,,0,0,,,"Thursday, March 26th 2026, 12:15:44 pm -04:00","Wednesday, April 15th 2026, 4:29:04 pm -04:00",,,Matt Smith,VSM - Processing Support,hidden,PS Retailer Hub,[],[],,[PS Retailer Hub],[],,,,,20m,725 hours,,0,,,5,Grocery,,Ebony Powell,,https://fadmin.flippback.com/merchants/6742/dashboard,PS Eligible,,,https://fadmin.flippback.com/merchants/6742/ftp_files,Monthly,,,,11949,,Alexandra Van Wissen,,,6742,,https://docs.google.com/document/d/1K76LeYgaWPfZ7LMdOOVxT1W7MA6ROmyEgtmkA7fD1V0/edit?tab=t.0#heading=h.y2dgj7b691i1,,,OPS,,,,,,Better Health Market,,Longtail,,,PS Eligible,,,,,
Task,86e0k1gda,Big Y,active retailers,"Weekly publications are processed using a json file and we also build a SKU document for Vendors.
",[],none,,0,0,,,"Thursday, March 26th 2026, 12:15:32 pm -04:00","Wednesday, April 15th 2026, 4:29:20 pm -04:00",,,Matt Smith,VSM - Processing Support,hidden,PS Retailer Hub,[],[],,[PS Retailer Hub],[],,,,,55m,725 hours,,0,,,6,Grocery,,Shabaz Malik,,https://fadmin.flippback.com/merchants/2483/dashboard,PS Eligible,,,https://fadmin.flippback.com/merchants/2483/ftp_files,Weekly,,,,11839,,Megan Kernaghan,,,2483,,https://docs.google.com/document/d/12T2BKJJ18_9pOj0CHFXS6c_8QSVa5ZqXOUVt-VLQ4jg/edit?tab=t.0#heading=h.y2dgj7b691i1,,,PS Eligible,,,,,,Big Y,,Core,,,PS Eligible,,,,,
Task,86durc3jm,Blain's Farm & Fleet (2803),active retailers,"m1000 retailer, all processing instructions in notes
",[],none,,0,0,,,"Wednesday, September 25th 2024, 3:37:12 pm -04:00","Wednesday, April 15th 2026, 4:31:04 pm -04:00",,,Matt Smith,VSM - Processing Support,hidden,PS Retailer Hub,[],[],,[PS Retailer Hub],[],,,,,,13606 hours,,0,0,,,Grocery,,,,https://fadmin.flippback.com/merchants/2662/dashboard,PS Eligible,,35,https://fadmin.flippback.com/merchants/2662/ftp_files,Ad-Hoc,,,,2803,,,,,2662,,https://docs.google.com/document/d/1DZtGrW4f6uDhf749DLyi05L0FRW2q_ONK2pvw1Ukb7o/edit#heading=h.y2dgj7b691i1,,Instructions Missing,PS Eligible,,,,,,Blain's Farm & Fleet (2803),,Organic Indexed,4,40,PS Eligible,,5,,,
Task,86durc3k1,Blain's Farm & Fleet (3510),active retailers,"m1000 retailer, all processing instructions in notes
",[],none,,0,0,,,"Wednesday, September 25th 2024, 3:37:13 pm -04:00","Wednesday, April 15th 2026, 4:31:09 pm -04:00",,,Matt Smith,VSM - Processing Support,hidden,PS Retailer Hub,[],[],,[PS Retailer Hub],[],,,,,,13606 hours,,0,0,,,Grocery,,,,https://fadmin.flippback.com/merchants/2662/dashboard,PS Eligible,,35,https://fadmin.flippback.com/merchants/2662/ftp_files,Ad-Hoc,,,,3510,,,,,2662,,https://docs.google.com/document/d/1DZtGrW4f6uDhf749DLyi05L0FRW2q_ONK2pvw1Ukb7o/edit?tab=t.0#heading=h.y2dgj7b691i1,,Instructions Missing,PS Eligible,,,,,,Blain's Farm & Fleet (3510),,Organic Indexed,4,40,PS Eligible,,5,,,
Task,86durc378,BMR,active retailers,,[],none,,0,0,,,"Wednesday, September 25th 2024, 3:36:43 pm -04:00","Thursday, April 9th 2026, 10:40:44 am -04:00",,,Matt Smith,VSM - Processing Support,hidden,PS Retailer Hub,[],[],,[PS Retailer Hub],[],,,,,,13967 hours,,0,,,7,Home Improvement,,Marion Kang,,https://fadmin.flippback.com/merchants/2157/dashboard,PS Eligible,,30,https://fadmin.flippback.com/merchants/2157/ftp_files,Weekly,,,,286,,Alexandra Van Wissen,,,2157,,https://docs.google.com/document/d/1bjjwerp4SbMsW4ur7blqqq3qIKzfmQdGMFggN-sj4M0/edit?tab=t.0#heading=h.y2dgj7b691i1,,Instructions Missing,PS Eligible,,,,,,BMR,,Core,2,45,PS Eligible,,15,,,"Tuesday, December 29th 2026"
Task,86dtu2p6b,Boscov's,active retailers,,[],none,,0,0,,,"Thursday, June 13th 2024, 6:21:08 pm -04:00","Thursday, April 9th 2026, 10:40:44 am -04:00",,,Matt Smith,VSM - Processing Support,hidden,PS Retailer Hub,[],[],,[PS Retailer Hub],[],,,,,50m,16460 hours,,0,0,,7,General Merch,,Clifford Fernandes,,https://fadmin.flippback.com/merchants/5095/dashboard,PS Eligible,,0,https://fadmin.flippback.com/merchants/5095/ftp_files,Weekly,,,,9034,,Addie Dobson,,,5095,,https://docs.google.com/document/d/15L1ASoU76g2u347HzZ2Rl6f9gqt9r7NiXjCqouzfAwo/edit?tab=t.0#heading=h.y2dgj7b691i1,,,PS Eligible,,,,,,Boscov's,,Core,3,10,PS Eligible,,10,,,"Sunday, December 28th 2025"
Task,86e0k1gmd,Bosley's,active retailers,"
",[],none,,0,0,,,"Thursday, March 26th 2026, 12:15:44 pm -04:00","Wednesday, April 15th 2026, 4:31:27 pm -04:00",,,Matt Smith,VSM - Processing Support,hidden,PS Retailer Hub,[],[],,[PS Retailer Hub],[],,,,,35m,725 hours,,0,,,8,Pet Care,,Jessica Tam,,https://fadmin.flippback.com/merchants/2599/dashboard,PS Eligible,,,https://fadmin.flippback.com/merchants/2599/ftp_files,Bi-Weekly,,,,10856,,Rachel Kyryliuk,,,2599,,https://docs.google.com/document/d/1cnCzKzcNPsvax7nX-nrzxz6WMC3RHflPuPHYiYn6oq4/edit#heading=h.y2dgj7b691i1,,,PS Eligible,,,,,,Bosley's,,Longtail,,,PS Eligible,,,,,
Task,86duaxnpd,Bouclair,active retailers,"Please note OneGuide is not yet complete but Upload & FQC Instructions have been added 
",[],none,,0,0,,,"Wednesday, August 7th 2024, 9:24:04 am -04:00","Thursday, April 9th 2026, 10:40:44 am -04:00",,,Matt Smith,VSM - Processing Support,hidden,PS Retailer Hub,[],[],,[PS Retailer Hub],[],,,,,20m,15146 hours,,0,0,,6,"Home Goods, Furniture & Appliances",,Addie Dobson,,https://fadmin.flippback.com/merchants/1970/dashboard,PS Eligible,,20,https://fadmin.flippback.com/merchants/1970/ftp_files,Ad-Hoc,,,,38,,Kayla Summerhayes,,,1970,,https://docs.google.com/document/d/1ImAilVMh0JrJ8N1tDAXwHvfTlQIErcYf9m0l6cYpbVY/edit?tab=t.0#heading=h.y2dgj7b691i1,,Generic Instructions,PS Eligible,,,,,,Bouclair,,Longtail,4,35,PS Eligible,,15,,,
Task,86dv34yzt,Brookhaven Markets,active retailers,,[],none,,0,0,,,"Monday, November 4th 2024, 9:55:19 am -05:00","Friday, April 17th 2026, 10:02:31 am -04:00",,,Matt Smith,VSM - Processing Support,hidden,PS Retailer Hub,[],[],,[PS Retailer Hub],[],,,,,,12934 hours,,0,0,,5,Grocery,,Shabaz Malik,,https://fadmin.flippback.com/merchants/2212/dashboard,PS Eligible,,10,https://fadmin.flippback.com/merchants/2212/ftp_files,Weekly,,,,355,,Addie Dobson,,,2212,,https://docs.google.com/document/d/11nBej2Mg5fQvG_SWCt8pMfJQfbWkJx5SmLXd-lluPv4/edit?tab=t.0#heading=h.35qcqd1orzvx,,,OPS,,,,,,Brookhaven Markets,,Longtail,1,20,PS Eligible,,10,,,"Tuesday, January 12th 2027"
Task,86dtu2p7x,Brookshires (Celebrate Cooking),active retailers,"(hidden in Flipp/distribution)
",[],none,,0,0,,,"Thursday, June 13th 2024, 6:21:12 pm -04:00","Thursday, April 9th 2026, 10:40:44 am -04:00",,,Matt Smith,VSM - Processing Support,hidden,PS Retailer Hub,[],[],,[PS Retailer Hub],[],,,,,,16460 hours,,0,,,6,Grocery,,Marion Kang,,https://fadmin.flippback.com/merchants/2457/dashboard,PS Eligible,,,https://fadmin.flippback.com/merchants/2457/ftp_files,Monthly,,,,8030,,Hammna Qureshi,,,2457,,https://docs.google.com/document/d/1DCZRfxseova3j51zVZTu3nyjHr9YlAybdBkiR2v-dqY/edit?usp=sharing,,Generic Instructions,PS Eligible,,Brookshire Grocery Company,,,,Brookshire (Celebrate Cooking),,Longtail,2,,PS Eligible,,,,,
Task,86dtu2p7f,Brookshires (Liquor Beer Wine),active retailers,,[],none,,0,0,,,"Thursday, June 13th 2024, 6:21:11 pm -04:00","Thursday, April 9th 2026, 10:40:44 am -04:00",,,Matt Smith,VSM - Processing Support,hidden,PS Retailer Hub,[],[],,[PS Retailer Hub],[],,,,,,16460 hours,,0,,,6,Grocery,,Marion Kang,,https://fadmin.flippback.com/merchants/2457/dashboard,PS Eligible,,,https://fadmin.flippback.com/merchants/2457/ftp_files,Monthly,,,,7942,,Hammna Qureshi,,,2457,,https://docs.google.com/document/d/1DCZRfxseova3j51zVZTu3nyjHr9YlAybdBkiR2v-dqY/edit?usp=sharing,,Generic Instructions,PS Eligible,,Brookshire Grocery Company,,,,Brookshire (Liquor Beer Wine),,Longtail,2,,PS Eligible,,,,,
Task,86dtu2p8w,Buchheit,active retailers,"OG8 = original 8 stores, New 12 = new 12 stores (can be separate PZs or separate flyer runs); pg 1 and 2 cannot be primarily fire arms and ammo (cannot be caught in the thumbnail)
",[],none,,0,0,,,"Thursday, June 13th 2024, 6:21:15 pm -04:00","Thursday, April 16th 2026, 3:14:27 pm -04:00",,,Matt Smith,VSM - Processing Support,hidden,PS Retailer Hub,[],[],,[PS Retailer Hub],[],,,,,,16460 hours,,0,,,,Grocery,,,,https://fadmin.flippback.com/merchants/5223/dashboard,PS Eligible,,,https://fadmin.flippback.com/merchants/5223/ftp_files,Ad-Hoc,,,,9459,,,,,5223,,https://flippit.atlassian.net/wiki/spaces/OP/pages/3129131667/Buchheits+Account+Guide,,,OPS,,,,,,Buchheit,,Longtail,3,,PS Eligible,,,,,
Task,86dzp0zd2,Bueche's Food World,active retailers,"
",[],none,,0,0,,,"Friday, February 6th 2026, 3:48:07 pm -05:00","Friday, April 17th 2026, 10:02:47 am -04:00",,,Matt Smith,VSM - Processing Support,hidden,PS Retailer Hub,[],[],,[PS Retailer Hub],[],,,,,20h,1990 hours,,0,,,6,Grocery,,Rushia Fernandes,,https://fadmin.flippback.com/merchants/6858/dashboard,PS Eligible,,,https://fadmin.flippback.com/merchants/6858/ftp_files,Weekly,,,,12178,,SE,,,6858,,https://docs.google.com/document/d/1GfuqbU2HjzsIFQXdTsBfqED-FhOFmyo6SeF12_uR--4/edit?tab=t.0#heading=h.y2dgj7b691i1,,,PS Eligible,,,,,,Bueche's Food World,,Longtail,Longtail,,PS Eligible,,,,,
Task,86e0k1gme,Buehler's Fresh Foods,active retailers,"
",[],none,,0,0,,,"Thursday, March 26th 2026, 12:15:44 pm -04:00","Wednesday, April 15th 2026, 4:32:09 pm -04:00",,,Matt Smith,VSM - Processing Support,hidden,PS Retailer Hub,[],[],,[PS Retailer Hub],[],,,,,45h,725 hours,,0,,,7,Grocery,,Shabaz Malik,,https://fadmin.flippback.com/merchants/2410/dashboard,PS Eligible,,,https://fadmin.flippback.com/merchants/2410/ftp_files,Weekly,,,,8807,,Addie Dobson,,,2410,,https://docs.google.com/document/d/1GuhP37Z0s_bkCzxhG-3C3kOCRULe3m3EfREvR-JR2Ew/edit?tab=t.0#heading=h.y2dgj7b691i1,,,OPS,,,,,,Buehler's Fresh Foods,,Longtail,,,PS Eligible,,,,,
Task,86e0k1gmv,Buehler's Fresh Foods,active retailers,"
",[],none,,0,0,,,"Thursday, March 26th 2026, 12:15:45 pm -04:00","Wednesday, April 15th 2026, 4:32:13 pm -04:00",,,Matt Smith,VSM - Processing Support,hidden,PS Retailer Hub,[],[],,[PS Retailer Hub],[],,,,,30h,725 hours,,0,,,7,Grocery,,Shabaz Malik,,https://fadmin.flippback.com/merchants/2410/dashboard,PS Eligible,,,https://fadmin.flippback.com/merchants/2410/ftp_files,Weekly,,,,8807,,Addie Dobson,,,2410,,https://docs.google.com/document/d/1GuhP37Z0s_bkCzxhG-3C3kOCRULe3m3EfREvR-JR2Ew/edit?tab=t.0#heading=h.y2dgj7b691i1,,,OPS,,,,,,Buehler's Fresh Foods,,Longtail,,,PS Eligible,,,,,
Task,86duwhf72,Bumper to Bumper,active retailers,,[],none,,0,0,,,"Thursday, October 10th 2024, 4:00:01 pm -04:00","Thursday, April 9th 2026, 10:40:44 am -04:00",,,Matt Smith,VSM - Processing Support,hidden,PS Retailer Hub,[],[],,[PS Retailer Hub],[],,,,,,13606 hours,,0,10,,,Automotive,,,,https://fadmin.flippback.com/merchants/5478/dashboard,PS Eligible,,20,https://fadmin.flippback.com/merchants/5478/ftp_files,Ad-Hoc,,,,7710,,Hannah Schiff-Kearn,,,5478,,https://docs.google.com/document/d/1Dh7q8FLqSw8iq2OHtFl8thEAEpLp70rzyLzplxCdyik/edit?tab=t.0#heading=h.uak5pmw079t,,Instructions Missing,PS Eligible,,,,,,Bumper to Bumper,,Longtail,4,40,PS Eligible,,10,,,
Task,86e0k1gn5,Busy Beaver,active retailers,"
",[],none,,0,0,,,"Thursday, March 26th 2026, 12:15:45 pm -04:00","Wednesday, April 15th 2026, 4:32:27 pm -04:00",,,Matt Smith,VSM - Processing Support,hidden,PS Retailer Hub,[],[],,[PS Retailer Hub],[],,,,,25h,725 hours,,0,,,8,Home Improvement,,Annastiina Peltola,,https://fadmin.flippback.com/merchants/4660/dashboard,PS Eligible,,,https://fadmin.flippback.com/merchants/4660/ftp_files,Bi-Weekly,,,,12158,,Kayla Summerhayes,,,4660,,https://docs.google.com/document/d/11i2aL-JooDW-WsxBi6fukVgHkOZzlaJtPgs3vEo2tOc/edit?tab=t.0#heading=h.y2dgj7b691i1,,,PS Eligible,,,,,,Busy Beaver,,Longtail,,,PS Eligible,,,,,
Task,86dtu2p97,Buy-Low Foods,active retailers,"Availavle to (2:59am), Availale from(3am) and Valid From (3am) all have unique start times.
Buy-Low weekly and Westrise weekly processed in 2 seperate runs
",[],none,,0,0,,,"Thursday, June 13th 2024, 6:21:17 pm -04:00","Thursday, April 9th 2026, 10:40:44 am -04:00",,,Matt Smith,VSM - Processing Support,hidden,PS Retailer Hub,[],[],,[PS Retailer Hub],[],,,,,,16460 hours,,0,0,,6,Grocery,,Rushia Fernandes,,https://fadmin.flippback.com/merchants/3335/dashboard,PS Eligible,,30,https://fadmin.flippback.com/merchants/3335/ftp_files,Weekly,,,,9323,,Kim Potashner,,,3335,,https://docs.google.com/document/d/1Guz-uUxRF7o0vEHBV4DJ7swShL3JCTjhicRNAj4f0V8/edit?tab=t.0#heading=h.y2dgj7b691i1,,,OPS,,Pattison Food Group,,,,Buy-Low Foods,,Core,4,30,PS Eligible,,0,,,"Saturday, August 22nd 2026"
Task,86duwhf8e,C-A-L Ranch Stores,active retailers,,[],none,,0,0,,,"Thursday, October 10th 2024, 4:00:08 pm -04:00","Thursday, April 9th 2026, 10:40:44 am -04:00",,,Matt Smith,VSM - Processing Support,hidden,PS Retailer Hub,[],[],,[PS Retailer Hub],[],,,,,40m,13606 hours,,0,45,,7,Home Improvement,,Rushia Fernandes,,https://fadmin.flippback.com/merchants/4677/dashboard,PS Eligible,,15,https://fadmin.flippback.com/merchants/4677/ftp_files,Weekly,,,,6718,,Hannah Schiff-Kearn,,,4677,,https://docs.google.com/document/d/1rQR9-if9AzaUsg0rxjFeCABAlDW6_GkO8Ko6Uox-hs8/edit?tab=t.0#heading=h.y2dgj7b691i1,,Instructions Missing,PS Eligible,,,,,,C-A-L Ranch Stores,,Longtail,4,70,PS Eligible,,10,,,
Task,86e0k1gnb,Cabela's Canada,active retailers,"
",[],none,,0,0,,,"Thursday, March 26th 2026, 12:15:46 pm -04:00","Wednesday, April 15th 2026, 4:32:42 pm -04:00",,,Matt Smith,VSM - Processing Support,hidden,PS Retailer Hub,[],[],,[PS Retailer Hub],[],,,,,50h,725 hours,,0,,,8,Sports & Outdoor,,Jessica Tam,,https://fadmin.flippback.com/merchants/414/dashboard,PS Eligible,,,https://fadmin.flippback.com/merchants/414/ftp_files,Ad-Hoc,,,,3232,,Hannah Schiff-Kearn,,,414,,https://docs.google.com/document/d/1tuSU7voGl0teP9Ef_b9m7Xafiomk8URUw_eq5sid19g/edit?tab=t.0#heading=h.y2dgj7b691i1,,,PS Eligible,,,,,,Cabela's Canada,,Longtail,,,PS Eligible,,,,,
Task,86dvy3zmu,Canac,active retailers,,[],none,,0,0,,,"Friday, February 7th 2025, 10:52:52 am -05:00","Thursday, April 9th 2026, 10:40:44 am -04:00",,,Matt Smith,VSM - Processing Support,hidden,PS Retailer Hub,[],[],,[PS Retailer Hub],[],,,,,,10725 hours,,0,0,,6,Home Improvement,,Ebony Powell,,https://fadmin.flippback.com/merchants/3777/dashboard,PS Eligible,,15,https://fadmin.flippback.com/merchants/3777/ftp_files,Weekly,,,,10216,,Jenna Toppan,,,3777,,https://docs.google.com/document/d/1aBXgXrDOfOUZbdZU1Y0Vic4FBCP414BE0l0b0LYr5NA/edit?tab=t.0#heading=h.qzowlkink50n,,,OPS,,,,,,Canac,,Core,1,30,PS Eligible,,15,,,"Tuesday, March 10th 2026"
Task,86dtu2paw,Cardenas Markets (Monthly),active retailers,,[],none,,0,0,,,"Thursday, June 13th 2024, 6:21:22 pm -04:00","Thursday, April 9th 2026, 10:40:44 am -04:00",,,Matt Smith,VSM - Processing Support,hidden,PS Retailer Hub,[],[],,[PS Retailer Hub],[],,,,,,16460 hours,,0,0,,5,Grocery,,Marion Kang,,https://fadmin.flippback.com/merchants/3035/dashboard,PS Eligible,,15,https://fadmin.flippback.com/merchants/3035/ftp_files,Monthly,,,,3563,,Roni Grigorian,,,3035,,https://docs.google.com/document/d/1S5VFYJ1dI7hckrHl1evB8ffNTXhJgxzMsPIhlo_d-Q4/edit?tab=t.0#heading=h.y2dgj7b691i1,,,OPS,,,,,,Cardenas Markets (Monthly),,Longtail,3,20,PS Eligible,,5,,,
Task,86dtu2pb8,Cardenas Markets (Weekly),active retailers,,[],none,,0,0,,,"Thursday, June 13th 2024, 6:21:23 pm -04:00","Thursday, April 9th 2026, 10:40:44 am -04:00",,,Matt Smith,VSM - Processing Support,hidden,PS Retailer Hub,[],[],,[PS Retailer Hub],[],,,,,,16460 hours,,0,0,,5,Grocery,,Marion Kang,,https://fadmin.flippback.com/merchants/3035/dashboard,PS Eligible,,15,https://fadmin.flippback.com/merchants/3035/ftp_files,Weekly,,,,3563,,Roni Grigorian,,,3035,,https://docs.google.com/document/d/1S5VFYJ1dI7hckrHl1evB8ffNTXhJgxzMsPIhlo_d-Q4/edit?tab=t.0#heading=h.y2dgj7b691i1,,,OPS,,,,,,Cardenas Markets (Weekly),,Longtail,3,20,PS Eligible,,5,,,"Sunday, December 28th 2025"
Task,86dzp2npe,Carrs,active retailers,"
",[],none,,0,0,,,"Friday, February 6th 2026, 4:56:51 pm -05:00","Thursday, April 9th 2026, 10:40:44 am -04:00",,,Matt Smith,VSM - Processing Support,hidden,PS Retailer Hub,[],[],,[PS Retailer Hub],[],,,,,,1149 hours,,0,,,7,Grocery,,Ebony Powell,,https://fadmin.flippback.com/merchants/2380/dashboard,PS Eligible,,,https://fadmin.flippback.com/merchants/2380/ftp_files,Weekly,,,,8222,,Julia Burch,,,2380,,https://docs.google.com/document/d/183GtNwUcM9JLHJpxIRREZrJXAirNAP8ctKJ5I8aFeS8/edit#heading=h.y2dgj7b691i1,,,OPS,,ABSCo,4,,,,,Core PLUS,,,PS Eligible,,,,,
Task,86dzp2npg,Carrs - BBS,active retailers,"
",[],none,,0,0,,,"Friday, February 6th 2026, 4:56:51 pm -05:00","Thursday, April 9th 2026, 10:40:44 am -04:00",,,Matt Smith,VSM - Processing Support,hidden,PS Retailer Hub,[],[],,[PS Retailer Hub],[],,,,,,1149 hours,,0,,,7,Grocery,,Ebony Powell,,https://fadmin.flippback.com/merchants/2380/dashboard,PS Eligible,,,https://fadmin.flippback.com/merchants/2380/ftp_files,Ad-Hoc,,,,10652,,Julia Burch,,,2380,,https://docs.google.com/document/d/183GtNwUcM9JLHJpxIRREZrJXAirNAP8ctKJ5I8aFeS8/edit#heading=h.y2dgj7b691i1,,,OPS,,ABSCo,3,,,,,Core PLUS,,,PS Eligible,,,,,
Task,86dzp2npx,Carrs - EG,active retailers,"
",[],none,,0,0,,,"Friday, February 6th 2026, 4:56:52 pm -05:00","Thursday, April 9th 2026, 10:40:44 am -04:00",,,Matt Smith,VSM - Processing Support,hidden,PS Retailer Hub,[],[],,[PS Retailer Hub],[],,,,,,1149 hours,,0,,,3,Grocery,,Ebony Powell,,https://fadmin.flippback.com/merchants/2380/dashboard,PS Eligible,,,https://fadmin.flippback.com/merchants/2380/ftp_files,Ad-Hoc,,,,10980,,Julia Burch,,,2380,,https://docs.google.com/document/d/183GtNwUcM9JLHJpxIRREZrJXAirNAP8ctKJ5I8aFeS8/edit#heading=h.y2dgj7b691i1,,,OPS,,ABSCo,1,,,,,Core PLUS,,,PS Eligible,,,,,
Task,86e0k1gny,Carter's OshKosh B'Gosh CAN,active retailers,"
",[],none,,0,0,,,"Thursday, March 26th 2026, 12:15:46 pm -04:00","Wednesday, April 15th 2026, 4:33:10 pm -04:00",,,Matt Smith,VSM - Processing Support,hidden,PS Retailer Hub,[],[],,[PS Retailer Hub],[],,,,,20h,725 hours,,0,,,8,Apparel,,Addie Dobson,,https://fadmin.flippback.com/merchants/5394/dashboard,PS Eligible,,,https://fadmin.flippback.com/merchants/5394/ftp_files,Ad-Hoc,,,,7601,,Kayla Summerhayes,,,5394,,https://docs.google.com/document/d/1PPAMSSJ3iKdId2tGIbtQGjCufxBTnaf9LWNXN_Fql7c/edit?tab=t.0#heading=h.y2dgj7b691i1,,,PS Eligible,,,,,,Carter's OshKosh B'Gosh CAN,,Longtail,,,PS Eligible,,,,,
Task,86e0k1gnz,Centre de Jardin,active retailers,"
",[],none,,0,0,,,"Thursday, March 26th 2026, 12:15:46 pm -04:00","Wednesday, April 15th 2026, 4:33:28 pm -04:00",,,Matt Smith,VSM - Processing Support,hidden,PS Retailer Hub,[],[],,[PS Retailer Hub],[],,,,,25h,725 hours,,0,,,3,Home Improvement,,Rushia Fernandes,,https://fadmin.flippback.com/merchants/6503/dashboard,PS Eligible,,,https://fadmin.flippback.com/merchants/6503/ftp_files,Ad-Hoc,,,,11072,,Addie Dobson,,,6503,,https://docs.google.com/document/d/1cxZpONbMSt94nWNnfR-ho3V9MAcL5xNft3gSpCnkIV8/edit?tab=t.0#heading=h.y2dgj7b691i1,,,PS Eligible,,,,,,Centre de Jardin,,Longtail,,,PS Eligible,,,,,
Task,86durc3nv,Centre du Travail,active retailers,,[],none,,0,0,,,"Wednesday, September 25th 2024, 3:37:20 pm -04:00","Thursday, April 9th 2026, 10:40:44 am -04:00",,,Matt Smith,VSM - Processing Support,hidden,PS Retailer Hub,[],[],,[PS Retailer Hub],[],,,,,25m,13967 hours,,0,0,,7,Specialty,,Addie Dobson,,https://fadmin.flippback.com/merchants/6652/dashboard,PS Eligible,,20,https://fadmin.flippback.com/merchants/6652/ftp_files,Ad-Hoc,,,,11741,,Jenna Toppan,,,6652,,https://docs.google.com/document/d/1Ov1MbkJxsjYNr-sCs_ej5eEH9LBDsUgiRq1CLomokLg/edit?usp=sharing,,,PS Eligible,,Chaussure Pop,,,,Centre du Travail,,Longtail,3,20,PS Eligible,,0,,,
Task,86dzp2p9v,Chalo FreshCo,active retailers,"
",[],none,,0,0,,,"Friday, February 6th 2026, 4:57:41 pm -05:00","Wednesday, April 15th 2026, 4:33:51 pm -04:00",,,Matt Smith,VSM - Processing Support,hidden,PS Retailer Hub,[],[],,[PS Retailer Hub],[],,,,,,1149 hours,,0,,,5,Grocery,,Rushia Fernandes,,https://fadmin.flippback.com/merchants/3662/dashboard,OPS,,,https://fadmin.flippback.com/merchants/3662/ftp_files,Weekly,,,,3654,,Kim Potashner,,,3662,,https://docs.google.com/document/d/1qc79CgJuSoczAJXmum4YTGmWxqt_ODwgZWALMaZGCTM/edit?tab=t.0#heading=h.y2dgj7b691i1,,,OPS,,Sobeys,,,,,,Core PLUS,,,PS Eligible,,,,,
Task,86dzp2p9y,Chalo Freshco,active retailers,"
",[],none,,0,0,,,"Friday, February 6th 2026, 4:57:41 pm -05:00","Wednesday, April 15th 2026, 4:33:54 pm -04:00",,,Matt Smith,VSM - Processing Support,hidden,PS Retailer Hub,[],[],,[PS Retailer Hub],[],,,,,,1149 hours,,0,,,5,Grocery,,Rushia Fernandes,,https://fadmin.flippback.com/merchants/3662/dashboard,OPS,,,https://fadmin.flippback.com/merchants/3662/ftp_files,Weekly,,,,9156,,Kim Potashner,,,3662,,https://docs.google.com/document/d/1qc79CgJuSoczAJXmum4YTGmWxqt_ODwgZWALMaZGCTM/edit?tab=t.0#heading=h.y2dgj7b691i1,,,OPS,,Sobeys,,,,,,Core PLUS,,,PS Eligible,,,,,
Task,86dtu2pbx,Charm Diamond Centres,active retailers,"ad hoc
",[],none,,0,0,,,"Thursday, June 13th 2024, 6:21:26 pm -04:00","Thursday, April 9th 2026, 10:40:44 am -04:00",,,Matt Smith,VSM - Processing Support,hidden,PS Retailer Hub,[],[],,[PS Retailer Hub],[],,,,,35m,16460 hours,,0,0,,7,Specialty,,,,https://fadmin.flippback.com/merchants/5710/dashboard,PS Eligible,,15,https://fadmin.flippback.com/merchants/5710/ftp_files,Ad-Hoc,,,,8593,,Diandra Gonzalez Charris,,,5710,,https://docs.google.com/document/d/1h2fGS4vyug1-vB1zkmF_Zbv4x60YfTi3vz7-COvVL-0/edit?tab=t.0#heading=h.y2dgj7b691i1,,,PS Eligible,,Charm Diamond Centres,,,,Charm Diamond Centres,,Longtail,4,25,PS Eligible,,10,,,
Task,86dtu2pc9,Chatters Salon,active retailers,"There will be triggers that need to be created for specific pages to be added and removed from the flyer. There can be as many as 4 triggers that need to be created throughout the monthly cadence of the flyer.
",[],none,,0,0,,,"Thursday, June 13th 2024, 6:21:27 pm -04:00","Thursday, April 9th 2026, 10:40:44 am -04:00",,,Matt Smith,VSM - Processing Support,hidden,PS Retailer Hub,[],[],,[PS Retailer Hub],[],,,,,,16460 hours,,0,0,,5,Beauty/Makeup,,Adnela Fejzulovic,,https://fadmin.flippback.com/merchants/5710/dashboard,PS Eligible,,25,https://fadmin.flippback.com/merchants/3855/ftp_files,Monthly,,,,4215,,Megan Kernaghan,,,3855,,https://docs.google.com/document/d/1o6Pg1h1CxCEKIV8Gs1g5zdG2x95lfAT1y95mUpEW76A/edit?tab=t.0#heading=h.y2dgj7b691i1,,,OPS,,,,,,Chatters Salon,,Longtail,3,40,PS Eligible,,15,,,"Wednesday, May 6th 2026"
Task,86durc3q5,Chaussures Pop,active retailers,,[],none,,0,0,,,"Wednesday, September 25th 2024, 3:37:24 pm -04:00","Thursday, April 9th 2026, 10:40:44 am -04:00",,,Matt Smith,VSM - Processing Support,hidden,PS Retailer Hub,[],[],,[PS Retailer Hub],[],,,,,25m,13967 hours,,0,0,,,Specialty,,Addie Dobson,,https://fadmin.flippback.com/merchants/6456/dashboard,PS Eligible,,20,https://fadmin.flippback.com/merchants/6456/ftp_files,Ad-Hoc,,,,10909,,Jenna Toppan,,,6456,,https://docs.google.com/document/d/1qwudpPPRMjTzt6dEV3JWhDFeZxzlMmrD_7PJpe56N4c/edit?usp=sharing,,,PS Eligible,,,,,,Chaussures Pop,,Longtail,3,20,PS Eligible,,0,,,
Task,86e0k1gd7,Chevron,active retailers,"
",[],none,,0,0,,,"Thursday, March 26th 2026, 12:15:32 pm -04:00","Thursday, April 16th 2026, 2:38:49 pm -04:00",,,Matt Smith,VSM - Processing Support,hidden,PS Retailer Hub,[],[],,[PS Retailer Hub],[],,,,,34h,725 hours,,0,,,8,N/A,,Marion Kang,,https://fadmin.flippback.com/merchants/6548/dashboard,PS Eligible,,,https://fadmin.flippback.com/merchants/6548/ftp_files,Ad-Hoc,,,,11571,,Jenna Toppan,,,6548,,https://docs.google.com/document/d/1El0hORzuV4-hzYT9pbk-0Zg3tRV7co7zwBVjpcW94d0/edit?tab=t.0#heading=h.y2dgj7b691i1,,,PS Eligible,,,,,,Chevron,,Core,,,PS Eligible,,,,,
Task,86dtu2pd6,Chuck's Fresh Markets,active retailers,,[],none,,0,0,,,"Thursday, June 13th 2024, 6:21:30 pm -04:00","Thursday, April 9th 2026, 10:40:44 am -04:00",,,Matt Smith,VSM - Processing Support,hidden,PS Retailer Hub,[],[],,[PS Retailer Hub],[],,,,,,4173 hours,,0,5,,5,Grocery,,Clifford Fernandes,,https://fadmin.flippback.com/merchants/3115/dashboard,PS Eligible,,10,https://fadmin.flippback.com/merchants/3115/ftp_files,Weekly,,https://docs.google.com/document/d/1iWUjtY8t5Uijt_bxTvPGfhqrYG36kuWmCHeCZv1pwTU/edit,,11623,,Clifford Fernandes,,,3115,,https://docs.google.com/document/d/1eAf5Q6EE7XXEcHHA8c51AhJCyYcglWhTTq678inmTdA/edit?usp=drive_link,Longtail,Instructions Missing,PS Eligible,,,,,,Chuck's Fresh Markets,,Longtail,Longtail,25,PS Eligible,,10,,,"Tuesday, January 19th 2027"
Task,86dzp2p9z,Clover Farm (Sobeys),active retailers,"
",[],none,,0,0,,,"Friday, February 6th 2026, 4:57:41 pm -05:00","Wednesday, April 15th 2026, 4:34:14 pm -04:00",,,Matt Smith,VSM - Processing Support,hidden,PS Retailer Hub,[],[],,[PS Retailer Hub],[],,,,,,1149 hours,,0,,,5,Grocery,,Rushia Fernandes,,https://fadmin.flippback.com/merchants/3711/dashboard,PS Eligible,,,https://fadmin.flippback.com/merchants/3711/ftp_files,Weekly,,,,3794,,Kim Potashner,,,3711,,https://docs.google.com/document/d/1SScC27emf37pTgSFShXv3pGKtMO0h7DAowVFNnyGN2M/edit#heading=h.pgj76ki6yia0,,,OPS,,Sobeys,,,,,,Core PLUS,,,PS Eligible,,,,,
Task,86dzp2pag,Clover Farm ONT (Sobeys),active retailers,"
",[],none,,0,0,,,"Friday, February 6th 2026, 4:57:42 pm -05:00","Wednesday, April 15th 2026, 4:34:17 pm -04:00",,,Matt Smith,VSM - Processing Support,hidden,PS Retailer Hub,[],[],,[PS Retailer Hub],[],,,,,,1149 hours,,0,,,5,Grocery,,Rushia Fernandes,,https://fadmin.flippback.com/merchants/3711/dashboard,PS Eligible,,,https://fadmin.flippback.com/merchants/3711/ftp_files,Weekly,,,,8866,,Kim Potashner,,,3711,,https://docs.google.com/document/d/1SScC27emf37pTgSFShXv3pGKtMO0h7DAowVFNnyGN2M/edit#heading=h.pgj76ki6yia0,,,OPS,,Sobeys,,,,,,Core PLUS,,,PS Eligible,,,,,
Task,86dtu2pdr,Club Piscine,active retailers,,[],none,,0,0,,,"Thursday, June 13th 2024, 6:21:32 pm -04:00","Thursday, April 16th 2026, 8:03:11 pm -04:00",,,Matt Smith,VSM - Processing Support,hidden,PS Retailer Hub,[],[],,[PS Retailer Hub],[],,,,,,16460 hours,,0,0,,10,Home Improvement,,Adnela Fejzulovic,,https://fadmin.flippback.com/merchants/5611/dashboard,PS Eligible,,20,https://fadmin.flippback.com/merchants/5611/ftp_files,Monthly,,,,7979,,Roni Grigorian,,,5611,,https://docs.google.com/document/d/1LYN1e-YorL7xiokFDooOuNnCPFVy9C3tAinMXzABnqU/edit?tab=t.0#heading=h.y2dgj7b691i1,,,OPS,,,,,,Club Piscine,,Longtail,3,30,PS Eligible,,10,,,"Tuesday, September 29th 2026"
Task,86e0ku9me,Club Piscine,active retailers,"
",[],none,,0,0,,,"Friday, March 27th 2026, 12:54:53 pm -04:00","Wednesday, April 15th 2026, 4:35:15 pm -04:00",,,Matt Smith,VSM - Processing Support,hidden,PS Retailer Hub,[],[],,[PS Retailer Hub],[],,,,,35h,725 hours,,0,,,7,Home Improvement,,Adnela Fejzulovic,,https://fadmin.flippback.com/merchants/5611/dashboard,PS Eligible,,,https://fadmin.flippback.com/merchants/5611/ftp_files,Ad-Hoc,,,,11716,,Roni Grigorian,,,5611,,https://docs.google.com/document/d/1LYN1e-YorL7xiokFDooOuNnCPFVy9C3tAinMXzABnqU/edit?tab=t.0#heading=h.y2dgj7b691i1,,,PS Eligible,,,,,,Club Piscine,,Longtail,,,PS Eligible,,,,,
Task,86dzp2pah,Co-op (Sobeys),active retailers,"
",[],none,,0,0,,,"Friday, February 6th 2026, 4:57:42 pm -05:00","Wednesday, April 15th 2026, 4:34:56 pm -04:00",,,Matt Smith,VSM - Processing Support,hidden,PS Retailer Hub,[],[],,[PS Retailer Hub],[],,,,,,1149 hours,,0,,,5,Grocery,,Rushia Fernandes,,https://fadmin.flippback.com/merchants/3713/dashboard,PS Eligible,,,https://fadmin.flippback.com/merchants/3713/ftp_files,Weekly,,,,3796,,Kim Potashner,,,3713,,https://docs.google.com/document/d/1SpnaoIR3JG0iUVrbUPpYT0IeDki7LzPE6K7jvljpVU8/edit#heading=h.y2dgj7b691i1,,,OPS,,Sobeys,,,,,,Core PLUS,,,PS Eligible,,,,,
Task,86dzp2p5x,Co-op Ag,active retailers,"
",[],none,,0,0,,,"Friday, February 6th 2026, 4:57:29 pm -05:00","Wednesday, April 15th 2026, 4:35:32 pm -04:00",,,Matt Smith,VSM - Processing Support,hidden,PS Retailer Hub,[],[],,[PS Retailer Hub],[],,,,,25m,1149 hours,,0,,,5,Home Improvement,,Rushia Fernandes,,https://fadmin.flippback.com/merchants/3346/dashboard,PS Eligible,,,https://fadmin.flippback.com/merchants/3346/ftp_files,Ad-Hoc,,,,3359,,Hammna Qureshi,,,3346,,https://docs.google.com/document/d/1aEUtJIKIoqA-dzuSL5roMs0mZOpvnGRanNTjbsGnqGg/edit,,,PS Eligible,,Federated Coop Limited,,,,,,Core,,,PS Eligible,,,,,
Task,86du37jpm,Co-op Essentials,active retailers,,[],none,,0,0,,,"Wednesday, July 10th 2024, 2:52:36 pm -04:00","Thursday, April 9th 2026, 10:40:44 am -04:00",,,Matt Smith,VSM - Processing Support,hidden,PS Retailer Hub,[],[],,[PS Retailer Hub],[],,,,,,15677 hours,,0,0,,6,Grocery,,Alexandra Van Wissen,,https://fadmin.flippback.com/merchants/6651/dashboard,PS Eligible,,15,https://fadmin.flippback.com/merchants/6651/ftp_files,Weekly,,,,11740,,Hammna Qureshi,,,6651,,https://docs.google.com/document/d/1tfIZInIzcxw8duodvZhM7qae44Wijf404rSkywH-mTE/edit#heading=h.y2dgj7b691i1,,,OPS,,Federated Coop Limited,,,,Co-op Essentials,,Core,2,30,PS Eligible,,15,,,"Tuesday, January 27th 2026"
Task,86e0ku9fr,Co-op Food,active retailers,"
",[],none,,0,0,,,"Friday, March 27th 2026, 12:54:47 pm -04:00","Wednesday, April 15th 2026, 4:35:48 pm -04:00",,,Matt Smith,VSM - Processing Support,hidden,PS Retailer Hub,[],[],,[PS Retailer Hub],[],,,,,45h,725 hours,,0,,,7,Grocery,,Alexandra Van Wissen,,https://fadmin.flippback.com/merchants/3283/dashboard,OPS,,,https://fadmin.flippback.com/merchants/3283/ftp_files,Weekly,,,,3277,,Hammna Qureshi,,,3283,,https://docs.google.com/document/u/0/d/1ZTTdhlBPmcBJLfRbAM4WL5uagn0Cybu_wDjtI4K2H1M/edit,,,PS Eligible,,,,,,Co-op Food,,Core,,,PS Eligible,,,,,
Task,86durc3mq,Co-op Food (6305),active retailers,"Watch out for run dates as they can change based on the month. Check page 1 PDF always to confirm dates
",[],none,,0,0,,,"Wednesday, September 25th 2024, 3:37:17 pm -04:00","Thursday, April 9th 2026, 10:40:44 am -04:00",,,Matt Smith,VSM - Processing Support,hidden,PS Retailer Hub,[],[],,[PS Retailer Hub],[],,,,,,13606 hours,,0,0,,6,Grocery,,Alexandra Van Wissen,,https://fadmin.flippback.com/merchants/3283/dashboard,PS Eligible,,15,https://fadmin.flippback.com/merchants/3283/ftp_files,Monthly,,,,6305,,Hammna Qureshi,,,3283,,https://docs.google.com/document/d/1ZTTdhlBPmcBJLfRbAM4WL5uagn0Cybu_wDjtI4K2H1M/edit#heading=h.y2dgj7b691i1,,,OPS,,Federated Coop Limited,,,,Co-op Food (6305),,Core,2,25,PS Eligible,,10,,,"Tuesday, November 24th 2026"
Task,86durc3n8,Co-op Food (9941),active retailers,"Make sure to watch out for the dates. Depending on the month they can change.
",[],none,,0,0,,,"Wednesday, September 25th 2024, 3:37:19 pm -04:00","Thursday, April 9th 2026, 10:40:44 am -04:00",,,Matt Smith,VSM - Processing Support,hidden,PS Retailer Hub,[],[],,[PS Retailer Hub],[],,,,,,13606 hours,,0,0,,6,Grocery,,Alexandra Van Wissen,,https://fadmin.flippback.com/merchants/3283/dashboard,PS Eligible,,15,https://fadmin.flippback.com/merchants/3283/ftp_files,Monthly,,,,9942,,Hammna Qureshi,,,3283,,https://docs.google.com/document/d/1ZTTdhlBPmcBJLfRbAM4WL5uagn0Cybu_wDjtI4K2H1M/edit#heading=h.y2dgj7b691i1,,,OPS,,Federated Coop Limited,,,,Co-op Food (9941),,Core,2,25,PS Eligible,,10,,,"Tuesday, November 24th 2026"
Task,86dzp2p60,Co-op Gas Bar,active retailers,"
",[],none,,0,0,,,"Friday, February 6th 2026, 4:57:30 pm -05:00","Wednesday, April 15th 2026, 4:36:01 pm -04:00",,,Matt Smith,VSM - Processing Support,hidden,PS Retailer Hub,[],[],,[PS Retailer Hub],[],,,,,15m,1149 hours,,0,,,5,Automotive,,Rushia Fernandes,,https://fadmin.flippback.com/merchants/5827/dashboard,PS Eligible,,,https://fadmin.flippback.com/merchants/5827/ftp_files,Monthly,,,,10718,,Hammna Qureshi,,,5827,,https://docs.google.com/document/d/1rehrXOORXHDQtyTsyk3RNhQIQ-gTvgbi0_SDoKMZw2w/edit?tab=t.0#heading=h.y2dgj7b691i1,,,PS Eligible,,Federated Coop Limited,,,,,,Core,,,PS Eligible,,,,,
Task,86duwhf8m,Co-op Home,active retailers,"This is going to be for the Pro-Grade publications under Co-op Home. They can change from Weekly cadence to Bi-Weekly so checking the dates at the bottom of page 1 is very important.
",[],none,,0,0,,,"Thursday, October 10th 2024, 4:00:09 pm -04:00","Thursday, April 9th 2026, 10:40:44 am -04:00",,,Matt Smith,VSM - Processing Support,hidden,PS Retailer Hub,[],[],,[PS Retailer Hub],[],,,,,35m,13606 hours,,0,,,6,Grocery,,Alexandra Van Wissen,,https://fadmin.flippback.com/merchants/3347/dashboard,OPS,,15,https://fadmin.flippback.com/merchants/3347/ftp_files,Weekly,,,,3361,,Hammna Qureshi,,,3347,,https://docs.google.com/document/d/1VYnI7mG6lHx7maS-OK2-gp2I5jwz9cn2fdqrsZJ3hSE/edit#heading=h.y2dgj7b691i1,,,PS Eligible,,Federated Coop Limited,,,,Co-op Home,,Core,2,15,PS Eligible,,,,,
Task,86dx62dw0,Co-op Liquor,active retailers,"New Flipp retailer as of June 2025. 

Falls under the Federated Co-op family. 
",[],none,,0,0,,,"Thursday, July 3rd 2025, 4:55:27 pm -04:00","Thursday, April 9th 2026, 10:40:44 am -04:00",,,Matt Smith,VSM - Processing Support,hidden,PS Retailer Hub,[],[],,[PS Retailer Hub],[],,,,,,7108 hours,,0,,,9,"Alcohol, Wine and Spirits",,Alexandra Van Wissen,,https://fadmin.flippback.com/merchants/3349/dashboard,PS Eligible,,20,https://fadmin.flippback.com/merchants/3349/ftp_files,Bi-Weekly,,,,12121,,Hammna Qureshi,,,3349,,https://docs.google.com/document/d/1I5tXYVpqgyE78HtNgDRhd2TsCurLGI6V0GxV4Tr7oy4/edit?tab=t.0#heading=h.y2dgj7b691i1,,,OPS,,Federated Coop Limited,,,,Co-op Liquor,,Core,Core +,30,PS Eligible,,10,,,"Tuesday, December 22nd 2026"
Task,86e06g8ee,Co-op Liquor Outlet,active retailers,"Falls under the Federated Co-op family. 


",[],none,,0,0,,,"Wednesday, March 4th 2026, 3:30:37 pm -05:00","Thursday, April 9th 2026, 10:40:44 am -04:00",,,Sharlene Nguy,VSM - Processing Support,hidden,PS Retailer Hub,[],[],,[PS Retailer Hub],[],,,,,,,,0,,,9,"Alcohol, Wine and Spirits",,Alexandra Van Wissen,,https://fadmin.flippback.com/merchants/3349/dashboard,PS Eligible,,20,https://fadmin.flippback.com/merchants/3349/ftp_files,Bi-Weekly,,,,12122,,Hammna Qureshi,,,3349,,https://docs.google.com/document/d/1I5tXYVpqgyE78HtNgDRhd2TsCurLGI6V0GxV4Tr7oy4/edit?tab=t.0#heading=h.y2dgj7b691i1,,,OPS,,Federated Coop Limited,,,,Co-op Liquor,,Core,Core +,30,PS Eligible,,10,,,"Tuesday, December 22nd 2026"
Task,86durc3hv,Coastal Farm,active retailers,,[],none,,0,0,,,"Wednesday, September 25th 2024, 3:37:11 pm -04:00","Thursday, April 9th 2026, 10:40:44 am -04:00",,,Matt Smith,VSM - Processing Support,hidden,PS Retailer Hub,[],[],,[PS Retailer Hub],[],,,,,15m,13606 hours,,0,0,,6,Home Improvement,,Marion Kang,,https://fadmin.flippback.com/merchants/3904/dashboard,PS Eligible,,0,https://fadmin.flippback.com/merchants/3904/ftp_files,Ad-Hoc,,,,4175,,Alexandra Van Wissen,,,3904,,https://docs.google.com/document/d/1qU6874NurYkV57tlFMTOGfWcsV9az7b4VHqtBFiDWKY/edit,,,PS Eligible,,,,,,Coastal Farm,,Longtail,3,0,PS Eligible,,0,,,
Task,86dtu2pe4,Cohen's Home Furnishings,active retailers,,[],none,,0,0,,,"Thursday, June 13th 2024, 6:21:34 pm -04:00","Thursday, April 9th 2026, 10:40:44 am -04:00",,,Matt Smith,VSM - Processing Support,hidden,PS Retailer Hub,[],[],,[PS Retailer Hub],[],,,,,30m,16460 hours,,0,0,,8,"Home Goods, Furniture & Appliances",,Adnela Fejzulovic,,https://fadmin.flippback.com/merchants/4565/dashboard,PS Eligible,,30,https://fadmin.flippback.com/merchants/4565/ftp_files,Monthly,,,,5160,,Megan Kernaghan,,,4565,,https://docs.google.com/document/d/1A0gDh0m2QAmY_d2T8a-ndZ3ZXuGtqfEUfqoLP1U4Wsk/edit?tab=t.0#heading=h.qzowlkink50n,,,PS Eligible,,,,,,Cohen's Home Furnishings,,Longtail,4,45,PS Eligible,,15,,,"Saturday, December 26th 2026"
Task,86e0edfh6,Copp's Buildall,active retailers,"
",[],none,,0,0,,,"Wednesday, March 18th 2026, 12:21:53 pm -04:00","Thursday, April 9th 2026, 10:40:44 am -04:00",,,Matt Smith,VSM - Processing Support,hidden,PS Retailer Hub,[],[],,[PS Retailer Hub],[],,,,,,1006 hours,,0,,,6,Home Improvement,,Pending,,https://fadmin.flippback.com/merchants/4762/dashboard,PS Eligible,,,https://fadmin.flippback.com/merchants/4762/ftp_files,Ad-Hoc,,,,11274,,Rachel Kyryliuk,,,4762,,https://docs.google.com/document/d/1ggGyhMsstF-p9AMgeIMFp55V22yZ9Y1v2y4wYvaAEwA/edit?tab=t.0#heading=h.y2dgj7b691i1,,,PS Eligible,,,,,,,,Longtail,,,PS Eligible,,,,,
Task,86e0k1gp4,Copp's Buildall,active retailers,"
",[],none,,0,0,,,"Thursday, March 26th 2026, 12:15:46 pm -04:00","Wednesday, April 15th 2026, 4:37:02 pm -04:00",,,Matt Smith,VSM - Processing Support,hidden,PS Retailer Hub,[],[],,[PS Retailer Hub],[],,,,,45h,725 hours,,0,,,8,Home Improvement,,,,https://fadmin.flippback.com/merchants/4762/dashboard,PS Eligible,,,https://fadmin.flippback.com/merchants/4762/ftp_files,Ad-Hoc,,,,11274,,Rachel Kyryliuk,,,4762,,https://docs.google.com/document/d/1ggGyhMsstF-p9AMgeIMFp55V22yZ9Y1v2y4wYvaAEwA/edit?tab=t.0#heading=h.a3edicbl7weo,,,PS Eligible,,,,,,Copp's Buildall,,Longtail,,,PS Eligible,,,,,
Task,86e0k1gpc,Copp's Buildall,active retailers,"
",[],none,,0,0,,,"Thursday, March 26th 2026, 12:15:47 pm -04:00","Wednesday, April 15th 2026, 4:37:05 pm -04:00",,,Matt Smith,VSM - Processing Support,hidden,PS Retailer Hub,[],[],,[PS Retailer Hub],[],,,,,45h,725 hours,,0,,,8,Home Improvement,,,,https://fadmin.flippback.com/merchants/4762/dashboard,PS Eligible,,,https://fadmin.flippback.com/merchants/4762/ftp_files,Ad-Hoc,,,,11274,,Rachel Kyryliuk,,,4762,,https://docs.google.com/document/d/1ggGyhMsstF-p9AMgeIMFp55V22yZ9Y1v2y4wYvaAEwA/edit?tab=t.0#heading=h.a3edicbl7weo,,,PS Eligible,,,,,,Copp's Buildall,,Longtail,,,PS Eligible,,,,,
Task,86dzp0zdu,Cosmaroma,active retailers,"
",[],none,,0,0,,,"Friday, February 6th 2026, 3:48:08 pm -05:00","Wednesday, April 15th 2026, 4:37:16 pm -04:00",,,Matt Smith,VSM - Processing Support,hidden,PS Retailer Hub,[],[],,[PS Retailer Hub],[],,,,,20h,1990 hours,,0,,,4,[Brand],,Jenna Toppan,,https://fadmin.flippback.com/merchants/6810/dashboard,PS Eligible,,,https://fadmin.flippback.com/merchants/6810/ftp_files,Monthly,,,,12152,,Jenna Toppan,,,6810,,https://docs.google.com/document/d/1COBzM_5DMwuGfNcUYyBjMLHZmUSaUCYW0aiFX_crm00/edit?tab=t.0#heading=h.y2dgj7b691i1,,,PS Eligible,,,,,,Cosmaroma,,Longtail,Longtail,,PS Eligible,,,,,
Task,86dtu2peq,Couche-Tard,active retailers,,[],none,,0,0,,,"Thursday, June 13th 2024, 6:21:41 pm -04:00","Wednesday, April 15th 2026, 4:37:44 pm -04:00",,,Matt Smith,VSM - Processing Support,hidden,PS Retailer Hub,[],[],,[PS Retailer Hub],[],,,,,,16460 hours,,0,,,,[Brand],,,,https://fadmin.flippback.com/merchants/5590/dashboard,PS Eligible,,,https://fadmin.flippback.com/merchants/5590/ftp_files,Ad-Hoc,,,,7958,,,,,5590,,https://docs.google.com/document/d/1cGPKJI87lLNpZ6OF20V7ph4f6Dc0XZ9c9HFS2amGC18/edit?tab=t.0#heading=h.y2dgj7b691i1,,,OPS,,,,,,Couche-Tard,,No Active Relationship,4,,PS Eligible,,,,,
Task,86dtu2pf4,Crescent Gold & Diamonds,active retailers,"ad hoc
",[],none,,0,0,,,"Thursday, June 13th 2024, 6:21:44 pm -04:00","Thursday, April 9th 2026, 10:40:44 am -04:00",,,Matt Smith,VSM - Processing Support,hidden,PS Retailer Hub,[],[],,[PS Retailer Hub],[],,,,,35m,16460 hours,,0,0,,7,Specialty,,,,https://fadmin.flippback.com/merchants/6098/dashboard,PS Eligible,,15,https://fadmin.flippback.com/merchants/6098/ftp_files,Ad-Hoc,,,,10010,,Diandra Gonzalez Charris,,,6098,,https://docs.google.com/document/d/1h2fGS4vyug1-vB1zkmF_Zbv4x60YfTi3vz7-COvVL-0/edit?tab=t.0#heading=h.y2dgj7b691i1,,,PS Eligible,,Charm Diamond Centres,,,,Crescent Gold & Diamonds,,Longtail,4,25,PS Eligible,,10,,,
Task,86dxktf2v,Cub,active retailers,"
",[],none,,0,0,,,"Wednesday, August 27th 2025, 11:52:24 am -04:00","Thursday, April 9th 2026, 10:40:44 am -04:00",,,Andrea Caria,VSM - Processing Support,hidden,PS Retailer Hub,[],[],,[PS Retailer Hub],[],,,,,,5907 hours,,0,5,,7,Grocery,,Ebony Powell,Ops,https://fadmin.flippback.com/merchants/2584/dashboard,PS Eligible,PS Eligible,90,https://fadmin.flippback.com/merchants/2584/ftp_files,Weekly,,,,2416,,Roni Grigorian,Roni Grigorian,,2584,,https://docs.google.com/document/d/1IGQXiDsT5h_9Ru8PIY1-9OYi5Tr-OjA0i1xDB0icJgw/edit?tab=t.0#heading=h.y2dgj7b691i1,,,PS Eligible,PS Eligible,SuperValu USA,,Ebony Powell,,Cub,,Core,4,95,OPS,Ops,0,,,"Friday, January 2nd 2026"
Task,86e0k1gdt,CVS Pharmacy,active retailers,"Dates on flyer run often do not match dates on PDF. When in doubt, follow what is on page 1 of the PDFs and flag the discrepancy to the processor
",[],none,,0,0,,,"Thursday, March 26th 2026, 12:15:33 pm -04:00","Wednesday, April 15th 2026, 4:37:58 pm -04:00",,,Matt Smith,VSM - Processing Support,hidden,PS Retailer Hub,[],[],,[PS Retailer Hub],[],,,,,35h,725 hours,,0,,,8,Pharmacy,,Hannah Schiff-Kearn,,https://fadmin.flippback.com/merchants/2264-3/dashboard,PS Eligible,,,https://fadmin.flippback.com/merchants/2264-3/ftp_files,Bi-Weekly,,,,8802,,Kayla Summerhayes,,,2264-3,,https://docs.google.com/document/d/1IHjYNkHXNY6nLtOa_oKs2ZSrKa41BWveiKrzBAU2B9w/edit?tab=t.0#heading=h.czifemt2tjvh,,,PS Eligible,,,,,,CVS Pharmacy,,Core,,,PS Eligible,,,,,
Task,86e0k1gdb,CVS Pharmacy,active retailers,"This is a Vanilla flyer where Box and Tag are marked complete by the uploader. FQC can immediately follow Upload with no delay
",[],none,,0,0,,,"Thursday, March 26th 2026, 12:15:32 pm -04:00","Wednesday, April 15th 2026, 4:38:02 pm -04:00",,,Matt Smith,VSM - Processing Support,hidden,PS Retailer Hub,[],[],,[PS Retailer Hub],[],,,,,25h,725 hours,,0,,,4,Pharmacy,,Hannah Schiff-Kearn,,https://fadmin.flippback.com/merchants/2264-2/dashboard,PS Eligible,,,https://fadmin.flippback.com/merchants/2264-2/ftp_files,Weekly,,,,6856,,Kayla Summerhayes,,,2264-2,,https://docs.google.com/document/d/1IHjYNkHXNY6nLtOa_oKs2ZSrKa41BWveiKrzBAU2B9w/edit?tab=t.0#heading=h.czifemt2tjvh,,,PS Eligible,,,,,,CVS Pharmacy,,Core,,,PS Eligible,,,,,
Task,86dtu2pg0,D&W Fresh Market,active retailers,,[],none,,0,0,,,"Thursday, June 13th 2024, 6:21:47 pm -04:00","Thursday, April 9th 2026, 10:40:44 am -04:00",,,Matt Smith,VSM - Processing Support,hidden,PS Retailer Hub,[],[],,[PS Retailer Hub],[],,,,,,16460 hours,,0,,,6,Grocery,,Marion Kang,,https://fadmin.flippback.com/merchants/2688/dashboard,PS Eligible,,,https://fadmin.flippback.com/merchants/2688/ftp_files,Weekly,,,,3506,,SE,,,2688,,https://docs.google.com/document/d/1F-fwBxQ2akV9l3lWrNhLSNxAF38wfG6zexwocv--Er4/edit?tab=t.0#heading=h.y2dgj7b691i1,,,OPS,,SpartanNash,,,,D&W Fresh Market,,Longtail,2,,PS Eligible,,,,,"Saturday, December 26th 2026"
Task,86dtu2pfp,D.O.T. Furniture,active retailers,"Since these are Ad-Hoc the DOC will build flyer runs as they come in.
Doc will upload files to FTP & notify PSS when ready for upload
",[],none,,0,0,,,"Thursday, June 13th 2024, 6:21:46 pm -04:00","Wednesday, April 15th 2026, 4:38:29 pm -04:00",,,Matt Smith,VSM - Processing Support,hidden,PS Retailer Hub,[],[],,[PS Retailer Hub],[],,,,,,16460 hours,,0,0,,,"Home Goods, Furniture & Appliances",,,,https://fadmin.flippback.com/merchants/2028/dashboard,PS Eligible,,30,https://fadmin.flippback.com/merchants/2028/ftp_files,Ad-Hoc,,,,11078,,Addie Dobson,,,2028,,https://docs.google.com/document/d/1sNp-tknAPZ7-tiIwW3dNC6IoA-hV8oKpmYuBwaI8vuU/edit?tab=t.0#heading=h.y2dgj7b691i1,,,OPS,,,,,,D.O.T. Furniture,,Longtail,4,40,PS Eligible,,10,,,
Task,86dzp0ze4,Dash's Market,active retailers,"
",[],none,,0,0,,,"Friday, February 6th 2026, 3:48:09 pm -05:00","Thursday, April 16th 2026, 8:03:48 pm -04:00",,,Matt Smith,VSM - Processing Support,hidden,PS Retailer Hub,[],[],,[PS Retailer Hub],[],,,,,20h,1990 hours,,0,,,6,Grocery,,Rushia Fernandes,,https://fadmin.flippback.com/merchants/3143/dashboard,PS Eligible,,,https://fadmin.flippback.com/merchants/3143/ftp_files,Weekly,,,,12139,,SE,,,3143,,https://docs.google.com/document/d/18XyazsArRftkPRYSvZTvAKxN8Nw1VZ07myO209LwVdE/edit,,,PS Eligible,,SpartanNash,,,,Dash's Market,,Longtail,Longtail,,PS Eligible,,,,,
Task,86duaxnrf,Decathlon Canada,active retailers,,[],none,,0,0,,,"Wednesday, August 7th 2024, 9:24:14 am -04:00","Wednesday, April 15th 2026, 4:38:50 pm -04:00",,,Matt Smith,VSM - Processing Support,hidden,PS Retailer Hub,[],[],,"[PS Retailer Hub, My Fake Retailer Dashboard]",[],,,,,,15146 hours,,0,0,,,[Brand],,,,https://fadmin.flippback.com/merchants/6134/dashboard,PS Eligible,,15,https://fadmin.flippback.com/merchants/6134/ftp_files,Ad-Hoc,,,,10228,,,,,6134,,https://flippit.atlassian.net/wiki/spaces/OP/pages/9438756882/Decathlon+Canada+Account+Guide,,Instructions Missing,PS Eligible,,,,,,Decathlon Canada,,No Active Relationship,5,25,PS Eligible,,10,,,
Task,86duaxnph,Deco Surfaces,active retailers,"Please note OneGuide is not yet complete but Upload & FQC Instructions have been added 
",[],none,,0,0,,,"Wednesday, August 7th 2024, 9:24:06 am -04:00","Thursday, April 9th 2026, 10:40:44 am -04:00",,,Matt Smith,VSM - Processing Support,hidden,PS Retailer Hub,[],[],,[PS Retailer Hub],[],,,,,,15146 hours,,0,0,,,Home Improvement,,Addie Dobson,,https://fadmin.flippback.com/merchants/6494/dashboard,PS Eligible,,15,https://fadmin.flippback.com/merchants/6494/ftp_files,Ad-Hoc,,,,11021,,Kayla Summerhayes,,,6494,,https://docs.google.com/document/d/1OnyBW8mP9vTafJJgIjijAS6wpm4T4-LP5729cRcAjwY/edit?tab=t.0#heading=h.y2dgj7b691i1,,Generic Instructions,PS Eligible,,,,,,Deco Surfaces,,Longtail,3,30,PS Eligible,,15,,,"Wednesday, December 31st 2025"
Task,86dtu2pgt,Dierbergs,active retailers,"Two Mass attachments to be attached during setup QC, Linking document and UPC document see guides for details
",[],none,,0,0,,,"Thursday, June 13th 2024, 6:21:51 pm -04:00","Thursday, April 9th 2026, 10:40:44 am -04:00",,,Matt Smith,VSM - Processing Support,hidden,PS Retailer Hub,[],[],,[PS Retailer Hub],[],,,,,,16460 hours,,0,10,,5,Grocery,,Rushia Fernandes,,https://fadmin.flippback.com/merchants/2558/dashboard,PS Eligible,,10,https://fadmin.flippback.com/merchants/2558/ftp_files,Weekly,,,,3087,,Addie Dobson,,,2558,,https://docs.google.com/document/d/1b6ibSPSGy0-_X3RUIjdv6lqqVvXVRHozGy6XcSwZISc/edit?tab=t.0#heading=h.uvgwex3dbpuy,,,OPS,,,,,,Dierbergs,,Longtail,3,35,PS Eligible,,15,,,"Tuesday, September 29th 2026"
Task,86dzp2p8u,Dillons 615,active retailers,"
",[],none,,0,0,,,"Friday, February 6th 2026, 4:57:37 pm -05:00","Wednesday, April 15th 2026, 4:39:19 pm -04:00",,,Matt Smith,VSM - Processing Support,hidden,PS Retailer Hub,[],[],,[PS Retailer Hub],[],,,,,,1149 hours,,0,,,6,Grocery,,Addie Dobson,,https://fadmin.flippback.com/merchants/2400/dashboard,PS Eligible,,,https://fadmin.flippback.com/merchants/2400/ftp_files,Weekly,,,,5574,,Hammna Qureshi,,,2400,,https://docs.google.com/document/d/1vMpgwKQXwOGb4w3AOvlxT84QVEBib0zC_oPnftF_xw4/edit?tab=t.0#heading=h.y2dgj7b691i1,,,OPS,,Kroger,,,,,,Core PLUS,,,OPS,,,,,
Task,86dtu2phc,Dillonvale IGA,active retailers,,[],none,,0,0,,,"Thursday, June 13th 2024, 6:21:52 pm -04:00","Thursday, April 9th 2026, 10:40:44 am -04:00",,,Matt Smith,VSM - Processing Support,hidden,PS Retailer Hub,[],[],,[PS Retailer Hub],[],,,,,,16460 hours,,0,,,6,Grocery,,Marion Kang,,https://fadmin.flippback.com/merchants/3149/dashboard,PS Eligible,,,https://fadmin.flippback.com/merchants/3149/ftp_files,Weekly,,,,10950,,SE,,,3149,,https://docs.google.com/document/d/1E-LemHwcZCCR7yh9TFClTBGOJ72MhrqPIpMrF8xrsjQ/edit?tab=t.0#heading=h.y2dgj7b691i1,,,OPS,,SpartanNash,,,,Dillonvale IGA,,Longtail,,,PS Eligible,,,,,"Saturday, December 26th 2026"
Task,86dtu2phv,Dollar Tree,active retailers,"information for basket offers (items made with multiple $1.25 items) are found in the email. During FQC you see if any basket offers were highlighted in the asset email drop
",[],none,,0,0,,,"Thursday, June 13th 2024, 6:21:53 pm -04:00","Thursday, April 9th 2026, 10:40:44 am -04:00",,,Matt Smith,VSM - Processing Support,hidden,PS Retailer Hub,[],[],,[PS Retailer Hub],[],,,,,,16460 hours,,0,10,,,Dollar,,Jessica Tam,,https://fadmin.flippback.com/merchants/2479/dashboard,PS Eligible,,60,https://fadmin.flippback.com/merchants/2479/ftp_files,Ad-Hoc,,,,8033,,Diandra Gonzalez Charris,,,2479,,https://docs.google.com/document/d/111JHQBHHcGOPXZhPlPL6_BHOxQbBCtv-Dl0C9DGU4Hw/edit?tab=t.0#heading=h.35qcqd1orzvx,,Instructions Missing,PS Eligible,,,,,,Dollar Tree,,Core PLUS,4,85,PS Eligible,,15,,,"Saturday, January 31st 2026"
Task,86dzp2p69,Dufresne,active retailers,"
",[],none,,0,0,,,"Friday, February 6th 2026, 4:57:30 pm -05:00","Wednesday, April 15th 2026, 4:39:42 pm -04:00",,,Matt Smith,VSM - Processing Support,hidden,PS Retailer Hub,[],[],,[PS Retailer Hub],[],,,,,30m,1149 hours,,0,,,7,"Home Goods, Furniture & Appliances",,Addie Dobson,,https://fadmin.flippback.com/merchants/2037/dashboard,PS Eligible,,,https://fadmin.flippback.com/merchants/2037/ftp_files,Monthly,,,,148,,Roni Grigorian,,,2037,,https://docs.google.com/document/d/1ECTSom1Eg16EZ58s5-spBkSQeClSgagWS_ZrmNPVjgU/edit#heading=h.y2dgj7b691i1,,,PS Eligible,,,,,,,,Longtail,,,PS Eligible,,,,,
Task,86durc3p9,Ecotone,active retailers,,[],none,,0,0,,,"Wednesday, September 25th 2024, 3:37:22 pm -04:00","Thursday, April 9th 2026, 10:40:44 am -04:00",,,Matt Smith,VSM - Processing Support,hidden,PS Retailer Hub,[],[],,[PS Retailer Hub],[],,,,,25m,13967 hours,,0,0,,7,Sports & Outdoor,,Addie Dobson,,https://fadmin.flippback.com/merchants/4845/dashboard,PS Eligible,,20,https://fadmin.flippback.com/merchants/4845/ftp_files,Ad-Hoc,,,,6442,,Jenna Toppan,,,4845,,https://docs.google.com/document/d/1Ov1MbkJxsjYNr-sCs_ej5eEH9LBDsUgiRq1CLomokLg/edit?usp=sharing,,,PS Eligible,,Chaussure Pop,,,,Ecotone,,Longtail,3,20,PS Eligible,,0,,,
Task,86dzqthw5,El Rancho Supermercado,active retailers,"Flyer Type include weekly and monthly savings guide
",[],none,,0,0,,,"Tuesday, February 10th 2026, 12:21:27 pm -05:00","Thursday, April 16th 2026, 8:04:03 pm -04:00",,,Matt Smith,VSM - Processing Support,hidden,PS Retailer Hub,[],[],,[PS Retailer Hub],[],,,,,,1149 hours,,0,,,4,Grocery,,Addie Dobson,,https://fadmin.flippback.com/merchants/2699/dashboard,PS Eligible,,,https://fadmin.flippback.com/merchants/2699/ftp_files,Weekly,,,,9649,,Roni Grigorian,,,2699,,https://docs.google.com/document/d/1Z6wRn94bSo9Sabzapf8GIHElsPpOpn5iy89FKzSIPEc/edit?tab=t.0#heading=h.y2dgj7b691i1,,,OPS,,,,,,,,Longtail,,,PS Eligible,,,,,
Task,86dtu2pk0,Fabricland,active retailers,,[],none,,0,0,,,"Thursday, June 13th 2024, 6:22:01 pm -04:00","Wednesday, April 15th 2026, 4:40:23 pm -04:00",,,Matt Smith,VSM - Processing Support,hidden,PS Retailer Hub,[],[],,[PS Retailer Hub],[],,,,,40m,725 hours,,0,0,,7,Arts & Crafts,,Annastiina Peltola,,https://flyers.merchants.wishabi.ca/merchants/5105/dashboard,PS Eligible,,10,https://flyers.merchants.wishabi.ca/merchants/5105/ftp_files,Monthly,,,,6581,,Rachel Kyryliuk,,,5105,,https://docs.google.com/document/d/1WpGvk8mPuiMjOgnwnAhXgprbzh2zhtuRcbjvEUWnW64/edit,,,PS Eligible,,,,,,,,Longtail,3,20,PS Eligible,,10,,,
Task,86e0k1gdu,Familiprix,active retailers,"
",[],none,,0,0,,,"Thursday, March 26th 2026, 12:15:33 pm -04:00","Wednesday, April 15th 2026, 4:40:39 pm -04:00",,,Matt Smith,VSM - Processing Support,hidden,PS Retailer Hub,[],[],,[PS Retailer Hub],[],,,,,45h,725 hours,,0,,,5,Pharmacy,,Clifford Fernandes,,https://fadmin.flippback.com/merchants/1976/dashboard,PS Eligible,,,https://fadmin.flippback.com/merchants/1976/ftp_files,Weekly,,,,6924,,Addie Dobson,,,1976,,https://docs.google.com/document/d/1HuK6ihBgNqys7xjB4w9ihberVDvJvClhnDjkcy_OazY/edit?tab=t.0#heading=h.na08l2lr5mq3,,,PS Eligible,,,,,,,,Core,,,PS Eligible,,,,,
Task,86dzp2p6d,Family Fare,active retailers,"
",[],none,,0,0,,,"Friday, February 6th 2026, 4:57:30 pm -05:00","Wednesday, April 15th 2026, 4:40:51 pm -04:00",,,Matt Smith,VSM - Processing Support,hidden,PS Retailer Hub,[],[],,[PS Retailer Hub],[],,,,,35m,1149 hours,,0,,,6,Grocery,,Marion Kang,,https://fadmin.flippback.com/merchants/2543/dashboard,PS Eligible,,,https://fadmin.flippback.com/merchants/2543/ftp_files,Weekly,,,,3416,,Rachel Kyryliuk,,,2543,,https://docs.google.com/document/d/1xdqDuSnai1CeuJigXGTvUnuRZ3l_VsMHppW2-Zx_ZjA/edit?tab=t.0#heading=h.y2dgj7b691i2,,,PS Eligible,,SpartanNash,,,,,,Longtail,,,PS Eligible,,,,,
Task,86dzp2p6f,Family Fare,active retailers,"
",[],none,,0,0,,,"Friday, February 6th 2026, 4:57:31 pm -05:00","Wednesday, April 15th 2026, 4:40:58 pm -04:00",,,Matt Smith,VSM - Processing Support,hidden,PS Retailer Hub,[],[],,[PS Retailer Hub],[],,,,,35m,1149 hours,,0,,,6,Grocery,,Marion Kang,,https://fadmin.flippback.com/merchants/2543/dashboard,PS Eligible,,,https://fadmin.flippback.com/merchants/2543/ftp_files,Weekly,,,,10961,,Rachel Kyryliuk,,,2543,,https://docs.google.com/document/d/1xdqDuSnai1CeuJigXGTvUnuRZ3l_VsMHppW2-Zx_ZjA/edit?tab=t.0#heading=h.y2dgj7b691i3,,,PS Eligible,,SpartanNash,,,,,,Longtail,,,PS Eligible,,,,,
Task,86dzp2npz,Family Foods CA,active retailers,"
",[],none,,0,0,,,"Friday, February 6th 2026, 4:56:52 pm -05:00","Friday, April 17th 2026, 10:03:04 am -04:00",,,Matt Smith,VSM - Processing Support,hidden,PS Retailer Hub,[],[],,[PS Retailer Hub],[],,,,,,1149 hours,,0,,,7,Grocery,,Jennifer Prado,,https://fadmin.flippback.com/merchants/3357/dashboard,OPS,,,https://fadmin.flippback.com/merchants/3357/ftp_files,Weekly,,,,6367,,Kim Potashner,,,3357,,https://docs.google.com/document/d/17eQ8dKvCZeKPtck2VN6iGkx1zu6UVgfvE_bhhikQyZM/edit#heading=h.y2dgj7b691i1,,,OPS,,Sobeys,,,,,,Core PLUS,,,PS Eligible,,,,,
Task,86dtu2pk8,Family Fresh Market,active retailers,,[],none,,0,0,,,"Thursday, June 13th 2024, 6:22:04 pm -04:00","Thursday, April 9th 2026, 10:40:44 am -04:00",,,Matt Smith,VSM - Processing Support,hidden,PS Retailer Hub,[],[],,[PS Retailer Hub],[],,,,,,16460 hours,,0,,,6,Grocery,,Marion Kang,,https://fadmin.flippback.com/merchants/2574/dashboard,PS Eligible,,,https://fadmin.flippback.com/merchants/2574/ftp_files,Weekly,,,,3678,,SE,,,2574,,https://docs.google.com/document/d/1cJ1XAZGvcUaBjEC5FtU72dH9wGxAZ_5ViF2LgXzlV5k/edit?tab=t.0#heading=h.y2dgj7b691i1,,,OPS,,SpartanNash,,,,Family Fresh Market,,Longtail,4,,PS Eligible,,,,,"Saturday, August 1st 2026"
Task,86e0k1gpg,Feeds 'N Needs,active retailers,"
",[],none,,0,0,,,"Thursday, March 26th 2026, 12:15:47 pm -04:00","Thursday, April 9th 2026, 10:40:44 am -04:00",,,Matt Smith,VSM - Processing Support,hidden,PS Retailer Hub,[],[],,[PS Retailer Hub],[],,,,,20h,725 hours,,0,,,8,Pet Care,,Marion Kang,,https://fadmin.flippback.com/merchants/6041/dashboard,PS Eligible,,,https://fadmin.flippback.com/merchants/6041/ftp_files,Ad-Hoc,,,,10903,,Alexandra Van Wissen,,,6041,,https://docs.google.com/document/d/15ER4cO-W7WMZzPNgmDm4Jqmt9wwgwk_8iy5MDOfP5i8/edit?tab=t.0#heading=h.y2dgj7b691i1,,,PS Eligible,,,,,,Feeds 'N Needs,,Longtail,,,PS Eligible,,,,,
Task,86e0k1gpm,Festival Foods,active retailers,"
",[],none,,0,0,,,"Thursday, March 26th 2026, 12:15:47 pm -04:00","Wednesday, April 15th 2026, 4:42:04 pm -04:00",,,Matt Smith,VSM - Processing Support,hidden,PS Retailer Hub,[],[],,[PS Retailer Hub],[],,,,,22h,725 hours,,0,,,8,Grocery,,Alexandra Van Wissen,,https://fadmin.flippback.com/merchants/2422/dashboard,PS Eligible,,,https://fadmin.flippback.com/merchants/2422/ftp_files,Weekly,,,,11787,,Roni Grigorian,,,2422,,https://docs.google.com/document/d/1fs4dLxevFR_WG10lCPj86rB1YS7alpQPpf21ZNeQPZg/edit?tab=t.0#heading=h.y2dgj7b691i1,,,PS Eligible,,,,,,Festival Foods,,Longtail,,,PS Eligible,,,,,
Task,86e0k1gq2,Festival Foods,active retailers,"
",[],none,,0,0,,,"Thursday, March 26th 2026, 12:15:48 pm -04:00","Wednesday, April 15th 2026, 4:42:07 pm -04:00",,,Matt Smith,VSM - Processing Support,hidden,PS Retailer Hub,[],[],,[PS Retailer Hub],[],,,,,22h,725 hours,,0,,,8,Grocery,,Alexandra Van Wissen,,https://fadmin.flippback.com/merchants/2422/dashboard,PS Eligible,,,https://fadmin.flippback.com/merchants/2422/ftp_files,Weekly,,,,11932,,Roni Grigorian,,,2422,,https://docs.google.com/document/d/1fs4dLxevFR_WG10lCPj86rB1YS7alpQPpf21ZNeQPZg/edit?tab=t.0#heading=h.y2dgj7b691i1,,,PS Eligible,,,,,,Festival Foods,,Longtail,,,PS Eligible,,,,,
Task,86dx66mcv,Food Depot,active retailers,"They usually have issues with the SFTP, so they often have to send files over email
",[],none,,0,0,,,"Friday, July 4th 2025, 11:15:04 am -04:00","Thursday, April 9th 2026, 10:40:44 am -04:00",,,Zoe Lam,VSM - Processing Support,hidden,PS Retailer Hub,[],[],,[PS Retailer Hub],[],,,,,,7108 hours,,0,,,4,Grocery,,Megan Kernaghan,,https://fadmin.flippback.com/merchants/2916/dashboard,PS Eligible,,15,https://fadmin.flippback.com/merchants/2916/ftp_files,Weekly,,,,12008,,Megan Kernaghan,,,2916,,https://docs.google.com/document/d/1Ozjc26SH7-f4iWFeZ5Luge77KhQZsZC-ubPxcmjH9Ds/edit?tab=t.0#heading=h.y2dgj7b691i1,,,PS Eligible,,,,,,Food Depot,,Longtail,Core +,40,PS Eligible,,25,,,"Sunday, January 31st 2027"
Task,86duwhf80,Food Fare,active retailers,,[],none,,0,0,,,"Thursday, October 10th 2024, 4:00:06 pm -04:00","Thursday, April 16th 2026, 8:05:55 pm -04:00",,,Matt Smith,VSM - Processing Support,hidden,PS Retailer Hub,[],[],,[PS Retailer Hub],[],,,,,,13606 hours,,0,,,7,Grocery,,Addie Dobson,,https://fadmin.flippback.com/merchants/5479/dashboard,PS Eligible,,10,https://fadmin.flippback.com/merchants/5479/ftp_files,Weekly,,,,11825,,Jenna Toppan,,,5479,,https://docs.google.com/document/d/1TxSTflsmDdiqcE5GH9p61EPKWDkAVCk_Cgbxo5eK13A/edit#heading=h.y2dgj7b691i1,,,OPS,,,,,,Food Fare,,Longtail,4,20,PS Eligible,,10,,,"Thursday, April 23rd 2026"
Task,86e0k1ge0,Food Lion,active retailers,"
",[],none,,0,0,,,"Thursday, March 26th 2026, 12:15:34 pm -04:00","Wednesday, April 15th 2026, 4:42:16 pm -04:00",,,Matt Smith,VSM - Processing Support,hidden,PS Retailer Hub,[],[],,[PS Retailer Hub],[],,,,,100h,725 hours,,0,,,7,Grocery,,Adnela Fejzulovic,,https://fadmin.flippback.com/merchants/2100/dashboard,OPS,,,https://fadmin.flippback.com/merchants/2100/ftp_files,Weekly,,,,210,,Jenna Toppan,,,2100,,https://docs.google.com/document/d/1_QakDsRnIaJxYVckQgnHHolXDvpAr4ICQYfk0s4bU3w/edit?tab=t.80qqnk3fzid6,,,OPS,,,,,,Food Lion,,Core,,,PS Eligible,,,,,
Task,86dtu2pmd,FoodMaxx,active retailers,"retailer notifies via email once files are dropped onto FTP
sometimes items aren't tagged correctly (completely different name for the item)
",[],none,,0,0,,,"Thursday, June 13th 2024, 6:22:18 pm -04:00","Thursday, April 16th 2026, 8:06:25 pm -04:00",,,Matt Smith,VSM - Processing Support,hidden,PS Retailer Hub,[],[],,[PS Retailer Hub],[],,,,,,16460 hours,,0,0,,7,Grocery,,Sabrina Ho,,https://fadmin.flippback.com/merchants/3075/dashboard,PS Eligible,,30,https://fadmin.flippback.com/merchants/3075/ftp_files,Ad-Hoc,,,,3650,,Diandra Gonzalez Charris,,,3075,,https://docs.google.com/document/d/1jaH0HRoQRQv75kzgii84iW9Rl1eOBrEye1CWAfId3wc/edit,,,OPS,,Save Mart,,,,FoodMaxx,,Core,4,50,PS Eligible,,20,,,
Task,86dtu2pmn,Forest Hills Foods,active retailers,,[],none,,0,0,,,"Thursday, June 13th 2024, 6:22:22 pm -04:00","Thursday, April 9th 2026, 10:40:44 am -04:00",,,Matt Smith,VSM - Processing Support,hidden,PS Retailer Hub,[],[],,[PS Retailer Hub],[],,,,,,16460 hours,,0,,,6,Grocery,,Marion Kang,,https://fadmin.flippback.com/merchants/2689/dashboard,PS Eligible,,,https://fadmin.flippback.com/merchants/2689/ftp_files,Weekly,,,,3507,,SE,,,2689,,https://docs.google.com/document/d/1YFSjT89Os9kJt95nbSkKRvtDK6NhW72M6MgnpZajg4c/edit?tab=t.0#heading=h.y2dgj7b691i1,,,OPS,,SpartanNash,,,,Forest Hills Foods,,Longtail,4,,PS Eligible,,,,,"Saturday, December 26th 2026"
Task,86dzp2p8t,Fred Meyer 701,active retailers,"
",[],none,,0,0,,,"Friday, February 6th 2026, 4:57:37 pm -05:00","Wednesday, April 15th 2026, 4:43:09 pm -04:00",,,Matt Smith,VSM - Processing Support,hidden,PS Retailer Hub,[],[],,[PS Retailer Hub],[],,,,,,1149 hours,,0,,,7,Grocery,,Ebony Powell,,https://fadmin.flippback.com/merchants/2392/dashboard,PS Eligible,,,https://fadmin.flippback.com/merchants/2392/ftp_files,Weekly,,,,3215,,Hammna Qureshi,,,2392,,https://docs.google.com/document/d/1vMpgwKQXwOGb4w3AOvlxT84QVEBib0zC_oPnftF_xw4/edit?tab=t.0#heading=h.y2dgj7b691i1,,,OPS,,Kroger,,,,,,Core PLUS,,,OPS,,,,,
Task,86dtu2pmw,FRESH by Brookshires,active retailers,"This retailer is an mi9 account that receives subitems, DOC will be involved in checking that the subitems are appearing correctly after FQC is completed.
",[],none,,0,0,,,"Thursday, June 13th 2024, 6:22:23 pm -04:00","Thursday, April 9th 2026, 10:40:44 am -04:00",,,Matt Smith,VSM - Processing Support,hidden,PS Retailer Hub,[],[],,[PS Retailer Hub],[],,,,,,16460 hours,,0,0,,6,Grocery,,Marion Kang,,https://fadmin.flippback.com/merchants/2973/dashboard,PS Eligible,,30,https://fadmin.flippback.com/merchants/2973/ftp_files,Bi-Weekly,,,,8005,,Hammna Qureshi,,,8005,,https://docs.google.com/document/d/1DCZRfxseova3j51zVZTu3nyjHr9YlAybdBkiR2v-dqY/edit?usp=sharing,,Generic Instructions,PS Eligible,,Brookshire Grocery Company,,,,FRESH by Brookshire's,,Longtail,4,50,PS Eligible,,20,,,"Monday, January 4th 2027"
Task,86dtu2pn9,Fresh Madison Market,active retailers,,[],none,,0,0,,,"Thursday, June 13th 2024, 6:22:24 pm -04:00","Thursday, April 9th 2026, 10:40:44 am -04:00",,,Matt Smith,VSM - Processing Support,hidden,PS Retailer Hub,[],[],,[PS Retailer Hub],[],,,,,,16460 hours,,0,,,6,Grocery,,Marion Kang,,https://fadmin.flippback.com/merchants/4904/dashboard,PS Eligible,,,https://fadmin.flippback.com/merchants/4904/ftp_files,Weekly,,,,10949,,SE,,,4904,,https://docs.google.com/document/d/1e6QpuiveGYfFDlLQ_fYoM0BJbUWMmjT7xI0AVF9xgY0/edit?tab=t.0#heading=h.y2dgj7b691i1,,,OPS,,SpartanNash,,,,Fresh Madison Market,,Longtail,,,PS Eligible,,,,,"Saturday, December 26th 2026"
Task,86dzp2pak,FreshCo,active retailers,"
",[],none,,0,0,,,"Friday, February 6th 2026, 4:57:42 pm -05:00","Wednesday, April 15th 2026, 4:43:46 pm -04:00",,,Matt Smith,VSM - Processing Support,hidden,PS Retailer Hub,[],[],,[PS Retailer Hub],[],,,,,,1149 hours,,0,,,5,Grocery,,Rushia Fernandes,,https://fadmin.flippback.com/merchants/2267/dashboard,OPS,,,https://fadmin.flippback.com/merchants/2267/ftp_files,Weekly,,,,502,,Kim Potashner,,,2267,,https://docs.google.com/document/u/0/d/1qc79CgJuSoczAJXmum4YTGmWxqt_ODwgZWALMaZGCTM/edit,,,OPS,,Sobeys,,,,,,Core PLUS,,,PS Eligible,,,,,
Task,86duwhf3r,Freshmart (Atlantic),active retailers,"3-FL owns upload & preFQC tasks

FMA & FMO - 2 separate runs
",[],none,,0,0,,,"Thursday, October 10th 2024, 3:59:47 pm -04:00","Thursday, April 16th 2026, 8:07:26 pm -04:00",,,Matt Smith,VSM - Processing Support,hidden,PS Retailer Hub,[],[],,[PS Retailer Hub],[],,,,,,13606 hours,,0,,,5,Grocery,,Shabaz Malik,,https://fadmin.flippback.com/merchants/4640/dashboard,PS Eligible,,10,https://fadmin.flippback.com/merchants/4640/ftp_files,Weekly,,,,6015,,Roni Grigorian,,,4640,,https://docs.google.com/document/d/1oSrqQWkOYj_zdBARs0E7TTHWNwJAMsaaRcYMAU1nBKU/edit#heading=h.y2dgj7b691i1,,,OPS,,Loblaw Companies,,,,Freshmart (Atlantic),,Core PLUS,1,10,OPS,,,,,"Tuesday, December 1st 2026"
Task,86duwhf47,Freshmart (Ontario),active retailers,"3-FL owns upload & preFQC tasks

FMA & FMO - 2 separate runs
",[],none,,0,0,,,"Thursday, October 10th 2024, 3:59:49 pm -04:00","Thursday, April 16th 2026, 8:07:28 pm -04:00",,,Matt Smith,VSM - Processing Support,hidden,PS Retailer Hub,[],[],,[PS Retailer Hub],[],,,,,,13606 hours,,0,,,5,Grocery,,Shabaz Malik,,https://fadmin.flippback.com/merchants/4640/dashboard,PS Eligible,,10,https://fadmin.flippback.com/merchants/4640/ftp_files,Weekly,,,,6015,,Roni Grigorian,,,4640,,https://docs.google.com/document/d/1oSrqQWkOYj_zdBARs0E7TTHWNwJAMsaaRcYMAU1nBKU/edit#heading=h.y2dgj7b691i2,,,OPS,,Loblaw Companies,,,,Fresh (Ontario),,Core PLUS,1,10,OPS,,,,,"Tuesday, December 1st 2026"
Task,86dzp2p93,Fry's Food Stores 660,active retailers,"
",[],none,,0,0,,,"Friday, February 6th 2026, 4:57:38 pm -05:00","Wednesday, April 15th 2026, 4:44:09 pm -04:00",,,Matt Smith,VSM - Processing Support,hidden,PS Retailer Hub,[],[],,[PS Retailer Hub],[],,,,,,1149 hours,,0,,,7,Grocery,,Ebony Powell,,https://fadmin.flippback.com/merchants/2399/dashboard,PS Eligible,,,https://fadmin.flippback.com/merchants/2399/ftp_files,Weekly,,,,5571,,Hammna Qureshi,,,2399,,https://docs.google.com/document/d/1vMpgwKQXwOGb4w3AOvlxT84QVEBib0zC_oPnftF_xw4/edit?tab=t.0#heading=h.y2dgj7b691i1,,,OPS,,Kroger,,,,,,Core PLUS,,,OPS,,,,,
Task,86du37jrm,Gagnon - La Grande Quincaillerie,active retailers,,[],none,,0,0,,,"Wednesday, July 10th 2024, 2:52:42 pm -04:00","Thursday, April 9th 2026, 10:40:44 am -04:00",,,Matt Smith,VSM - Processing Support,hidden,PS Retailer Hub,[],[],,"[PS Retailer Hub, My Fake Retailer Dashboard]",[],,,,,,15677 hours,,0,0,,6,Home Improvement,,Marion Kang,,https://fadmin.flippback.com/merchants/6481/dashboard,PS Eligible,,15,https://fadmin.flippback.com/merchants/6481/ftp_files,Bi-Weekly,,,,11017,,SE,,,6481,,https://docs.google.com/document/d/16STfi9ElJ6QuJRalTXckIJ4Z55obYTM6Vxfv9jAG-3k/edit?tab=t.0#heading=h.y2dgj7b691i1,,Instructions Missing,PS Eligible,,,,,,Gagnon - La Grande Quincaillerie,,Longtail,4,25,PS Eligible,,10,,,"Wednesday, December 10th 2025"
Task,86duaxntk,Gallery1 Furniture,active retailers,"Tier is an estimate as it’s a newly onboarded retailer
",[],none,,0,0,,,"Wednesday, August 7th 2024, 9:24:21 am -04:00","Thursday, April 9th 2026, 10:40:44 am -04:00",,,Matt Smith,VSM - Processing Support,hidden,PS Retailer Hub,[],[],,[PS Retailer Hub],[],,,,,20m,15146 hours,,0,0,,6,"Home Goods, Furniture & Appliances",,Ebony Powell,,https://fadmin.flippback.com/merchants/3272/dashboard,PS Eligible,,10,https://fadmin.flippback.com/merchants/3272/ftp_files,Monthly,,,,11821,,Alexandra Van Wissen,,,3272,,https://docs.google.com/document/d/17uQXxIsgHP3Gf2QGmsabS-QpI2twXdvakt0MgQLOWK0/edit#heading=h.y2dgj7b691i1,,,OPS,,,,,,Gallery1 Furniture,,Longtail,4,15,PS Eligible,,5,,,
Task,86dzp2nqp,Garden Fresh Marketplace,active retailers,"
",[],none,,0,0,,,"Friday, February 6th 2026, 4:56:53 pm -05:00","Friday, April 17th 2026, 10:03:21 am -04:00",,,Matt Smith,VSM - Processing Support,hidden,PS Retailer Hub,[],[],,[PS Retailer Hub],[],,,,,,1149 hours,,0,,,7,Grocery,,Shabaz Malik,,https://fadmin.flippback.com/merchants/5463/dashboard,PS Eligible,,,https://fadmin.flippback.com/merchants/5463/ftp_files,Bi-Weekly,,,,12057,,Rachel Kyryliuk,,,5463,,https://docs.google.com/document/d/11nBej2Mg5fQvG_SWCt8pMfJQfbWkJx5SmLXd-lluPv4/edit?tab=t.0#heading=h.gejosyr0iiv6,,,OPS,,,,,,,,Organic Indexed,,,PS Eligible,,,,,
Task,86e0edfkk,Gelson's Market,active retailers,"
",[],none,,0,0,,,"Wednesday, March 18th 2026, 12:21:57 pm -04:00","Thursday, April 9th 2026, 10:40:44 am -04:00",,,Matt Smith,VSM - Processing Support,hidden,PS Retailer Hub,[],[],,[PS Retailer Hub],[],,,,,,1006 hours,,0,,,6,Grocery,,Pending,,https://fadmin.flippback.com/merchants/5660/dashboard,PS Eligible,,,https://fadmin.flippback.com/merchants/5660/ftp_files,Weekly,,,,12095,,Addie Dobson,,,5660,,https://docs.google.com/document/d/1IvYxWLOna9jRQWfCimUYPzxIBzEqXSZGVTY9k-PQSNk/edit?tab=t.0#heading=h.y2dgj7b691i1,,,PS Eligible,,,,,,,,Longtail,,,PS Eligible,,,,,
Task,86e0k1gqe,Gelson's Market,active retailers,"
",[],none,,0,0,,,"Thursday, March 26th 2026, 12:15:49 pm -04:00","Wednesday, April 15th 2026, 4:44:35 pm -04:00",,,Matt Smith,VSM - Processing Support,hidden,PS Retailer Hub,[],[],,[PS Retailer Hub],[],,,,,18h,725 hours,,0,,,8,Grocery,,,,https://fadmin.flippback.com/merchants/5660/dashboard,PS Eligible,,,https://fadmin.flippback.com/merchants/5660/ftp_files,Weekly,,,,12095,,Addie Dobson,,,5660,,https://docs.google.com/document/d/14PFsi5gwWEqc_bVP2FC6985PNJQMb4CkXyG7Ifck7Mw/edit?tab=t.0#heading=h.d8u9pt6nbvll,,,PS Eligible,,,,,,Gelson's Market,,Longtail,,,PS Eligible,,,,,
Task,86dv34z0v,Giant Eagle,active retailers,,[],none,,0,0,,,"Monday, November 4th 2024, 9:55:24 am -05:00","Thursday, April 9th 2026, 10:40:44 am -04:00",,,Matt Smith,VSM - Processing Support,hidden,PS Retailer Hub,[],[],,[PS Retailer Hub],[],,,,,45m,12934 hours,,0,0,,7,Grocery,,Addie Dobson,,https://fadmin.flippback.com/merchants/2130/dashboard,PS Eligible,,35,https://fadmin.flippback.com/merchants/2130/ftp_files,Weekly,,,,233,,Kayla Summerhayes,,,2130,,https://docs.google.com/document/d/1QOhdRCo_9j_5QVSZPmnrBUgpg_6pGU76xZlaSsOUK-U/edit?tab=t.0#heading=h.y2dgj7b691i1,,Instructions Missing,PS Eligible,,,,,,Giant Eagle,,Core,3,55,PS Eligible,,20,,,"Monday, February 2nd 2026"
Task,86e0k1ge9,Giant Food - Giant Landover,active retailers,"
",[],none,,0,0,,,"Thursday, March 26th 2026, 12:15:34 pm -04:00","Wednesday, April 15th 2026, 4:44:49 pm -04:00",,,Matt Smith,VSM - Processing Support,hidden,PS Retailer Hub,[],[],,[PS Retailer Hub],[],,,,,65h,725 hours,,0,,,8,Grocery,,Adnela Fejzulovic,,https://fadmin.flippback.com/merchants/2520/dashboard,OPS,,,https://fadmin.flippback.com/merchants/2520/ftp_files,Weekly,,,,6404,,Jenna Toppan,,,2520,,https://docs.google.com/document/d/1_QakDsRnIaJxYVckQgnHHolXDvpAr4ICQYfk0s4bU3w/edit?tab=t.80qqnk3fzid6,,,OPS,,,,,,Giant Food - Giant Landover,,Core,,,PS Eligible,,,,,
Task,86e0k1ge8,Giant Food Stores - Giant Carlisle,active retailers,"
",[],none,,0,0,,,"Thursday, March 26th 2026, 12:15:34 pm -04:00","Wednesday, April 15th 2026, 4:44:52 pm -04:00",,,Matt Smith,VSM - Processing Support,hidden,PS Retailer Hub,[],[],,[PS Retailer Hub],[],,,,,115h,725 hours,,0,,,8,Grocery,,Rachel Kyryliuk,,https://fadmin.flippback.com/merchants/2901/dashboard,OPS,,,https://fadmin.flippback.com/merchants/2901/ftp_files,Weekly,,,,6405,,Jenna Toppan,,,2901,,https://docs.google.com/document/d/1_QakDsRnIaJxYVckQgnHHolXDvpAr4ICQYfk0s4bU3w/edit?tab=t.0#heading=h.y2dgj7b691i1,,,OPS,,,,,,Giant Food Stores - Giant Carlisle,,Core,,,PS Eligible,,,,,
Task,86durc3g2,Giant Tiger,active retailers,"Hoping Flex will be able to complete FQC on Fridays for Giant Tiger. The OneGuide has been updated to be as explicit as possible.

Additionally, the Giant Tiger team sends link revisions on Tuesdays (the day before the flyer is valid) that will need to be updated. I will be filming a video and updating the OneGuide with this information today (Sept 10).

Please let me know if there are any questions.
",[],none,,0,0,,,"Wednesday, September 25th 2024, 3:37:06 pm -04:00","Thursday, April 9th 2026, 10:40:44 am -04:00",,,Matt Smith,VSM - Processing Support,hidden,PS Retailer Hub,[],[],,[PS Retailer Hub],[],,,,,1h 35m,13606 hours,,0,20,,5,General Merch,,Ebony Powell,,https://fadmin.flippback.com/merchants/991/dashboard,PS Eligible,,60,https://fadmin.flippback.com/merchants/991/ftp_files,Weekly,,,,75,,Diandra Gonzalez Charris,,,991,,https://docs.google.com/document/d/1_X0Lg4V0mBJfkosLVvbpr51v8GNVNWl2lHSIHvlQAEQ/edit?tab=t.0#heading=h.35qcqd1orzvx,,Instructions Missing,PS Eligible,,,,,,Giant Tiger,,Core,2,80,PS Eligible,,0,,,"Monday, July 27th 2026"
Task,86dubzg24,GLOBO Shoes,active retailers,"May need Runs created as they are ad-hoc
",[],none,,0,0,,,"Monday, August 12th 2024, 10:26:40 am -04:00","Thursday, April 9th 2026, 10:40:44 am -04:00",,,Matt Smith,VSM - Processing Support,hidden,PS Retailer Hub,[],[],,[PS Retailer Hub],[],,,,,,14982 hours,,0,0,,,Apparel,,,,https://fadmin.flippback.com/merchants/1307/dashboard,PS Eligible,,20,https://fadmin.flippback.com/merchants/1307/ftp_files,Ad-Hoc,,,,84,,Roni Grigorian,,,1307,,https://docs.google.com/document/d/13HmwPE88iYelRX3nkU02FlOxSg1s-8kmM26BOXUvW04/edit#heading=h.y2dgj7b691i1,,Generic Instructions,PS Eligible,,,,,,GLOBO Shoes,,Longtail,4,35,PS Eligible,,15,,,
Task,86durc3qk,Go Sport,active retailers,,[],none,,0,0,,,"Wednesday, September 25th 2024, 3:37:25 pm -04:00","Thursday, April 9th 2026, 10:40:44 am -04:00",,,Matt Smith,VSM - Processing Support,hidden,PS Retailer Hub,[],[],,[PS Retailer Hub],[],,,,,25m,13967 hours,,0,0,,7,Sports & Outdoor,,Addie Dobson,,https://fadmin.flippback.com/merchants/6457/dashboard,PS Eligible,,20,https://fadmin.flippback.com/merchants/6457/ftp_files,Ad-Hoc,,,,10910,,Jenna Toppan,,,6457,,https://docs.google.com/document/d/1qwudpPPRMjTzt6dEV3JWhDFeZxzlMmrD_7PJpe56N4c/edit?tab=t.0#heading=h.nk37i4nocu1y,,,PS Eligible,,Chaussure Pop,,,,Go Sport,,Longtail,3,20,PS Eligible,,0,,,
Task,86dtu2ppr,Goodness Me,active retailers,,[],none,,0,0,,,"Thursday, June 13th 2024, 6:22:32 pm -04:00","Thursday, April 9th 2026, 10:40:44 am -04:00",,,Matt Smith,VSM - Processing Support,hidden,PS Retailer Hub,[],[],,[PS Retailer Hub],[],,,,,35m,16460 hours,,0,0,,7,Grocery,,Annastiina Peltola,,https://fadmin.flippback.com/merchants/3379/dashboard,PS Eligible,,25,https://fadmin.flippback.com/merchants/3379/ftp_files,Weekly,,,,6635,,Addie Dobson,,,3379,,https://docs.google.com/document/d/1-qO9_-fu5JZdbuk3ZeKLYPO_vV9rtWAIQGmCkWieD7I/edit#heading=h.ay4p0udtsa0y,,,PS Eligible,,,,,,Goodness Me,,Longtail,3,25,PS Eligible,,0,,,"Tuesday, December 29th 2026"
Task,86dtu2ppv,Gosselin Photo,active retailers,"attach separate linking document to en and fr
ensure disclaimer is tagged for all items (bottom of each page)
ensure dates are correct for each individual item
",[],none,,0,0,,,"Thursday, June 13th 2024, 6:22:34 pm -04:00","Thursday, April 16th 2026, 6:50:39 am -04:00",,,Matt Smith,VSM - Processing Support,hidden,PS Retailer Hub,[],[],,"[PS Retailer Hub, My Fake Retailer Dashboard]",[],,,,,,16460 hours,,0,5,,5,Electronics,,Shabaz Malik,,https://fadmin.flippback.com/merchants/1448/dashboard,PS Eligible,,20,https://fadmin.flippback.com/merchants/1448/ftp_files,Monthly,,,,8290,,SE,,,1448,,https://docs.google.com/document/d/13NvGfP04hY5Ws5ygTTRQ4FhbtHxtS2XFOZPlLvzSUBM/edit?tab=t.0#heading=h.y2dgj7b691i1,,,OPS,,,,,,Gosselin Photo,,Longtail,4,35,PS Eligible,,10,,,
Task,86e0k1gqh,GP Bikes,active retailers,"
",[],none,,0,0,,,"Thursday, March 26th 2026, 12:15:49 pm -04:00","Wednesday, April 15th 2026, 4:45:08 pm -04:00",,,Matt Smith,VSM - Processing Support,hidden,PS Retailer Hub,[],[],,[PS Retailer Hub],[],,,,,13h,725 hours,,0,,,7,Sports & Outdoor,,Ebony Powell,,https://fadmin.flippback.com/merchants/6707/dashboard,PS Eligible,,,https://fadmin.flippback.com/merchants/6707/ftp_files,Ad-Hoc,,,,11864,,Addie Dobson,,,6707,,https://docs.google.com/document/d/11EtrCra0a1xXRGqHK-peKsUjLaYkAxM6rpUkzngUuc4/edit?tab=t.0#heading=h.y2dgj7b691i1,,,OPS,,,,,,GP Bikes,,Longtail,,,PS Eligible,,,,,
Task,86e0ku9fv,Grocery Outlet,active retailers,"
",[],none,,0,0,,,"Friday, March 27th 2026, 12:54:47 pm -04:00","Wednesday, April 15th 2026, 4:45:13 pm -04:00",,,Matt Smith,VSM - Processing Support,hidden,PS Retailer Hub,[],[],,[PS Retailer Hub],[],,,,,15h,725 hours,,0,,,7,Grocery,,Annastiina Peltola,,https://fadmin.flippback.com/merchants/2906/dashboard,OPS,,,https://fadmin.flippback.com/merchants/2906/ftp_files,Weekly,,,,10970,,Kim Potashner,,,2906,,https://docs.google.com/document/d/1EzffOf-05f3qL83D-a0seRlpzpi7H0JtA__19qJnYhs/edit,,,OPS,,,,,,Grocery Outlet,,Core,,,PS Eligible,,,,,
Task,86duaxnt4,Haggen,active retailers,,[],none,,0,0,,,"Wednesday, August 7th 2024, 9:24:17 am -04:00","Thursday, April 9th 2026, 10:40:44 am -04:00",,,Matt Smith,VSM - Processing Support,hidden,PS Retailer Hub,[],[],,[PS Retailer Hub],[],,,,,,15146 hours,,0,0,,9,Grocery,,Ebony Powell,,https://fadmin.flippback.com/merchants/2424/dashboard,PS Eligible,,15,https://fadmin.flippback.com/merchants/2424/ftp_files,Bi-Weekly,,,,6071,,Julia Burch,,,2424,,https://docs.google.com/document/d/1V7azqnU10YBCHuP_pSpQobjYTdcYb_G9xJ5naXMkTDY/edit?tab=t.0,,,OPS,,ABSCo,1,,,Haggen,,Core PLUS,3,20,PS Eligible,,5,,,"Tuesday, February 16th 2027"
Task,86e0k1ged,Hannaford,active retailers,"
",[],none,,0,0,,,"Thursday, March 26th 2026, 12:15:35 pm -04:00","Wednesday, April 15th 2026, 4:45:27 pm -04:00",,,Matt Smith,VSM - Processing Support,hidden,PS Retailer Hub,[],[],,[PS Retailer Hub],[],,,,,75h,725 hours,,0,,,7,Grocery,,Adnela Fejzulovic,,https://fadmin.flippback.com/merchants/2434/dashboard,OPS,,,https://fadmin.flippback.com/merchants/2434/ftp_files,Weekly,,,,7985,,Jenna Toppan,,,2434,,https://docs.google.com/document/d/1_QakDsRnIaJxYVckQgnHHolXDvpAr4ICQYfk0s4bU3w/edit?tab=t.80qqnk3fzid6,,,OPS,,,,,,Hannaford,,Core,,,PS Eligible,,,,,
Task,86dv34z01,Harding's,active retailers,,[],none,,0,0,,,"Monday, November 4th 2024, 9:55:20 am -05:00","Thursday, April 16th 2026, 8:08:01 pm -04:00",,,Matt Smith,VSM - Processing Support,hidden,PS Retailer Hub,[],[],,[PS Retailer Hub],[],,,,,,12934 hours,,0,0,,4,Grocery,,Shabaz Malik,,https://fadmin.flippback.com/merchants/2557/dashboard,PS Eligible,,10,https://fadmin.flippback.com/merchants/2557/ftp_files,Weekly,,,,6243,,Rachel Kyryliuk,,,2557,,https://docs.google.com/document/d/11nBej2Mg5fQvG_SWCt8pMfJQfbWkJx5SmLXd-lluPv4/edit?tab=t.0#heading=h.35qcqd1orzvx,,,OPS,,SpartanNash,,,,Harding's,,Longtail,1,20,PS Eligible,,10,,,"Thursday, December 31st 2026"
Task,86dzp0zbw,Harnois Energies,active retailers,"
",[],none,,0,0,,,"Friday, February 6th 2026, 3:48:06 pm -05:00","Thursday, April 16th 2026, 2:39:19 pm -04:00",,,Matt Smith,VSM - Processing Support,hidden,PS Retailer Hub,[],[],,[PS Retailer Hub],[],,,,,15h,1990 hours,,0,,,7,N/A,,Kayla Summerhayes,,https://fadmin.flippback.com/merchants/6383/dashboard,PS Eligible,,,https://fadmin.flippback.com/merchants/6383/ftp_files,Ad-Hoc,,,,11960,,Kayla Summerhayes,,,6383,,https://docs.google.com/document/d/1BRFlADo7O7zOD50Es3jwYrPTcBSeeuUeIjDbFV-L_2E/edit?tab=t.0#heading=h.y2dgj7b691i1,,,PS Eligible,,,,,,Harnois Energies,,Longtail,Longtail,,PS Eligible,,,,,
Task,86dtu2pq2,Harris Teeter (Monthly),active retailers,,[],none,,0,0,,,"Thursday, June 13th 2024, 6:22:36 pm -04:00","Thursday, April 16th 2026, 8:08:12 pm -04:00",,,Matt Smith,VSM - Processing Support,hidden,PS Retailer Hub,[],[],,[PS Retailer Hub],[],,,,,,16460 hours,,0,0,,5,Grocery,,Addie Dobson,,https://fadmin.flippback.com/merchants/2431/dashboard,PS Eligible,,20,https://fadmin.flippback.com/merchants/2431/ftp_files,Monthly,,,,11732,,Hammna Qureshi,,,2431,,https://docs.google.com/document/d/1RX_HDfp-OOrjBNqrHawPWLkho0Hu_tVuQBbO_yiZUaI/edit#heading=h.y2dgj7b691i1,,,OPS,,Kroger,,,,Harris Teeter (Monthly),,Core PLUS,4,30,PS Eligible,,10,,,"Tuesday, December 1st 2026"
Task,86dtu2pqd,Hart Stores,active retailers,,[],none,,0,0,,,"Thursday, June 13th 2024, 6:22:40 pm -04:00","Thursday, April 16th 2026, 9:40:38 am -04:00",,,Matt Smith,VSM - Processing Support,hidden,PS Retailer Hub,[],[],,[PS Retailer Hub],[],,,,,,16460 hours,,0,,,19,"Home Goods, Furniture & Appliances",,Marion Kang,,https://fadmin.flippback.com/merchants/3482/dashboard,PS Eligible,,,https://fadmin.flippback.com/merchants/3482/ftp_files,Weekly,,,,6466,,SE,,,3482,,https://docs.google.com/document/d/1Vzod6nw2Jp_HafBOnuqM1VCPieAOCTuacFmzmedIZkw/edit?tab=t.0#heading=h.y2dgj7b691i1,,,OPS,,,,,,Hart Stores,,Longtail,4,,PS Eligible,,,,,
Task,86e0k1gqw,Health First Network,active retailers,"
",[],none,,0,0,,,"Thursday, March 26th 2026, 12:15:49 pm -04:00","Wednesday, April 15th 2026, 4:46:39 pm -04:00",,,Matt Smith,VSM - Processing Support,hidden,PS Retailer Hub,[],[],,[PS Retailer Hub],[],,,,,95h,725 hours,,0,,,8,Pharmacy,,Addie Dobson,,https://fadmin.flippback.com/merchants/6521/dashboard,PS Eligible,,,https://fadmin.flippback.com/merchants/6521/ftp_files,Monthly,,,,11160,,Kayla Summerhayes,,,6521,,https://docs.google.com/document/d/1dSCloBFD9dTObOhlccfwIKILDkTtMbDbyEq7G7mazpc/edit?tab=t.0#heading=h.y2dgj7b691i1,,,PS Eligible,,,,,,Health First Network,,No Active Relationship,,,PS Eligible,,,,,
Task,86dtu2pqf,Healthy Planet,active retailers,,[],none,,0,0,,,"Thursday, June 13th 2024, 6:22:41 pm -04:00","Thursday, April 9th 2026, 10:40:44 am -04:00",,,Matt Smith,VSM - Processing Support,hidden,PS Retailer Hub,[],[],,[PS Retailer Hub],[],,,,,25m,16460 hours,,0,,,6,Pharmacy,,Rushia Fernandes,,https://fadmin.flippback.com/merchants/3526/dashboard,PS Eligible,,,https://fadmin.flippback.com/merchants/3526/ftp_files,Monthly,,,,6717,,Rachel Kyryliuk,,,3526,,https://docs.google.com/document/d/12sPumZY6kN6-Xxqdk0xrutWaTL07N6kqsq-ResiqE2A/edit?tab=t.0#heading=h.y2dgj7b691i1,,,PS Eligible,,,,,,Healthy Planet,,Longtail,3,,PS Eligible,,,,,"Tuesday, December 1st 2026"
Task,86e0ku9n3,Healthy Planet,active retailers,"
",[],none,,0,0,,,"Friday, March 27th 2026, 12:54:53 pm -04:00","Wednesday, April 15th 2026, 4:46:45 pm -04:00",,,Matt Smith,VSM - Processing Support,hidden,PS Retailer Hub,[],[],,[PS Retailer Hub],[],,,,,22h,725 hours,,0,,,4,Pharmacy,,Rushia Fernandes,,https://fadmin.flippback.com/merchants/3526/dashboard,PS Eligible,,,https://fadmin.flippback.com/merchants/3526/ftp_files,Monthly,,,,12013,,Rachel Kyryliuk,,,3526,,https://docs.google.com/document/d/12sPumZY6kN6-Xxqdk0xrutWaTL07N6kqsq-ResiqE2A/edit?tab=t.0#heading=h.y2dgj7b691i1,,,PS Eligible,,,,,,Healthy Planet,,Longtail,,,PS Eligible,,,,,
Task,86e0ku9mu,Healthy Planet,active retailers,"
",[],none,,0,0,,,"Friday, March 27th 2026, 12:54:53 pm -04:00","Wednesday, April 15th 2026, 4:46:51 pm -04:00",,,Matt Smith,VSM - Processing Support,hidden,PS Retailer Hub,[],[],,[PS Retailer Hub],[],,,,,22h,725 hours,,0,,,4,Pharmacy,,Rushia Fernandes,,https://fadmin.flippback.com/merchants/3526/dashboard,PS Eligible,,,https://fadmin.flippback.com/merchants/3526/ftp_files,Weekly,,,,10981,,Rachel Kyryliuk,,,3526,,https://docs.google.com/document/d/12sPumZY6kN6-Xxqdk0xrutWaTL07N6kqsq-ResiqE2A/edit?tab=t.0#heading=h.y2dgj7b691i1,,,PS Eligible,,,,,,Healthy Planet,,Longtail,,,PS Eligible,,,,,
Task,86e0k1gr2,Hen House,active retailers,"
",[],none,,0,0,,,"Thursday, March 26th 2026, 12:15:49 pm -04:00","Wednesday, April 15th 2026, 4:47:12 pm -04:00",,,Matt Smith,VSM - Processing Support,hidden,PS Retailer Hub,[],[],,[PS Retailer Hub],[],,,,,20h,725 hours,,0,,,5,Grocery,,Annastiina Peltola,,https://fadmin.flippback.com/merchants/2411/dashboard,PS Eligible,,,https://fadmin.flippback.com/merchants/2411/ftp_files,Weekly,,,,12051,,Kayla Summerhayes,,,2411,,https://docs.google.com/document/d/1V1atTItytQDp5FYsfF9Jp4tSzzresto0KmPmchXcsl4/edit?tab=t.0#heading=h.gx7mtx1fcaes,,,PS Eligible,,,,,,Hen House,,Longtail,,,PS Eligible,,,,,
Task,86e0k1grm,Henry's,active retailers,"
",[],none,,0,0,,,"Thursday, March 26th 2026, 12:15:50 pm -04:00","Wednesday, April 15th 2026, 4:47:25 pm -04:00",,,Matt Smith,VSM - Processing Support,hidden,PS Retailer Hub,[],[],,[PS Retailer Hub],[],,,,,15h,725 hours,,0,,,5,Electronics,,Rushia Fernandes,,https://fadmin.flippback.com/merchants/253/dashboard,PS Eligible,,,https://fadmin.flippback.com/merchants/253/ftp_files,Ad-Hoc,,,,9472,,Roni Grigorian,,,253,,https://docs.google.com/document/d/1uSnDdVGj3tHQ-A8ek8LKGsE2WdXQSip5hmS2j9a6m5o/edit?tab=t.0,,,PS Eligible,,,,,,Henry's,,Longtail,,,PS Eligible,,,,,
Task,86durc386,Home Depot USA,active retailers,"Retailer emails codesheets via email that need to be used during upload. Files are dropped in the SFTP.
",[],none,,0,0,,,"Wednesday, September 25th 2024, 3:36:45 pm -04:00","Thursday, April 9th 2026, 10:40:44 am -04:00",,,Matt Smith,VSM - Processing Support,hidden,PS Retailer Hub,[],[],,[PS Retailer Hub],[],,,,,1h 25m,13967 hours,,0,,,,Home Improvement,,Jessica Tam,,https://fadmin.flippback.com/merchants/2135/dashboard,PS Eligible,,,https://fadmin.flippback.com/merchants/2135/ftp_files,Ad-Hoc,,,,248,,Jenna Toppan,,,2135,,https://docs.google.com/document/d/1e-0oVUGOmMcSvLewZWtwSYsYDqM4_BZ7skZp5hDfpdg/edit?tab=t.0#heading=h.y2dgj7b691i1,,,PS Eligible,,,,,,Home Depot USA,,Core PLUS,1,15,PS Eligible,,15,,,"Wednesday, November 25th 2026"
Task,86e0k1ger,Home Depot USA,active retailers,"
",[],none,,0,0,,,"Thursday, March 26th 2026, 12:15:35 pm -04:00","Wednesday, April 15th 2026, 4:48:13 pm -04:00",,,Matt Smith,VSM - Processing Support,hidden,PS Retailer Hub,[],[],,[PS Retailer Hub],[],,,,,85h,725 hours,,0,,,7,Home Improvement,,Jessica Tam,,https://fadmin.flippback.com/merchants/2135-1/dashboard,PS Eligible,,,https://fadmin.flippback.com/merchants/2135-1/ftp_files,Bi-Weekly,,,,293,,Jenna Toppan,,,2135-1,,https://docs.google.com/document/d/1JzFdQSmwhWkaBJmaYF-lsC2bG9eJkgFxnIaFzijgHLA/edit?usp=sharing,,,PS Eligible,,,,,,Home Depot USA,,Core PLUS,,,PS Eligible,,,,,
Task,86e0k1get,Home Depot USA,active retailers,"
",[],none,,0,0,,,"Thursday, March 26th 2026, 12:15:35 pm -04:00","Wednesday, April 15th 2026, 4:48:09 pm -04:00",,,Matt Smith,VSM - Processing Support,hidden,PS Retailer Hub,[],[],,[PS Retailer Hub],[],,,,,85h,725 hours,,0,,,7,Home Improvement,,Jessica Tam,,https://fadmin.flippback.com/merchants/2135-1/dashboard,PS Eligible,,,https://fadmin.flippback.com/merchants/2135-1/ftp_files,Bi-Weekly,,,,299,,Jenna Toppan,,,2135-1,,https://docs.google.com/document/d/1JzFdQSmwhWkaBJmaYF-lsC2bG9eJkgFxnIaFzijgHLA/edit?usp=sharing,,,PS Eligible,,,,,,Home Depot USA,,Core PLUS,,,PS Eligible,,,,,
Task,86e0k1gfb,Home Depot USA,active retailers,"
",[],none,,0,0,,,"Thursday, March 26th 2026, 12:15:36 pm -04:00","Wednesday, April 15th 2026, 4:48:02 pm -04:00",,,Matt Smith,VSM - Processing Support,hidden,PS Retailer Hub,[],[],,[PS Retailer Hub],[],,,,,85h,725 hours,,0,,,7,Home Improvement,,Jessica Tam,,https://fadmin.flippback.com/merchants/2135-2/dashboard,PS Eligible,,,https://fadmin.flippback.com/merchants/2135-2/ftp_files,Monthly,,,,6868,,Jenna Toppan,,,2135-2,,https://docs.google.com/document/d/1JzFdQSmwhWkaBJmaYF-lsC2bG9eJkgFxnIaFzijgHLA/edit?usp=sharing,,,PS Eligible,,,,,,Home Depot USA,,Core PLUS,,,PS Eligible,,,,,
Task,86e0k1gfh,Home Depot USA,active retailers,"
",[],none,,0,0,,,"Thursday, March 26th 2026, 12:15:37 pm -04:00","Wednesday, April 15th 2026, 4:48:06 pm -04:00",,,Matt Smith,VSM - Processing Support,hidden,PS Retailer Hub,[],[],,[PS Retailer Hub],[],,,,,85h,725 hours,,0,,,7,Home Improvement,,Jessica Tam,,https://fadmin.flippback.com/merchants/2135-3/dashboard,PS Eligible,,,https://fadmin.flippback.com/merchants/2135-3/ftp_files,Monthly,,,,9976,,Jenna Toppan,,,2135-3,,https://docs.google.com/document/d/1JzFdQSmwhWkaBJmaYF-lsC2bG9eJkgFxnIaFzijgHLA/edit?usp=sharing,,,PS Eligible,,,,,,Home Depot USA,,Core PLUS,,,PS Eligible,,,,,
Task,86dw8mx05,Houchens IGA,active retailers,,[],none,,0,0,,,"Friday, March 14th 2025, 3:28:12 pm -04:00","Thursday, April 9th 2026, 10:40:44 am -04:00",,,Matt Smith,VSM - Processing Support,hidden,PS Retailer Hub,[],[],,[PS Retailer Hub],[],,,,,25m,9822 hours,,0,,,7,Grocery,,Sabrina Ho,,http://fadmin.flippback.com/merchants/5128/dashboard,PS Eligible,,10,https://fadmin.flippback.com/merchants/5128/ftp_files,Weekly,,,,11852,,Jenna Toppan,,,5128,,https://docs.google.com/document/d/12XUi3vutaRNZezmB6d2CwRVu6sYJn5fZV27KNn0oVIQ/edit?usp=sharing,,,PS Eligible,,,,,,Houchens IGA,,Longtail,3,25,PS Eligible,,15,,,"Monday, January 4th 2027"
Task,86dw8mx0p,Houchens IGA,active retailers,,[],none,,0,0,,,"Friday, March 14th 2025, 3:28:13 pm -04:00","Wednesday, April 15th 2026, 4:48:20 pm -04:00",,,Matt Smith,VSM - Processing Support,hidden,PS Retailer Hub,[],[],,[PS Retailer Hub],[],,,,,25m,9822 hours,,0,,,7,Grocery,,Sabrina Ho,,https://fadmin.flippback.com/merchants/5128/dashboard,PS Eligible,,10,https://fadmin.flippback.com/merchants/5128/ftp_files,Weekly,,,,11913,,Jenna Toppan,,,5128,,https://docs.google.com/document/d/12XUi3vutaRNZezmB6d2CwRVu6sYJn5fZV27KNn0oVIQ/edit?usp=sharing,,,PS Eligible,,,,,,Houchens IGA,,Longtail,3,25,PS Eligible,,15,,,"Wednesday, December 30th 2026"
Task,86dtu2pqn,Hy-Vee (DigDotCom),active retailers,,[],none,,0,0,,,"Thursday, June 13th 2024, 6:22:45 pm -04:00","Thursday, April 9th 2026, 10:40:44 am -04:00",,,Matt Smith,VSM - Processing Support,hidden,PS Retailer Hub,[],[],,[PS Retailer Hub],[],,,,,,16460 hours,,0,20,,9,Grocery,,Rushia Fernandes,,https://fadmin.flippback.com/merchants/2440/dashboard,PS Eligible,,15,https://fadmin.flippback.com/merchants/2440/ftp_files,Weekly,,,,2032,,Sabrina Ho,,,2440,,https://docs.google.com/document/d/1pJzlGKZDUemnw5OTt66L23SDIYa9-1DRDdKe0yF0M8A/,,Retailer Specific Instructions,PS Eligible,,,,,,Hy-Vee (DigDotCom),,Core,2,55,PS Eligible,,20,,,"Sunday, February 1st 2026"
Task,86dtu2pqt,Hy-Vee (Dollar Fresh),active retailers,,[],none,,0,0,,,"Thursday, June 13th 2024, 6:22:46 pm -04:00","Thursday, April 9th 2026, 10:40:44 am -04:00",,,Matt Smith,VSM - Processing Support,hidden,PS Retailer Hub,[],[],,[PS Retailer Hub],[],,,,,,16460 hours,,0,0,,10,Grocery,,Rushia Fernandes,,https://fadmin.flippback.com/merchants/2440/dashboard,PS Eligible,,10,https://fadmin.flippback.com/merchants/2440/ftp_files,Weekly,,,,9417,,Sabrina Ho,,,2440,,https://docs.google.com/document/d/1pJzlGKZDUemnw5OTt66L23SDIYa9-1DRDdKe0yF0M8A/,,Retailer Specific Instructions,PS Eligible,,,,,,Hy-Vee (Dollar Fresh),,Core,2,25,PS Eligible,,15,,,"Tuesday, March 17th 2026"
Task,86dtu2pqw,Hy-Vee (Special Sales),active retailers,,[],none,,0,0,,,"Thursday, June 13th 2024, 6:22:47 pm -04:00","Thursday, April 9th 2026, 10:40:44 am -04:00",,,Matt Smith,VSM - Processing Support,hidden,PS Retailer Hub,[],[],,[PS Retailer Hub],[],,,,,,16460 hours,,0,0,,10,Grocery,,Rushia Fernandes,,https://fadmin.flippback.com/merchants/2440/dashboard,PS Eligible,,15,https://fadmin.flippback.com/merchants/2440/ftp_files,Ad-Hoc,,,,9418,,Sabrina Ho,,,2440,,https://docs.google.com/document/d/1pJzlGKZDUemnw5OTt66L23SDIYa9-1DRDdKe0yF0M8A/,,Retailer Specific Instructions,PS Eligible,,,,,,Hy-Vee (Special Sales),,Core,2,35,PS Eligible,,20,,,
Task,86dubzg4u,i4 Furniture,active retailers,"Doc to create flyer run & drop files in FTP
",[],none,,0,0,,,"Monday, August 12th 2024, 10:26:53 am -04:00","Wednesday, April 15th 2026, 4:48:40 pm -04:00",,,Matt Smith,VSM - Processing Support,hidden,PS Retailer Hub,[],[],,[PS Retailer Hub],[],,,,,,14982 hours,,0,0,,,[Brand],,,,https://fadmin.flippback.com/merchants/6501/dashboard,PS Eligible,,10,https://fadmin.flippback.com/merchants/6501/ftp_files,Ad-Hoc,,,,11070,,,,,6501,,https://docs.google.com/document/d/11g0_fdv0SipMkpXR3ZWQMD7vcImO5fsZSNxnCdnIXa4/edit?tab=t.0#heading=h.y2dgj7b691i1,,Instructions Missing,PS Eligible,,,,,,i4 Furniture,,No Active Relationship,4,20,PS Eligible,,10,,,
Task,86dzp2pan,IGA Quebec - IDM Hosted,active retailers,"
",[],none,,0,0,,,"Friday, February 6th 2026, 4:57:43 pm -05:00","Wednesday, April 15th 2026, 10:07:58 am -04:00",,,Matt Smith,VSM - Processing Support,hidden,PS Retailer Hub,[],[],,[PS Retailer Hub],[],,,,,,1149 hours,,0,,,5,Grocery,,Alexandra Van Wissen,,https://fadmin.flippback.com/merchants/4592/dashboard,PS Eligible,,,https://fadmin.flippback.com/merchants/4592/ftp_files,Weekly,,,,5697,,Kim Potashner,,,4592,,https://docs.google.com/document/d/17uX9ZAsJPk9vudaBDIWAct1mxuINtUmATVt4c8XItpE/edit#heading=h.y2dgj7b691i1,,,OPS,,Sobeys,,,,,,Core PLUS,,,PS Eligible,,,,,
Task,86dzp2pap,IGA Quebec - NB Hosted,active retailers,"
",[],none,,0,0,,,"Friday, February 6th 2026, 4:57:43 pm -05:00","Wednesday, April 15th 2026, 10:07:44 am -04:00",,,Matt Smith,VSM - Processing Support,hidden,PS Retailer Hub,[],[],,[PS Retailer Hub],[],,,,,,1149 hours,,0,,,5,Grocery,,Alexandra Van Wissen,,https://fadmin.flippback.com/merchants/4592/dashboard,PS Eligible,,,https://fadmin.flippback.com/merchants/4592/ftp_files,Weekly,,,,5711,,Kim Potashner,,,4592,,https://docs.google.com/document/d/17uX9ZAsJPk9vudaBDIWAct1mxuINtUmATVt4c8XItpE/edit#heading=h.y2dgj7b691i1,,,OPS,,Sobeys,,,,,,Core PLUS,,,PS Eligible,,,,,
Task,86dzp2par,IGA Quebec - QC Hosted,active retailers,"Only complete pre-fqc steps at FQC ready phase. Mark this clickup task as Live Flyer once done.
",[],none,,0,0,,,"Friday, February 6th 2026, 4:57:44 pm -05:00","Wednesday, April 15th 2026, 10:07:35 am -04:00",,,Matt Smith,VSM - Processing Support,hidden,PS Retailer Hub,[],[],,[PS Retailer Hub],[],,,,,,1149 hours,,0,,,5,Grocery,,Alexandra Van Wissen,,https://fadmin.flippback.com/merchants/4592/dashboard,PS Eligible,,,https://fadmin.flippback.com/merchants/4592/ftp_files,Weekly,,,,5710,,Kim Potashner,,,4592,,https://docs.google.com/document/d/17uX9ZAsJPk9vudaBDIWAct1mxuINtUmATVt4c8XItpE/edit#heading=h.y2dgj7b691i1,,,OPS,,Sobeys,,,,,,Core PLUS,,,PS Eligible,,,,,
Task,86dzqthyq,IGA West,active retailers,"
",[],none,,0,0,,,"Tuesday, February 10th 2026, 12:21:32 pm -05:00","Friday, April 17th 2026, 10:03:36 am -04:00",,,Matt Smith,VSM - Processing Support,hidden,PS Retailer Hub,[],[],,[PS Retailer Hub],[],,,,,,1149 hours,,0,,,7,Grocery,,Jennifer Prado,,https://fadmin.flippback.com/merchants/3559/dashboard,PS Eligible,,,https://fadmin.flippback.com/merchants/3559/ftp_files,Weekly,,,,3609,,Kim Potashner,,,3559,,https://docs.google.com/document/d/19rBM54T1ql-vUWioGWidz435XUYoeiw0zbZ1T-uiV40/edit,,,OPS,,,,,,,,Core PLUS,,,PS Eligible,,,,,
Task,86dv34yye,IKEA,active retailers,"Very seasonal - haven’t had a flyer since July but likely to be back for Holiday season
",[],none,,0,0,,,"Monday, November 4th 2024, 9:55:14 am -05:00","Thursday, April 9th 2026, 10:40:44 am -04:00",,,Matt Smith,VSM - Processing Support,hidden,PS Retailer Hub,[],[],,[PS Retailer Hub],[],,,,,,12934 hours,,0,0,,,"Home Goods, Furniture & Appliances",,,,https://fadmin.flippback.com/merchants/220/dashboard,PS Eligible,,30,https://fadmin.flippback.com/merchants/220/ftp_files,Ad-Hoc,,,,1079,,,,,220,,https://docs.google.com/document/d/1p2g6USLb7wopGIMZ8kkp-09dL7gwWf2bELSWF85OJOs/edit?usp=sharing,,,OPS,,,,,,IKEA,,No Active Relationship,2,45,PS Eligible,,15,,,
Task,86dtu2pqz,JCPenney,active retailers,,[],none,,0,0,,,"Thursday, June 13th 2024, 6:22:50 pm -04:00","Wednesday, April 15th 2026, 4:49:55 pm -04:00",,,Matt Smith,VSM - Processing Support,hidden,PS Retailer Hub,[],[],,[PS Retailer Hub],[],,,,,,16460 hours,,0,,,,Apparel,,Rachel Kyryliuk,,https://fadmin.flippback.com/merchants/2207/dashboard,OPS,,,https://fadmin.flippback.com/merchants/2207/ftp_files,Ad-Hoc,,,,,,Kayla Summerhayes,,,,,https://docs.google.com/document/d/1ls1tJRSfaZ_xgJHcU7xP-YZY4HvZsGrs-BNTDBZqzNo/edit?tab=t.0#heading=h.y2dgj7b691i1,,,OPS,,,,,,JCPenny,,Core PLUS,1,,PS Eligible,,,,,
Task,86dzp2nqw,Jewel-Osco,active retailers,"
",[],none,,0,0,,,"Friday, February 6th 2026, 4:56:54 pm -05:00","Thursday, April 9th 2026, 10:40:44 am -04:00",,,Matt Smith,VSM - Processing Support,hidden,PS Retailer Hub,[],[],,[PS Retailer Hub],[],,,,,,1149 hours,,0,,,7,Grocery,,Annastiina Peltola,,https://fadmin.flippback.com/merchants/2364/dashboard,PS Eligible,,,https://fadmin.flippback.com/merchants/2364/ftp_files,Weekly,,,,8165,,Julia Burch,,,2364,,https://docs.google.com/document/d/183GtNwUcM9JLHJpxIRREZrJXAirNAP8ctKJ5I8aFeS8/edit#heading=h.y2dgj7b691i1,,,OPS,,ABSCo,4,,,,,Core PLUS,,,PS Eligible,,,,,
Task,86dzp2nre,Jewel-Osco - BBS,active retailers,"
",[],none,,0,0,,,"Friday, February 6th 2026, 4:56:55 pm -05:00","Thursday, April 9th 2026, 10:40:44 am -04:00",,,Matt Smith,VSM - Processing Support,hidden,PS Retailer Hub,[],[],,[PS Retailer Hub],[],,,,,,1149 hours,,0,,,8,Grocery,,Annastiina Peltola,,https://fadmin.flippback.com/merchants/2364/dashboard,PS Eligible,,,https://fadmin.flippback.com/merchants/2364/ftp_files,Ad-Hoc,,,,10657,,Julia Burch,,,2364,,https://docs.google.com/document/d/183GtNwUcM9JLHJpxIRREZrJXAirNAP8ctKJ5I8aFeS8/edit#heading=h.y2dgj7b691i5,,,OPS,,ABSCo,5,,,,,Core PLUS,,,PS Eligible,,,,,
Task,86dzp2nrt,Jewel-Osco - EG,active retailers,"
",[],none,,0,0,,,"Friday, February 6th 2026, 4:56:56 pm -05:00","Thursday, April 9th 2026, 10:40:44 am -04:00",,,Matt Smith,VSM - Processing Support,hidden,PS Retailer Hub,[],[],,[PS Retailer Hub],[],,,,,,1149 hours,,0,,,3,Grocery,,Annastiina Peltola,,https://fadmin.flippback.com/merchants/2364/dashboard,PS Eligible,,,https://fadmin.flippback.com/merchants/2364/ftp_files,Ad-Hoc,,,,11033,,Julia Burch,,,2364,,https://docs.google.com/document/d/183GtNwUcM9JLHJpxIRREZrJXAirNAP8ctKJ5I8aFeS8/edit#heading=h.y2dgj7b691i6,,,OPS,,ABSCo,1,,,,,Core PLUS,,,PS Eligible,,,,,
Task,86dzp2nrb,Jewel-Osco - GMI,active retailers,"
",[],none,,0,0,,,"Friday, February 6th 2026, 4:56:55 pm -05:00","Thursday, April 9th 2026, 10:40:44 am -04:00",,,Matt Smith,VSM - Processing Support,hidden,PS Retailer Hub,[],[],,[PS Retailer Hub],[],,,,,,1149 hours,,0,,,7,Grocery,,Annastiina Peltola,,https://fadmin.flippback.com/merchants/2364/dashboard,PS Eligible,,,https://fadmin.flippback.com/merchants/2364/ftp_files,Ad-Hoc,,,,11467,,Julia Burch,,,2364,,https://docs.google.com/document/d/183GtNwUcM9JLHJpxIRREZrJXAirNAP8ctKJ5I8aFeS8/edit#heading=h.y2dgj7b691i4,,,OPS,,ABSCo,4,,,,,Core PLUS,,,PS Eligible,,,,,
Task,86dzp2nr5,Jewel-Osco - ORG,active retailers,"
",[],none,,0,0,,,"Friday, February 6th 2026, 4:56:55 pm -05:00","Thursday, April 9th 2026, 10:40:44 am -04:00",,,Matt Smith,VSM - Processing Support,hidden,PS Retailer Hub,[],[],,[PS Retailer Hub],[],,,,,,1149 hours,,0,,,8,Grocery,,Annastiina Peltola,,https://fadmin.flippback.com/merchants/2364/dashboard,PS Eligible,,,https://fadmin.flippback.com/merchants/2364/ftp_files,Ad-Hoc,,,,10801,,Julia Burch,,,2364,,https://docs.google.com/document/d/183GtNwUcM9JLHJpxIRREZrJXAirNAP8ctKJ5I8aFeS8/edit#heading=h.y2dgj7b691i3,,,OPS,,ABSCo,5,,,,,Core PLUS,,,PS Eligible,,,,,
Task,86dzp2nqx,Jewel-Osco - SP,active retailers,"
",[],none,,0,0,,,"Friday, February 6th 2026, 4:56:54 pm -05:00","Thursday, April 9th 2026, 10:40:44 am -04:00",,,Matt Smith,VSM - Processing Support,hidden,PS Retailer Hub,[],[],,[PS Retailer Hub],[],,,,,,1149 hours,,0,,,8,Grocery,,Annastiina Peltola,,https://fadmin.flippback.com/merchants/2364/dashboard,PS Eligible,,,https://fadmin.flippback.com/merchants/2364/ftp_files,Ad-Hoc,,,,10800,,Julia Burch,,,2364,,https://docs.google.com/document/d/183GtNwUcM9JLHJpxIRREZrJXAirNAP8ctKJ5I8aFeS8/edit#heading=h.y2dgj7b691i2,,,OPS,,ABSCo,5,,,,,Core PLUS,,,PS Eligible,,,,,
Task,86durc3tb,Joe Fresh,active retailers,"Joe Fresh contacts sometimes will drop files via email, not always on the FTP, so we will need flex to be able to access the emails in some way so that they can locally download files on the off chance that the retailer sends them manually via email
",[],none,,0,0,,,"Wednesday, September 25th 2024, 3:37:29 pm -04:00","Wednesday, April 15th 2026, 4:51:52 pm -04:00",,,Matt Smith,VSM - Processing Support,hidden,PS Retailer Hub,[],[],,[PS Retailer Hub],[],,,,,,13967 hours,,0,0,,,Apparel,,Shabaz Malik,,https://fadmin.flippback.com/merchants/5108/dashboard,PS Eligible,,10,https://fadmin.flippback.com/merchants/5108/ftp_files,Ad-Hoc,,,,6614,,Julia Burch,,,5108,,https://docs.google.com/document/d/1e9nT1andXst6-dpFYmTpyCLbSESr-q8mt8d9KAMtZiU/edit?tab=t.0#heading=h.y2dgj7b691i1,,Instructions Missing,PS Eligible,,,,,,Joe Fresh,,Core PLUS,1,30,PS Eligible,,20,,,
Task,86dzp2nrx,JYSK,active retailers,"
",[],none,,0,0,,,"Friday, February 6th 2026, 4:56:56 pm -05:00","Thursday, April 16th 2026, 9:38:37 am -04:00",,,Matt Smith,VSM - Processing Support,hidden,PS Retailer Hub,[],[],,[PS Retailer Hub],[],,,,,,1149 hours,,0,,,5,Home Improvement,,Ebony Powell,,https://fadmin.flippback.com/merchants/393/dashboard,PS Eligible,,,https://fadmin.flippback.com/merchants/393/ftp_files,Bi-Weekly,,,,4,,SE,,,393,,https://docs.google.com/document/d/1uw47tJzpdnJWYUPBNPOpSug3xv06RaTpoMg7a06r2bs/edit?tab=t.0#heading=h.y2dgj7b691i1,,,OPS,,JYSK,,,,,,Longtail,,,PS Eligible,,,,,
Task,86e0k1gfn,Kent,active retailers,"
",[],none,,0,0,,,"Thursday, March 26th 2026, 12:15:37 pm -04:00","Thursday, April 30th 2026, 11:34:20 am -04:00",,,Matt Smith,VSM - Processing Support,hidden,PS Retailer Hub,[],[],,[PS Retailer Hub],[],,,,,55h,725 hours,,0,,,7,Home Improvement,,Megan Kernaghan,,https://fadmin.flippback.com/merchants/2919/dashboard,OPS,,,https://fadmin.flippback.com/merchants/2919/ftp_files,Weekly,,,,3458,,Jenna Toppan,,,2919,,https://docs.google.com/document/d/1dHVOfwrLfE57KVrC0hOqbmGAA8dN-4Si3F6hshC8Uwc/edit?tab=t.0#heading=h.y2dgj7b691i1,,,OPS,,,,,,Kent,,Core,,,PS Eligible,,,,,
Task,86e0k1gfx,Kent,active retailers,"
",[],none,,0,0,,,"Thursday, March 26th 2026, 12:15:37 pm -04:00","Thursday, April 30th 2026, 11:34:23 am -04:00",,,Matt Smith,VSM - Processing Support,hidden,PS Retailer Hub,[],[],,[PS Retailer Hub],[],,,,,55h,725 hours,,0,,,7,Home Improvement,,Megan Kernaghan,,https://fadmin.flippback.com/merchants/2919/dashboard,OPS,,,https://fadmin.flippback.com/merchants/2919/ftp_files,Monthly,,,,10881,,Jenna Toppan,,,2919,,https://docs.google.com/document/d/1dHVOfwrLfE57KVrC0hOqbmGAA8dN-4Si3F6hshC8Uwc/edit?tab=t.0#heading=h.y2dgj7b691i1,,,OPS,,,,,,Kent,,Core,,,PS Eligible,,,,,
Task,86e0k1gg7,KentPro,active retailers,"
",[],none,,0,0,,,"Thursday, March 26th 2026, 12:15:38 pm -04:00","Thursday, April 30th 2026, 11:34:45 am -04:00",,,Matt Smith,VSM - Processing Support,hidden,PS Retailer Hub,[],[],,[PS Retailer Hub],[],,,,,10h,725 hours,,0,,,7,Home Improvement,,Megan Kernaghan,,https://fadmin.flippback.com/merchants/6294/dashboard,OPS,,,https://fadmin.flippback.com/merchants/6294/ftp_files,Weekly,,,,10425,,Jenna Toppan,,,6294,,https://docs.google.com/document/d/1dHVOfwrLfE57KVrC0hOqbmGAA8dN-4Si3F6hshC8Uwc/edit?tab=t.0#heading=h.y2dgj7b691i1,,,OPS,,,,,,KentPro,,Core,,,PS Eligible,,,,,
Task,86dtu2pr0,Key Food Supermarket,active retailers,"Weekly ad, used to be biweekly- shells need date adjustments. Consistently late with files and requires reminders.
",[],none,,0,0,,,"Thursday, June 13th 2024, 6:22:50 pm -04:00","Thursday, April 9th 2026, 10:40:44 am -04:00",,,Matt Smith,VSM - Processing Support,hidden,PS Retailer Hub,[],[],,[PS Retailer Hub],[],,,,,,16460 hours,,0,5,,9,Grocery,,Rushia Fernandes,,https://fadmin.flippback.com/merchants/6333/dashboard,PS Eligible,,10,https://fadmin.flippback.com/merchants/6333/ftp_files,Weekly,,,,10523,,Roni Grigorian,,,6333,,https://docs.google.com/document/d/10V8r5Gnc8VpPDWg8R8JMr7bv9QfplSp5hsG_N2bdfRw/edit?tab=t.0#heading=h.y2dgj7b691i1,,,OPS,,,,,,Key Food Supermarket,,Longtail,,20,PS Eligible,,5,,,"Friday, September 25th 2026"
Task,86dzp2p95,King Soopers 620,active retailers,"
",[],none,,0,0,,,"Friday, February 6th 2026, 4:57:38 pm -05:00","Wednesday, April 15th 2026, 4:51:28 pm -04:00",,,Matt Smith,VSM - Processing Support,hidden,PS Retailer Hub,[],[],,[PS Retailer Hub],[],,,,,,1149 hours,,0,,,6,Grocery,,Shabaz Malik,,https://fadmin.flippback.com/merchants/2582/dashboard,PS Eligible,,,https://fadmin.flippback.com/merchants/2582/ftp_files,Weekly,,,,2535,,Hammna Qureshi,,,2582,,https://docs.google.com/document/d/1vMpgwKQXwOGb4w3AOvlxT84QVEBib0zC_oPnftF_xw4/edit?tab=t.0#heading=h.y2dgj7b691i1,,,OPS,,Kroger,,,,,,Core PLUS,,,OPS,,,,,
Task,86dzp2nta,Kings Food Market - Ad Hoc,active retailers,"
",[],none,,0,0,,,"Friday, February 6th 2026, 4:56:57 pm -05:00","Tuesday, April 14th 2026, 10:59:05 am -04:00",,,Matt Smith,VSM - Processing Support,hidden,PS Retailer Hub,[],[],,[PS Retailer Hub],[],,,,,,1149 hours,,0,,,3,Grocery,,Annastiina Peltola,,https://fadmin.flippback.com/merchants/4863/dashboard,PS Eligible,,,https://fadmin.flippback.com/merchants/4863/ftp_files,Ad-Hoc,,,,10651,,Julia Burch,,,4863,,https://docs.google.com/document/d/183GtNwUcM9JLHJpxIRREZrJXAirNAP8ctKJ5I8aFeS8/edit,,,OPS,,ABSCo,1,,,,,Core PLUS,,,PS Eligible,,,,,
Task,86dzp2nry,Kings Food Markets,active retailers,"
",[],none,,0,0,,,"Friday, February 6th 2026, 4:56:56 pm -05:00","Thursday, April 9th 2026, 10:40:44 am -04:00",,,Matt Smith,VSM - Processing Support,hidden,PS Retailer Hub,[],[],,[PS Retailer Hub],[],,,,,,1149 hours,,0,,,9,Grocery,,Annastiina Peltola,,https://fadmin.flippback.com/merchants/4863/dashboard,PS Eligible,,,https://fadmin.flippback.com/merchants/4863/ftp_files,Weekly,,,,10263,,Julia Burch,,,4863,,https://docs.google.com/document/d/183GtNwUcM9JLHJpxIRREZrJXAirNAP8ctKJ5I8aFeS8/edit,,,OPS,,ABSCo,6,,,,,Core PLUS,,,PS Eligible,,,,,
Task,86dtu2pra,Kitchen Stuff Plus,active retailers,,[],none,,0,0,,,"Thursday, June 13th 2024, 6:22:54 pm -04:00","Thursday, April 9th 2026, 10:40:44 am -04:00",,,Matt Smith,VSM - Processing Support,hidden,PS Retailer Hub,[],[],,[PS Retailer Hub],[],,,,,25m,1006 hours,,0,,,5,"Home Goods, Furniture & Appliances",,,,https://fadmin.flippback.com/merchants/434/dashboard,PS Eligible,,,https://fadmin.flippback.com/merchants/434/ftp_files,Weekly,,,,6253,,Megan Kernaghan,,,434,,https://docs.google.com/document/d/16YpOiedewF2NWb7GK7i8FyJxFfJw12niyD9b0guQf_8/edit,,,PS Eligible,,,,,,,,Longtail,1,,PS Eligible,,,,,
Task,86dtu2prk,Korna Natural Pet Supplies,active retailers,"M1000 Account. Comms is unreliable.
",[],none,,0,0,,,"Thursday, June 13th 2024, 6:22:56 pm -04:00","Wednesday, April 15th 2026, 4:50:48 pm -04:00",,,Matt Smith,VSM - Processing Support,hidden,PS Retailer Hub,[],[],,[PS Retailer Hub],[],,,,,,16460 hours,,0,5,,,[Brand],,,,https://fadmin.flippback.com/merchants/5812/dashboard,PS Eligible,,10,https://fadmin.flippback.com/merchants/5812/ftp_files,Ad-Hoc,,,,9068,,Rachel Kyryliuk,,,5812,,https://docs.google.com/document/d/126tFKSQDWbPwKbkhpfkW2K6My-2Ny8LHT9Ny2Vut_lA/edit#heading=h.y2dgj7b691i1,,,OPS,,,,,,Korna Natural Pet Supplies (M1000),,No Active Relationship,1,20,PS Eligible,,5,,,
Task,86e0k1grt,Korvette,active retailers,"
",[],none,,0,0,,,"Thursday, March 26th 2026, 12:15:50 pm -04:00","Tuesday, April 21st 2026, 9:47:37 am -04:00",,,Matt Smith,VSM - Processing Support,hidden,PS Retailer Hub,[],[],,[PS Retailer Hub],[],,,,,35h,725 hours,,0,,,8,General Merch,,Marion Kang,,https://fadmin.flippback.com/merchants/5654/dashboard,PS Eligible,,,https://fadmin.flippback.com/merchants/5654/ftp_files,Bi-Weekly,,,,11676,,SE,,,5654,,https://docs.google.com/document/d/1TtRpz-p-TRXAxwZeLjgslvlzUMB-hF7ln8DFa5SGtk4/edit?tab=t.0#heading=h.y2dgj7b691i1,,,PS Eligible,,,,,,Korvette,,Longtail,,,PS Eligible,,,,,
Task,86dzp2p6j,Kroger Atlanta 011,active retailers,"
",[],none,,0,0,,,"Friday, February 6th 2026, 4:57:31 pm -05:00","Thursday, April 9th 2026, 10:40:44 am -04:00",,,Matt Smith,VSM - Processing Support,hidden,PS Retailer Hub,[],[],,[PS Retailer Hub],[],,,,,,1149 hours,,0,,,6,Grocery,,Clifford Fernandes,,https://fadmin.flippback.com/merchants/2774/dashboard,PS Eligible,,,https://fadmin.flippback.com/merchants/2774/ftp_files,Weekly,,,,5573,,Kaitlyn Morrison,,,2774,,https://docs.google.com/document/d/1vMpgwKQXwOGb4w3AOvlxT84QVEBib0zC_oPnftF_xw4/edit?tab=t.0#heading=h.y2dgj7b691i1,,,OPS,,Kroger,,,,,,Core PLUS,,,OPS,,,,,
Task,86dzp2p6r,Kroger Central 021,active retailers,"
",[],none,,0,0,,,"Friday, February 6th 2026, 4:57:32 pm -05:00","Thursday, April 9th 2026, 10:40:44 am -04:00",,,Matt Smith,VSM - Processing Support,hidden,PS Retailer Hub,[],[],,[PS Retailer Hub],[],,,,,,1149 hours,,0,,,6,Grocery,,Sabrina Ho,,https://fadmin.flippback.com/merchants/2775/dashboard,PS Eligible,,,https://fadmin.flippback.com/merchants/2775/ftp_files,Weekly,,,,5570,,Kaitlyn Morrison,,,2775,,https://docs.google.com/document/d/1vMpgwKQXwOGb4w3AOvlxT84QVEBib0zC_oPnftF_xw4/edit?tab=t.0#heading=h.y2dgj7b691i1,,,OPS,,Kroger,,,,,,Core PLUS,,,OPS,,,,,
Task,86dzp2p6v,Kroger Cincinnati 014,active retailers,"
",[],none,,0,0,,,"Friday, February 6th 2026, 4:57:32 pm -05:00","Thursday, April 9th 2026, 10:40:44 am -04:00",,,Matt Smith,VSM - Processing Support,hidden,PS Retailer Hub,[],[],,[PS Retailer Hub],[],,,,,,1149 hours,,0,,,6,Grocery,,Alexandra Van Wissen,,https://fadmin.flippback.com/merchants/2707/dashboard,PS Eligible,,,https://fadmin.flippback.com/merchants/2707/ftp_files,Weekly,,,,5588,,Kaitlyn Morrison,,,2707,,https://docs.google.com/document/d/1vMpgwKQXwOGb4w3AOvlxT84QVEBib0zC_oPnftF_xw4/edit?tab=t.0#heading=h.y2dgj7b691i1,,,OPS,,Kroger,,,,,,Core PLUS,,,OPS,,,,,
Task,86dzp2p6y,Kroger Columbus 016,active retailers,"
",[],none,,0,0,,,"Friday, February 6th 2026, 4:57:32 pm -05:00","Thursday, April 16th 2026, 8:08:38 pm -04:00",,,Matt Smith,VSM - Processing Support,hidden,PS Retailer Hub,[],[],,[PS Retailer Hub],[],,,,,,1149 hours,,0,,,6,Grocery,,Addie Dobson,,https://fadmin.flippback.com/merchants/2706/dashboard,PS Eligible,,,https://fadmin.flippback.com/merchants/2706/ftp_files,Weekly,,,,5589,,Kaitlyn Morrison,,,2706,,https://docs.google.com/document/d/1vMpgwKQXwOGb4w3AOvlxT84QVEBib0zC_oPnftF_xw4/edit?tab=t.0#heading=h.y2dgj7b691i1,,,OPS,,Kroger,,,,,,Core PLUS,,,OPS,,,,,
Task,86dzp2p75,Kroger Dallas 035,active retailers,"
",[],none,,0,0,,,"Friday, February 6th 2026, 4:57:33 pm -05:00","Thursday, April 16th 2026, 8:08:52 pm -04:00",,,Matt Smith,VSM - Processing Support,hidden,PS Retailer Hub,[],[],,[PS Retailer Hub],[],,,,,,1149 hours,,0,,,6,Grocery,,Adnela Fejzulovic,,https://fadmin.flippback.com/merchants/3883/dashboard,PS Eligible,,,https://fadmin.flippback.com/merchants/3883/ftp_files,Weekly,,,,5586,,Kaitlyn Morrison,,,3883,,https://docs.google.com/document/d/1vMpgwKQXwOGb4w3AOvlxT84QVEBib0zC_oPnftF_xw4/edit?tab=t.0#heading=h.y2dgj7b691i1,,,OPS,,Kroger,,,,,,Core PLUS,,,OPS,,,,,
Task,86dzp2p78,Kroger Delta 025,active retailers,"
",[],none,,0,0,,,"Friday, February 6th 2026, 4:57:33 pm -05:00","Thursday, April 9th 2026, 10:40:44 am -04:00",,,Matt Smith,VSM - Processing Support,hidden,PS Retailer Hub,[],[],,[PS Retailer Hub],[],,,,,,1149 hours,,0,,,6,Grocery,,Adnela Fejzulovic,,https://fadmin.flippback.com/merchants/2776/dashboard,PS Eligible,,,https://fadmin.flippback.com/merchants/2776/ftp_files,Weekly,,,,5572,,Kaitlyn Morrison,,,2776,,https://docs.google.com/document/d/1vMpgwKQXwOGb4w3AOvlxT84QVEBib0zC_oPnftF_xw4/edit?tab=t.0#heading=h.y2dgj7b691i1,,,OPS,,Kroger,,,,,,Core PLUS,,,OPS,,,,,
Task,86dzp2p7c,Kroger Houston 034,active retailers,"
",[],none,,0,0,,,"Friday, February 6th 2026, 4:57:34 pm -05:00","Thursday, April 9th 2026, 10:40:44 am -04:00",,,Matt Smith,VSM - Processing Support,hidden,PS Retailer Hub,[],[],,[PS Retailer Hub],[],,,,,,1149 hours,,0,,,6,Grocery,,Sabrina Ho,,https://fadmin.flippback.com/merchants/2781/dashboard,PS Eligible,,,https://fadmin.flippback.com/merchants/2781/ftp_files,Weekly,,,,5587,,Kaitlyn Morrison,,,2781,,https://docs.google.com/document/d/1vMpgwKQXwOGb4w3AOvlxT84QVEBib0zC_oPnftF_xw4/edit?tab=t.0#heading=h.y2dgj7b691i1,,,OPS,,Kroger,,,,,,Core PLUS,,,OPS,,,,,
Task,86dzp2p7k,Kroger Louisville 024,active retailers,"
",[],none,,0,0,,,"Friday, February 6th 2026, 4:57:34 pm -05:00","Thursday, April 9th 2026, 10:40:44 am -04:00",,,Matt Smith,VSM - Processing Support,hidden,PS Retailer Hub,[],[],,[PS Retailer Hub],[],,,,,,1149 hours,,0,,,6,Grocery,,Clifford Fernandes,,https://fadmin.flippback.com/merchants/2777/dashboard,PS Eligible,,,https://fadmin.flippback.com/merchants/2777/ftp_files,Weekly,,,,5575,,Kaitlyn Morrison,,,2777,,https://docs.google.com/document/d/1vMpgwKQXwOGb4w3AOvlxT84QVEBib0zC_oPnftF_xw4/edit?tab=t.0#heading=h.y2dgj7b691i1,,,OPS,,Kroger,,,,,,Core PLUS,,,OPS,,,,,
Task,86dzp2p7n,Kroger Michigan 018,active retailers,"
",[],none,,0,0,,,"Friday, February 6th 2026, 4:57:34 pm -05:00","Thursday, April 9th 2026, 10:40:44 am -04:00",,,Matt Smith,VSM - Processing Support,hidden,PS Retailer Hub,[],[],,[PS Retailer Hub],[],,,,,,1149 hours,,0,,,6,Grocery,,Addie Dobson,,https://fadmin.flippback.com/merchants/2778/dashboard,PS Eligible,,,https://fadmin.flippback.com/merchants/2778/ftp_files,Weekly,,,,5576,,Kaitlyn Morrison,,,2778,,https://docs.google.com/document/d/1vMpgwKQXwOGb4w3AOvlxT84QVEBib0zC_oPnftF_xw4/edit?tab=t.0#heading=h.y2dgj7b691i1,,,OPS,,Kroger,,,,,,Core PLUS,,,OPS,,,,,
Task,86dzp2p86,Kroger MidAtlantic 029,active retailers,"
",[],none,,0,0,,,"Friday, February 6th 2026, 4:57:36 pm -05:00","Thursday, April 9th 2026, 10:40:44 am -04:00",,,Matt Smith,VSM - Processing Support,hidden,PS Retailer Hub,[],[],,[PS Retailer Hub],[],,,,,,1149 hours,,0,,,6,Grocery,,Annastiina Peltola,,https://fadmin.flippback.com/merchants/2779/dashboard,PS Eligible,,,https://fadmin.flippback.com/merchants/2779/ftp_files,Weekly,,,,5590,,Kaitlyn Morrison,,,2779,,https://docs.google.com/document/d/1vMpgwKQXwOGb4w3AOvlxT84QVEBib0zC_oPnftF_xw4/edit?tab=t.0#heading=h.y2dgj7b691i1,,,OPS,,Kroger,,,,,,Core PLUS,,,OPS,,,,,
Task,86dzp2p85,Kroger Nashville 026,active retailers,"
",[],none,,0,0,,,"Friday, February 6th 2026, 4:57:36 pm -05:00","Thursday, April 9th 2026, 10:40:44 am -04:00",,,Matt Smith,VSM - Processing Support,hidden,PS Retailer Hub,[],[],,[PS Retailer Hub],[],,,,,,1149 hours,,0,,,6,Grocery,,Adnela Fejzulovic,,https://fadmin.flippback.com/merchants/2780/dashboard,PS Eligible,,,https://fadmin.flippback.com/merchants/2780/ftp_files,Weekly,,,,5578,,Kaitlyn Morrison,,,2780,,https://docs.google.com/document/d/1vMpgwKQXwOGb4w3AOvlxT84QVEBib0zC_oPnftF_xw4/edit?tab=t.0#heading=h.y2dgj7b691i1,,,OPS,,Kroger,,,,,,Core PLUS,,,OPS,,,,,
Task,86dubzg4d,Kubota Canada,active retailers,"Very ad-hoc - 2 flyers a year
",[],none,,0,0,,,"Monday, August 12th 2024, 10:26:52 am -04:00","Wednesday, April 15th 2026, 4:53:03 pm -04:00",,,Matt Smith,VSM - Processing Support,hidden,PS Retailer Hub,[],[],,[PS Retailer Hub],[],,,,,,14982 hours,,0,0,,,[Brand],,,,https://fadmin.flippback.com/merchants/6379/dashboard,PS Eligible,,30,https://fadmin.flippback.com/merchants/6379/ftp_files,Ad-Hoc,,,,10695,,,,,6379,,https://docs.google.com/document/d/1gOvZUUXCQeuAQF0WQz2xb7Xn3aZqS8mI-bI9sCRiDZs/edit?usp=sharing,,,OPS,,,,,,Kubota Canada,,New Business Development,4,40,PS Eligible,,10,,,
Task,86duwhf56,L'Inter-Marché,active retailers,"3-FL handles upload & pre-FQC tasks
doc still responsible for adhoc changes & comms
",[],none,,0,0,,,"Thursday, October 10th 2024, 3:59:51 pm -04:00","Thursday, April 16th 2026, 8:08:59 pm -04:00",,,Matt Smith,VSM - Processing Support,hidden,PS Retailer Hub,[],[],,[PS Retailer Hub],[],,,,,,13606 hours,,0,,,5,Grocery,,Shabaz Malik,,https://fadmin.flippback.com/merchants/3293/dashboard,PS Eligible,,10,https://fadmin.flippback.com/merchants/3293/ftp_files,Weekly,,,,5999,,Roni Grigorian,,,3293,,https://docs.google.com/document/d/1OqBJfSMaaF1ehUichTWDQkf1SFEYv7RNk1xMVkfGWeU/edit,,,OPS,,Loblaw Companies,,,,L'Inter-Marché,,Core PLUS,1,10,OPS,,,,,"Tuesday, December 29th 2026"
Task,86duwhf4p,L'Inter-Marché International,active retailers,"3-Fl handles upload & pre-fqc tasks
Doc still responsible for any ad-hoc requests and comms.
",[],none,,0,0,,,"Thursday, October 10th 2024, 3:59:50 pm -04:00","Thursday, April 16th 2026, 8:09:01 pm -04:00",,,Matt Smith,VSM - Processing Support,hidden,PS Retailer Hub,[],[],,[PS Retailer Hub],[],,,,,,13606 hours,,0,,,5,Grocery,,Shabaz Malik,,https://fadmin.flippback.com/merchants/4642/dashboard,PS Eligible,,10,https://fadmin.flippback.com/merchants/4642/ftp_files,Weekly,,,,6025,,Roni Grigorian,,,4642,,https://docs.google.com/document/d/1OqBJfSMaaF1ehUichTWDQkf1SFEYv7RNk1xMVkfGWeU/edit,,,OPS,,Loblaw Companies,,,,L-Inter-Marché International,,Core PLUS,1,10,OPS,,,,,"Tuesday, December 29th 2026"
Task,86dtu2prw,La Clef de Sol,active retailers,"variable schedule
",[],none,,0,0,,,"Thursday, June 13th 2024, 6:22:57 pm -04:00","Thursday, April 9th 2026, 10:40:44 am -04:00",,,Matt Smith,VSM - Processing Support,hidden,PS Retailer Hub,[],[],,[PS Retailer Hub],[],,,,,,16460 hours,,0,,,,Electronics,,Marion Kang,,https://fadmin.flippback.com/merchants/683/dashboard,PS Eligible,,,https://fadmin.flippback.com/merchants/683/ftp_files,Ad-Hoc,,,,10772,,SE,,,683,,https://docs.google.com/document/d/1ysvEAFFWYR-gywKJVsc7cY7fBlmN3wZoZrBhRPaWFSs/edit?tab=t.0#heading=h.ksibp83ykgmq,,,OPS,,,,,,Le Clef de Sol,,Longtail,,,PS Eligible,,,,,
Task,86dzp2nth,La Manne – Épicerie Santé,active retailers,"
",[],none,,0,0,,,"Friday, February 6th 2026, 4:56:57 pm -05:00","Wednesday, April 15th 2026, 4:53:23 pm -04:00",,,Matt Smith,VSM - Processing Support,hidden,PS Retailer Hub,[],[],,[PS Retailer Hub],[],,,,,,1149 hours,,0,,,3,Grocery,,Pending,,https://fadmin.flippback.com/merchants/6648/dashboard,PS Eligible,,,https://fadmin.flippback.com/merchants/6648/ftp_files,Monthly,,,,11753,,Addie Dobson,,,6648,,https://docs.google.com/document/d/1uqJD4N24Ws0fFm5or0zTgRARTFBIUVhsRBvdiOcf9O8/edit?tab=t.0#heading=h.y2dgj7b691i1,,,OPS,,,,,,,,Longtail,,,PS Eligible,,,,,
Task,86dtu2ptu,Latulippe,active retailers,"ad hoc, doesn't take longer than 2 days to process
",[],none,,0,0,,,"Thursday, June 13th 2024, 6:23:00 pm -04:00","Thursday, April 16th 2026, 9:41:28 am -04:00",,,Matt Smith,VSM - Processing Support,hidden,PS Retailer Hub,[],[],,[PS Retailer Hub],[],,,,,,16460 hours,,0,0,,,Sports & Outdoor,,Rushia Fernandes,,https://fadmin.flippback.com/merchants/1591/dashboard,PS Eligible,,10,https://fadmin.flippback.com/merchants/1591/ftp_files,Ad-Hoc,,,,9005,,SE,,,1591,,https://docs.google.com/document/d/13dVm0kAj52isltpIQ9nXnppYnmR1LN7dCNg3ufZh-58/edit?tab=t.0#heading=h.y2dgj7b691i1,,,OPS,,,,,,Latulippe,,Longtail,4,20,PS Eligible,,10,,,
Task,86dzp2ntt,Lawtons Drugs,active retailers,"
",[],none,,0,0,,,"Friday, February 6th 2026, 4:56:58 pm -05:00","Friday, April 17th 2026, 10:03:48 am -04:00",,,Matt Smith,VSM - Processing Support,hidden,PS Retailer Hub,[],[],,[PS Retailer Hub],[],,,,,,1149 hours,,0,,,7,Grocery,,Jennifer Prado,,https://fadmin.flippback.com/merchants/3019/dashboard,PS Eligible,,,https://fadmin.flippback.com/merchants/3019/ftp_files,Weekly,,,,9667,,Kim Potashner,,,3019,,https://docs.google.com/document/d/1xpX9DMPvk-LdDTvSrbBXlsflIIs9FdCLagm3_YOKQRA/edit,,,OPS,,Sobeys,,,,,,Core PLUS,,,PS Eligible,,,,,
Task,86e0k1gge,LCBO,active retailers,"
",[],none,,0,0,,,"Thursday, March 26th 2026, 12:15:38 pm -04:00","Wednesday, April 15th 2026, 4:53:53 pm -04:00",,,Matt Smith,VSM - Processing Support,hidden,PS Retailer Hub,[],[],,[PS Retailer Hub],[],,,,,23h,725 hours,,0,,,8,"Alcohol, Wine and Spirits",,Annastiina Peltola,,https://fadmin.flippback.com/merchants/3856/dashboard,PS Eligible,,,https://fadmin.flippback.com/merchants/3856/ftp_files,Monthly,,,,12055,,Jenna Toppan,,,3856,,https://docs.google.com/document/d/14GGaBYy_m2Gq3ZSlV3v-9i7fVVmY3zdifpNPcFIssV0/edit?tab=t.0#heading=h.y2dgj7b691i1,,,PS Eligible,,,,,,LCBO,,Core,,,PS Eligible,,,,,
Task,86e0k1gtb,Leon's,active retailers,"This is a DVM run
",[],none,,0,0,,,"Thursday, March 26th 2026, 12:15:51 pm -04:00","Friday, April 17th 2026, 12:07:33 pm -04:00",,,Matt Smith,VSM - Processing Support,hidden,PS Retailer Hub,[],[],,[PS Retailer Hub],[],,,,,55m,725 hours,,0,,,8,"Home Goods, Furniture & Appliances",,Jessica Tam,,https://fadmin.flippback.com/merchants/2595-1/dashboard,PS Eligible,,,https://fadmin.flippback.com/merchants/2595-1/ftp_files,Weekly,,,,2455,,Jenna Toppan,,,2595-1,,https://docs.google.com/document/d/1p07Jyq7s5fddo7Gg8ngMQWzmANCRL1QCc8bxTHnRCJw/edit,,,PS Eligible,,,,,,Leon's,,Longtail,,,PS Eligible,,,,,
Task,86e0k1gt7,Leon's,active retailers,"
",[],none,,0,0,,,"Thursday, March 26th 2026, 12:15:51 pm -04:00","Friday, April 17th 2026, 10:29:55 am -04:00",,,Matt Smith,VSM - Processing Support,hidden,PS Retailer Hub,[],[],,[PS Retailer Hub],[],,,,,1h 30m,725 hours,,0,,,8,"Home Goods, Furniture & Appliances",,Jessica Tam,,https://fadmin.flippback.com/merchants/2595/dashboard,PS Eligible,,,https://fadmin.flippback.com/merchants/2595/ftp_files,Weekly,,,,2571,,Jenna Toppan,,,2595,,https://docs.google.com/document/d/1p07Jyq7s5fddo7Gg8ngMQWzmANCRL1QCc8bxTHnRCJw/edit,,,PS Eligible,,,,,,Leon's,,Longtail,,,PS Eligible,,,,,
Retailer,86e0yw8tp,Leon's (TV Flyer),active retailers,"
",[],none,,0,0,,,"Friday, April 17th 2026, 10:28:12 am -04:00","Friday, April 17th 2026, 12:08:11 pm -04:00",,,Matt Smith,VSM - Processing Support,hidden,PS Retailer Hub,[],[],,[PS Retailer Hub],[],,,,,15m,317 hours,,0,,,8,"Home Goods, Furniture & Appliances",,Jessica Tam,,https://fadmin.flippback.com/merchants/2595/dashboard,PS Eligible,,,https://fadmin.flippback.com/merchants/2595/ftp_files,Bi-Weekly,,,,9216,,Jenna Toppan,,,2595-2,,https://docs.google.com/document/d/1p07Jyq7s5fddo7Gg8ngMQWzmANCRL1QCc8bxTHnRCJw/edit,,,PS Eligible,,,,,,,,Longtail,,,PS Eligible,,,,,
Task,86dtu2ptx,Les Marchés Tradition (NB),active retailers,"Please check Image QC as cutouts will be chosen when PDF images are available.
",[],none,,0,0,,,"Thursday, June 13th 2024, 6:23:02 pm -04:00","Friday, April 17th 2026, 10:03:59 am -04:00",,,Matt Smith,VSM - Processing Support,hidden,PS Retailer Hub,[],[],,[PS Retailer Hub],[],,,,,,1149 hours,,0,5,,7,Grocery,,Jennifer Prado,,https://flyers.merchants.wishabi.ca/merchants/4780/dashboard,PS Eligible,,35,https://flyers.merchants.wishabi.ca/merchants/4780/ftp_files,Weekly,,,,6425,,Kim Potashner,,,4780,,https://docs.google.com/document/d/1uCc9R4cbp8CTfQ_PnGlOicnVFtRwrE2oxuavZ91Ty9s/edit?tab=t.0#heading=h.520f8stagxe5,,,OPS,,,,,,,,Core PLUS,4,50,PS Eligible,,10,,,
Task,86dtu2ptz,Les Marchés Tradition (QC),active retailers,"Please check Image QC as cutouts will be chosen when PDF images are available.
",[],none,,0,0,,,"Thursday, June 13th 2024, 6:23:03 pm -04:00","Friday, April 17th 2026, 10:04:01 am -04:00",,,Matt Smith,VSM - Processing Support,hidden,PS Retailer Hub,[],[],,[PS Retailer Hub],[],,,,,,1149 hours,,0,5,,7,Grocery,,Jennifer Prado,,https://flyers.merchants.wishabi.ca/merchants/4780/dashboard,PS Eligible,,35,https://flyers.merchants.wishabi.ca/merchants/4780/ftp_files,Weekly,,,,6266,,Kim Potashner,,,4780,,https://docs.google.com/document/d/1uCc9R4cbp8CTfQ_PnGlOicnVFtRwrE2oxuavZ91Ty9s/edit?tab=t.0#heading=h.520f8stagxe5,,,OPS,,,,,,,,Core PLUS,4,50,PS Eligible,,10,,,
Task,86dzp2ntw,Lidl US,active retailers,"
",[],none,,0,0,,,"Friday, February 6th 2026, 4:56:58 pm -05:00","Thursday, April 16th 2026, 8:09:28 pm -04:00",,,Matt Smith,VSM - Processing Support,hidden,PS Retailer Hub,[],[],,[PS Retailer Hub],[],,,,,,1149 hours,,0,,,7,Grocery,,Sabrina Ho,,https://fadmin.flippback.com/merchants/5114/dashboard,PS Eligible,,,https://fadmin.flippback.com/merchants/5114/ftp_files,Weekly,,,,6636,,Jenna Toppan,,,5114,,https://docs.google.com/document/d/15lWXIeZeOKaSjwUUwlHKfUClCORU2TPa55sXRCTwlCg/edit#heading=h.y2dgj7b691i1,,,OPS,,Lidl US,,,,,,Core,,,PS Eligible,,,,,
Task,86dx0bgrg,Liquor Mart,active retailers,"
",[],none,,0,0,,,"Wednesday, June 11th 2025, 9:43:23 am -04:00","Thursday, April 9th 2026, 10:40:44 am -04:00",,,Matt Smith,VSM - Processing Support,hidden,PS Retailer Hub,[],[],,[PS Retailer Hub],[],,,,,,7757 hours,,0,,,6,"Alcohol, Wine and Spirits",,Jenna Toppan,,https://fadmin.flippback.com/merchants/6737/dashboard,PS Eligible,,15,https://fadmin.flippback.com/merchants/6737/ftp_files,Monthly,,,,11939,,Jenna Toppan,,,6737,,https://docs.google.com/document/d/1qZJOZiLpEwDz1KdAVXnfkL8BLa9pwmbZSlj7jtNwHpY/edit?tab=t.0,,,OPS,,,,,,Liquor Mart,,Longtail,3,25,PS Eligible,,10,,,"Saturday, January 31st 2026"
Task,86e0k1ggw,London Drugs,active retailers,"
",[],none,,0,0,,,"Thursday, March 26th 2026, 12:15:39 pm -04:00","Tuesday, April 28th 2026, 2:53:24 pm -04:00",,,Matt Smith,VSM - Processing Support,hidden,PS Retailer Hub,[],[],,[PS Retailer Hub],[],,,,,65h,725 hours,,0,,,7,Pharmacy,,Sabrina Ho,,https://fadmin.flippback.com/merchants/228/dashboard,PS Eligible,,,https://fadmin.flippback.com/merchants/228/ftp_files,Weekly,,,,5895,,Hammna Qureshi,,,228,,https://docs.google.com/document/d/1nvWGfMpn83Lg6itzC18wfvJxa31fW84y-YiJ8qMHTcw/edit?tab=t.0#heading=h.y2dgj7b691i1,,,PS Eligible,,,,,,London Drugs,,Core,,,PS Eligible,,,,,
Task,86e0k1ggz,London Drugs,active retailers,"
",[],none,,0,0,,,"Thursday, March 26th 2026, 12:15:39 pm -04:00","Tuesday, April 28th 2026, 2:53:29 pm -04:00",,,Matt Smith,VSM - Processing Support,hidden,PS Retailer Hub,[],[],,[PS Retailer Hub],[],,,,,185h,725 hours,,0,,,7,Pharmacy,,Sabrina Ho,,https://fadmin.flippback.com/merchants/228/dashboard,PS Eligible,,,https://fadmin.flippback.com/merchants/228/ftp_files,Ad-Hoc,,,,42,,Hammna Qureshi,,,228,,https://docs.google.com/document/d/1nvWGfMpn83Lg6itzC18wfvJxa31fW84y-YiJ8qMHTcw/edit?tab=t.0#heading=h.y2dgj7b691i1,,,PS Eligible,,,,,,London Drugs,,Core,,,PS Eligible,,,,,
Task,86e14dvmd,London Drugs,active retailers,"
",[],none,,0,0,,,"Tuesday, April 28th 2026, 2:45:24 pm -04:00","Tuesday, April 28th 2026, 2:53:36 pm -04:00",,,Matt Smith,VSM - Processing Support,hidden,PS Retailer Hub,[],[],,[PS Retailer Hub],[],,,,,185h,48 hours,,0,,,7,Pharmacy,,Sabrina Ho,,https://fadmin.flippback.com/merchants/228/dashboard,PS Eligible,,,https://fadmin.flippback.com/merchants/228/ftp_files,Ad-Hoc,,,,7098,,Hammna Qureshi,,,228,,https://docs.google.com/document/d/1nvWGfMpn83Lg6itzC18wfvJxa31fW84y-YiJ8qMHTcw/edit?tab=t.0#heading=h.y2dgj7b691i1,,,PS Eligible,,,,,,London Drugs,,Core,,,PS Eligible,,,,,
Task,86e14dvuv,London Drugs,active retailers,"
",[],none,,0,0,,,"Tuesday, April 28th 2026, 2:45:39 pm -04:00","Tuesday, April 28th 2026, 2:53:41 pm -04:00",,,Matt Smith,VSM - Processing Support,hidden,PS Retailer Hub,[],[],,[PS Retailer Hub],[],,,,,185h,48 hours,,0,,,7,Pharmacy,,Sabrina Ho,,https://fadmin.flippback.com/merchants/228/dashboard,PS Eligible,,,https://fadmin.flippback.com/merchants/228/ftp_files,Ad-Hoc,,,,7100,,Hammna Qureshi,,,228,,https://docs.google.com/document/d/1nvWGfMpn83Lg6itzC18wfvJxa31fW84y-YiJ8qMHTcw/edit?tab=t.0#heading=h.y2dgj7b691i1,,,PS Eligible,,,,,,London Drugs,,Core,,,PS Eligible,,,,,
Task,86e14dvv0,London Drugs,active retailers,"
",[],none,,0,0,,,"Tuesday, April 28th 2026, 2:45:39 pm -04:00","Tuesday, April 28th 2026, 2:53:47 pm -04:00",,,Matt Smith,VSM - Processing Support,hidden,PS Retailer Hub,[],[],,[PS Retailer Hub],[],,,,,185h,48 hours,,0,,,7,Pharmacy,,Sabrina Ho,,https://fadmin.flippback.com/merchants/228/dashboard,PS Eligible,,,https://fadmin.flippback.com/merchants/228/ftp_files,Ad-Hoc,,,,7102,,Hammna Qureshi,,,228,,https://docs.google.com/document/d/1nvWGfMpn83Lg6itzC18wfvJxa31fW84y-YiJ8qMHTcw/edit?tab=t.0#heading=h.y2dgj7b691i1,,,PS Eligible,,,,,,London Drugs,,Core,,,PS Eligible,,,,,
Task,86e14dw3r,London Drugs,active retailers,"
",[],none,,0,0,,,"Tuesday, April 28th 2026, 2:45:59 pm -04:00","Tuesday, April 28th 2026, 2:53:53 pm -04:00",,,Matt Smith,VSM - Processing Support,hidden,PS Retailer Hub,[],[],,[PS Retailer Hub],[],,,,,185h,48 hours,,0,,,7,Pharmacy,,Sabrina Ho,,https://fadmin.flippback.com/merchants/228/dashboard,PS Eligible,,,https://fadmin.flippback.com/merchants/228/ftp_files,Ad-Hoc,,,,7104,,Hammna Qureshi,,,228,,https://docs.google.com/document/d/1nvWGfMpn83Lg6itzC18wfvJxa31fW84y-YiJ8qMHTcw/edit?tab=t.0#heading=h.y2dgj7b691i1,,,PS Eligible,,,,,,London Drugs,,Core,,,PS Eligible,,,,,
Task,86e0k1gte,Long & McQuade Musical Instruments,active retailers,"
",[],none,,0,0,,,"Thursday, March 26th 2026, 12:15:51 pm -04:00","Wednesday, April 15th 2026, 4:56:15 pm -04:00",,,Matt Smith,VSM - Processing Support,hidden,PS Retailer Hub,[],[],,[PS Retailer Hub],[],,,,,65h,725 hours,,0,,,5,Specialty,,Alexandra Van Wissen,,https://fadmin.flippback.com/merchants/486/dashboard,PS Eligible,,,https://fadmin.flippback.com/merchants/486/ftp_files,Ad-Hoc,,,,3843,,Kayla Summerhayes,,,486,,https://docs.google.com/document/d/1L9kLDpFzrpq4Im0cZNlIWdNZcwMvVwGciyYXDsfgEmk/edit#heading=h.y2dgj7b691i1,,,PS Eligible,,,,,,Long & McQuade Musical Instruments,,Longtail,,,PS Eligible,,,,,
Task,86dzp2p87,Lowe's USA,active retailers,"
",[],none,,0,0,,,"Friday, February 6th 2026, 4:57:36 pm -05:00","Thursday, April 16th 2026, 11:27:53 am -04:00",,,Matt Smith,VSM - Processing Support,hidden,PS Retailer Hub,[],[],,[PS Retailer Hub],[],,,,,,1149 hours,,0,,,5,Home Improvement,,Clifford Fernandes,,https://fadmin.flippback.com/merchants/2358/dashboard,OPS,,,https://fadmin.flippback.com/merchants/2358/ftp_files,Weekly,,,,4679,,Alexandra Van Wissen,,,2358,,https://docs.google.com/document/d/1rgRoHU7d0Vpc1VF-Y3F8HEz1lCMu0MGWn5FXg9osSs0/edit#heading=h.y2dgj7b691i1,,,OPS,,Lowe's USA,,,,,,Core,,,PS Eligible,,,,,
Task,86dzp2nty,Lucky - Value,active retailers,"
",[],none,,0,0,,,"Friday, February 6th 2026, 4:56:59 pm -05:00","Thursday, April 16th 2026, 11:26:43 am -04:00",,,Matt Smith,VSM - Processing Support,hidden,PS Retailer Hub,[],[],,[PS Retailer Hub],[],,,,,,1149 hours,,0,,,7,N/A,,Rushia Fernandes,,https://fadmin.flippback.com/merchants/5694/dashboard,PS Eligible,,,https://fadmin.flippback.com/merchants/5694/ftp_files,Weekly,,,,8335,,Julia Burch,,,5694,,https://docs.google.com/document/d/183GtNwUcM9JLHJpxIRREZrJXAirNAP8ctKJ5I8aFeS8/edit#heading=h.y2dgj7b691i1,,,OPS,,ABSCo,4,,,,,Core PLUS,,,PS Eligible,,,,,
Task,86dtu2puj,Lucky Supermarkets,active retailers,"retailer notifies via email once files are dropped onto FTP
sometimes items aren't tagged correctly (completely different name for the item)
",[],none,,0,0,,,"Thursday, June 13th 2024, 6:23:09 pm -04:00","Thursday, April 16th 2026, 8:09:46 pm -04:00",,,Matt Smith,VSM - Processing Support,hidden,PS Retailer Hub,[],[],,[PS Retailer Hub],[],,,,,,16460 hours,,0,0,,7,Grocery,,Sabrina Ho,,https://fadmin.flippback.com/merchants/2133/dashboard,PS Eligible,,45,https://fadmin.flippback.com/merchants/2133/ftp_files,Weekly,,,,238,,Diandra Gonzalez Charris,,,2133,,https://docs.google.com/document/d/1_8NU2MSGSZbdq-2-AcwxeU4IDJrhKFxZID63OExG5G8/edit?tab=t.0#heading=h.y2dgj7b691i1,,,OPS,,Save Mart,,,,Lucky Supermarkets,,Core,1,65,PS Eligible,,20,,,"Tuesday, May 12th 2026"
Task,86e0k1gha,M&M Food Market,active retailers,"
",[],none,,0,0,,,"Thursday, March 26th 2026, 12:15:39 pm -04:00","Thursday, April 16th 2026, 11:28:14 am -04:00",,,Matt Smith,VSM - Processing Support,hidden,PS Retailer Hub,[],[],,[PS Retailer Hub],[],,,,,55h,725 hours,,0,,,7,Grocery,,Annastiina Peltola,,https://fadmin.flippback.com/merchants/2024/dashboard,PS Eligible,,,https://fadmin.flippback.com/merchants/2024/ftp_files,Weekly,,,,139,,Addie Dobson,,,2024,,https://docs.google.com/document/d/142gmNZ3CkFGdWTRBysr3XoKXtPpB3vveLFiAyAlf8eA/edit?tab=t.0#heading=h.y2dgj7b691i1,,,PS Eligible,,,,,,M&M Food Market,,Core,,,PS Eligible,,,,,
Task,86dw8mwzr,Marche Ariya,active retailers,,[],none,,0,0,,,"Friday, March 14th 2025, 3:28:10 pm -04:00","Thursday, April 9th 2026, 10:40:44 am -04:00",,,Matt Smith,VSM - Processing Support,hidden,PS Retailer Hub,[],[],,[PS Retailer Hub],[],,,,,,9822 hours,,0,,,5,Grocery,,Ebony Powell,,https://fadmin.flippback.com/merchants/6756/dashboard,PS Eligible,,10,https://fadmin.flippback.com/merchants/6756/ftp_files,Bi-Weekly,,,,11977,,SE,,,6756,,https://docs.google.com/document/d/1_f10-jKRj0eIWuuVvmcnQjNti0KKgQe1ha8_VDKkN70/edit?tab=t.0#heading=h.35qcqd1orzvx,,,OPS,,,,,,Marche Ariya,,Longtail,4,20,PS Eligible,,10,,,
Task,86e0k1gtx,Marche Salaberry,active retailers,"
",[],none,,0,0,,,"Thursday, March 26th 2026, 12:15:52 pm -04:00","Thursday, April 16th 2026, 11:28:34 am -04:00",,,Matt Smith,VSM - Processing Support,hidden,PS Retailer Hub,[],[],,[PS Retailer Hub],[],,,,,17h,725 hours,,0,,,5,Grocery,,Adnela Fejzulovic,,https://fadmin.flippback.com/merchants/6616/dashboard,PS Eligible,,,https://fadmin.flippback.com/merchants/6616/ftp_files,Bi-Weekly,,,,11603,,Rachel Kyryliuk,,,6616,,https://docs.google.com/document/d/1ltU4_m2aO1063SxrpvTRi8EubgKbbFnIrFXI8imb0PQ/edit?tab=t.0#heading=h.y2dgj7b691i1,,,PS Eligible,,,,,,Marche Salaberry,,Longtail,,,PS Eligible,,,,,
Task,86dtu2pvd,Marché Bonichoix,active retailers,"Please check Image QC as cutouts will be chosen when PDF images are available.
",[],none,,0,0,,,"Thursday, June 13th 2024, 6:23:14 pm -04:00","Friday, April 17th 2026, 10:04:18 am -04:00",,,Matt Smith,VSM - Processing Support,hidden,PS Retailer Hub,[],[],,[PS Retailer Hub],[],,,,,,1149 hours,,0,5,,7,Grocery,,Jennifer Prado,,https://flyers.merchants.wishabi.ca/merchants/3566/dashboard,PS Eligible,,25,https://flyers.merchants.wishabi.ca/merchants/3566/ftp_files,Weekly,,,,6267,,Kim Potashner,,,3566,,https://docs.google.com/document/d/1e96XOe_glsWcDyg0yB9z0ujxft8tB2FJyF377-NjjHo/edit?tab=t.0#heading=h.y2dgj7b691i1,,,OPS,,,,,,,,Core PLUS,4,40,PS Eligible,,10,,,
Task,86duaxntt,Marché Leo's,active retailers,"Tier is an estimate as it’s a newly onboarded retailer
",[],none,,0,0,,,"Wednesday, August 7th 2024, 9:24:24 am -04:00","Thursday, April 9th 2026, 10:40:44 am -04:00",,,Matt Smith,VSM - Processing Support,hidden,PS Retailer Hub,[],[],,[PS Retailer Hub],[],,,,,,15146 hours,,0,0,,6,Grocery,,Ebony Powell,,https://fadmin.flippback.com/merchants/6345/dashboard,PS Eligible,,15,https://fadmin.flippback.com/merchants/6345/ftp_files,Monthly,,,,10574,,Addie Dobson,,,6345,,https://docs.google.com/document/d/1ByuIWrM-fIEhE8VE174U_vMG7-w0XkZyUeWkMRSOFd0/edit,,,PS Eligible,,,,,,Marché Leo's,,Longtail,4,30,PS Eligible,,15,,,"Monday, December 1st 2025"
Task,86e0k1gu0,Mariana's Supermarkets,active retailers,"
",[],none,,0,0,,,"Thursday, March 26th 2026, 12:15:52 pm -04:00","Thursday, April 16th 2026, 11:29:17 am -04:00",,,Matt Smith,VSM - Processing Support,hidden,PS Retailer Hub,[],[],,[PS Retailer Hub],[],,,,,23h,725 hours,,0,,,8,Grocery,,Ebony Powell,,https://fadmin.flippback.com/merchants/3188/dashboard,PS Eligible,,,https://fadmin.flippback.com/merchants/3188/ftp_files,Bi-Weekly,,,,5004,,Addie Dobson,,,3188,,https://docs.google.com/document/d/1j_zyFFJT8aNyMiobeAnd8GUNMFksel6o03UlQLye0Ns/edit?tab=t.0#heading=h.y2dgj7b691i1,,,PS Eligible,,,,,,Mariana's Supermarkets,,Longtail,,,PS Eligible,,,,,
Task,86dtu2pvu,Mark's,active retailers,"Markâ€™s uses a second flyer type 374 - L'Equipeur in the Markâ€™s merchant page where it is cloned to the [L'Ã‰quipeur|https://flyers.merchants.wishabi.ca/merchants/6082] merchant.
Technically there are 2 flyers uploaded, 2 FQCd and 1 clone = 3 flyers overall.
Linking doc is a pdf with SKUs attached which needs to be uploaded to a specific Google Drive linked in the account guide.
",[],none,,0,0,,,"Thursday, June 13th 2024, 6:23:17 pm -04:00","Thursday, April 9th 2026, 10:40:44 am -04:00",,,Matt Smith,VSM - Processing Support,hidden,PS Retailer Hub,[],[],,[PS Retailer Hub],[],,,,,,16460 hours,,0,0,,,Apparel,,Clifford Fernandes,,https://fadmin.flippback.com/merchants/1996/dashboard,PS Eligible,,50,https://fadmin.flippback.com/merchants/1996/ftp_files,Ad-Hoc,,,,62374,,Julia Burch,,,1996,,https://docs.google.com/document/d/1r7d4NSK1zUephrsRRNTVFI3yWcEFR-huZ70R72c3SQc/edit?tab=t.0#heading=h.y2dgj7b691i1,,,OPS,,Canadian Tire,,,,Mark's,,Core PLUS,2,85,PS Eligible,,35,,,
Task,86dtu2q74,Market Street,active retailers,"All 4 merchants have one weekly ad delivered over 1 email (all share the same single codesheet).
Once the email comes in, Flex must forward the email 3 more times to create unique cards.
",[],none,,0,0,,,"Thursday, June 13th 2024, 6:25:07 pm -04:00","Thursday, April 30th 2026, 11:26:53 am -04:00",,,Matt Smith,VSM - Processing Support,hidden,PS Retailer Hub,[],[],,[PS Retailer Hub],[],,,,,,16460 hours,,0,5,,7,Grocery,,Ebony Powell,,https://fadmin.flippback.com/merchants/2352/dashboard,PS Eligible,,10,https://fadmin.flippback.com/merchants/2352/ftp_files,Weekly,,,,2755,,Julia Burch,,,2352,,https://docs.google.com/document/d/1-A75uQsG2J1Buxu8DUmWJ4pAiXOwZL4Y4VDVqQ7kQkA/edit?tab=t.0#heading=h.y2dgj7b691i1,,,OPS,,,4,,,Market Street,,Core PLUS,1,25,PS Eligible,,10,,,"Monday, February 22nd 2027"
Task,86dtu2pw8,Marketplace IGA,active retailers,,[],none,,0,0,,,"Thursday, June 13th 2024, 6:23:18 pm -04:00","Thursday, April 16th 2026, 8:15:11 pm -04:00",,,Matt Smith,VSM - Processing Support,hidden,PS Retailer Hub,[],[],,[PS Retailer Hub],[],,,,,,16460 hours,,0,0,,5,Grocery,,Ebony Powell,,https://fadmin.flippback.com/merchants/2317/dashboard,PS Eligible,,10,https://fadmin.flippback.com/merchants/2317/ftp_files,Weekly,,,,2422,,Megan Kernaghan,,,2317,,https://docs.google.com/document/d/1L3j0DHPnY6UYGXjn_MwkKxlXCoGsGxbasmC2ONG38xc/edit?tab=t.0#heading=h.y2dgj7b691i1,,,OPS,,IGA,,,,Marketplace IGA,,Organic Indexed,,15,PS Eligible,,5,,,"Thursday, December 17th 2026"
Task,86e0k1ghj,Martin's Foods,active retailers,"
",[],none,,0,0,,,"Thursday, March 26th 2026, 12:15:40 pm -04:00","Thursday, April 16th 2026, 11:30:22 am -04:00",,,Matt Smith,VSM - Processing Support,hidden,PS Retailer Hub,[],[],,[PS Retailer Hub],[],,,,,120h,725 hours,,0,,,8,Grocery,,Rachel Kyryliuk,,https://fadmin.flippback.com/merchants/2418/dashboard,OPS,,,https://fadmin.flippback.com/merchants/2418/ftp_files,Weekly,,,,5541,,Jenna Toppan,,,2418,,https://docs.google.com/document/d/1_QakDsRnIaJxYVckQgnHHolXDvpAr4ICQYfk0s4bU3w/edit?tab=t.0#heading=h.y2dgj7b691i1,,,OPS,,,,,,Martin's Foods,,Core,,,PS Eligible,,,,,
Task,86dtu2pwc,Martin's Super Markets,active retailers,,[],none,,0,0,,,"Thursday, June 13th 2024, 6:23:19 pm -04:00","Thursday, April 9th 2026, 10:40:44 am -04:00",,,Matt Smith,VSM - Processing Support,hidden,PS Retailer Hub,[],[],,[PS Retailer Hub],[],,,,,,16460 hours,,0,,,8,Grocery,,Marion Kang,,https://fadmin.flippback.com/merchants/3405/dashboard,PS Eligible,,,https://fadmin.flippback.com/merchants/3405/ftp_files,Weekly,,,,3481,,SE,,,3405,,https://docs.google.com/document/d/1KpVxoOw2cDqbj8sBOZI3coBMhuOOCg6Wido0DPWV03E/edit?tab=t.0#heading=h.y2dgj7b691i1,,,OPS,,SpartanNash,,,,Martin's Super Markets,,Longtail,,,PS Eligible,,,,,"Saturday, December 26th 2026"
Task,86dtu2pwm,Materio,active retailers,,[],none,,0,0,,,"Thursday, June 13th 2024, 6:23:21 pm -04:00","Thursday, April 16th 2026, 9:40:21 am -04:00",,,Matt Smith,VSM - Processing Support,hidden,PS Retailer Hub,[],[],,[PS Retailer Hub],[],,,,,,5406 hours,,0,0,,6,"Home Goods, Furniture & Appliances",,Marion Kang,,https://fadmin.flippback.com/merchants/4789/dashboard,PS Eligible,,15,https://fadmin.flippback.com/merchants/4789/ftp_files,Weekly,,,,10889,,SE,,,4789,,https://docs.google.com/document/d/1nDE68ea1Ui5XXuaSHdT1-gPXnWxsoW8-2kJTQX3lQK0/edit?tab=t.0#heading=h.cupbs4fbr4xl,,Generic Instructions,PS Eligible,,,,,,Materio,,Longtail,4,25,PS Eligible,,10,,,
Task,86dtu2pwq,MB Country Living,active retailers,,[],none,,0,0,,,"Thursday, June 13th 2024, 6:23:22 pm -04:00","Thursday, April 16th 2026, 11:31:04 am -04:00",,,Matt Smith,VSM - Processing Support,hidden,PS Retailer Hub,[],[],,[PS Retailer Hub],[],,,,,,16460 hours,,0,5,,,N/A,,,,https://fadmin.flippback.com/merchants/6066/dashboard,PS Eligible,,5,https://fadmin.flippback.com/merchants/6066/ftp_files,Ad-Hoc,,,,10098,,,,,6066,,https://docs.google.com/document/d/1nSxZtBfsZG-_92dH_hGw0s3ZnUJaYPt4CgSkuE05J80/edit#heading=h.b67j2r6h5nbx,,,OPS,,,,,,MB Country Living,,No Active Relationship,4,20,PS Eligible,,10,,,
Task,86dtu2pww,Meijer,active retailers,"Make sure that stores are assigned correctly, they often differ per flyer
Always only available on hosted
",[],none,,0,0,,,"Thursday, June 13th 2024, 6:23:23 pm -04:00","Thursday, April 9th 2026, 10:40:44 am -04:00",,,Matt Smith,VSM - Processing Support,hidden,PS Retailer Hub,[],[],,[PS Retailer Hub],[],,,,,,16460 hours,,0,0,,,General Merch,,Alexandra Van Wissen,,https://fadmin.flippback.com/merchants/2281/dashboard,PS Eligible,,10,https://fadmin.flippback.com/merchants/2281/ftp_files,Ad-Hoc,,,,6110,,Julia Burch,,,2281,,https://docs.google.com/document/d/1a0dT6vR1xS-lmVgsuA3W4UtsFbIAziCBzc6j9X537Ww/edit?tab=t.0#heading=h.9rwm1ivwyadx,,,OPS,,,,,,Meijer,,Core,1,20,PS Eligible,,10,,,
Task,86e0ku9ft,Meijer,active retailers,"
",[],none,,0,0,,,"Friday, March 27th 2026, 12:54:47 pm -04:00","Thursday, April 16th 2026, 11:31:11 am -04:00",,,Matt Smith,VSM - Processing Support,hidden,PS Retailer Hub,[],[],,[PS Retailer Hub],[],,,,,150h,725 hours,,0,,,7,General Merch,,Alexandra Van Wissen,,https://fadmin.flippback.com/merchants/2281-1/dashboard,OPS,,,https://fadmin.flippback.com/merchants/2281-1/ftp_files,Weekly,,,,12233,,Julia Burch,,,2281-1,,https://docs.google.com/document/d/1a0dT6vR1xS-lmVgsuA3W4UtsFbIAziCBzc6j9X537Ww/edit?usp=sharing,,,OPS,,,,,,Meijer,,Core,,,PS Eligible,,,,,
Task,86e0ku9gy,Meijer,active retailers,"
",[],none,,0,0,,,"Friday, March 27th 2026, 12:54:48 pm -04:00","Thursday, April 16th 2026, 11:31:13 am -04:00",,,Matt Smith,VSM - Processing Support,hidden,PS Retailer Hub,[],[],,[PS Retailer Hub],[],,,,,90h,725 hours,,0,,,7,General Merch,,Alexandra Van Wissen,,https://fadmin.flippback.com/merchants/2281/dashboard,OPS,,,https://fadmin.flippback.com/merchants/2281/ftp_files,Weekly,,,,542,,Julia Burch,,,2281,,https://docs.google.com/document/d/1a0dT6vR1xS-lmVgsuA3W4UtsFbIAziCBzc6j9X537Ww/edit?usp=sharing,,,OPS,,,,,,Meijer,,Core,,,PS Eligible,,,,,
Task,86e0ku9h0,Meijer,active retailers,"
",[],none,,0,0,,,"Friday, March 27th 2026, 12:54:48 pm -04:00","Thursday, April 16th 2026, 11:31:19 am -04:00",,,Matt Smith,VSM - Processing Support,hidden,PS Retailer Hub,[],[],,[PS Retailer Hub],[],,,,,40h,725 hours,,0,,,7,General Merch,,Alexandra Van Wissen,,https://fadmin.flippback.com/merchants/2281/dashboard,OPS,,,https://fadmin.flippback.com/merchants/2281/ftp_files,Weekly,,,,7306,,Julia Burch,,,2281,,https://docs.google.com/document/d/1a0dT6vR1xS-lmVgsuA3W4UtsFbIAziCBzc6j9X537Ww/edit?usp=sharing,,,OPS,,,,,,Meijer,,Core,,,PS Eligible,,,,,
Task,86e0ku9h7,Meijer,active retailers,"
",[],none,,0,0,,,"Friday, March 27th 2026, 12:54:49 pm -04:00","Thursday, April 16th 2026, 11:31:22 am -04:00",,,Matt Smith,VSM - Processing Support,hidden,PS Retailer Hub,[],[],,[PS Retailer Hub],[],,,,,40h,725 hours,,0,,,7,General Merch,,Alexandra Van Wissen,,https://fadmin.flippback.com/merchants/2281/dashboard,OPS,,,https://fadmin.flippback.com/merchants/2281/ftp_files,Ad-Hoc,,,,7025,,Julia Burch,,,2281,,https://docs.google.com/document/d/1a0dT6vR1xS-lmVgsuA3W4UtsFbIAziCBzc6j9X537Ww/edit?usp=sharing,,,OPS,,,,,,Meijer,,Core,,,PS Eligible,,,,,
Task,86e0ku9hk,Meijer,active retailers,"
",[],none,,0,0,,,"Friday, March 27th 2026, 12:54:49 pm -04:00","Thursday, April 16th 2026, 11:31:26 am -04:00",,,Matt Smith,VSM - Processing Support,hidden,PS Retailer Hub,[],[],,[PS Retailer Hub],[],,,,,40h,725 hours,,0,,,7,General Merch,,Alexandra Van Wissen,,https://fadmin.flippback.com/merchants/2281/dashboard,OPS,,,https://fadmin.flippback.com/merchants/2281/ftp_files,Ad-Hoc,,,,5986,,Julia Burch,,,2281,,https://docs.google.com/document/d/1a0dT6vR1xS-lmVgsuA3W4UtsFbIAziCBzc6j9X537Ww/edit?usp=sharing,,,OPS,,,,,,Meijer,,Core,,,PS Eligible,,,,,
Task,86e0ku9hq,Meijer,active retailers,"
",[],none,,0,0,,,"Friday, March 27th 2026, 12:54:49 pm -04:00","Thursday, April 16th 2026, 11:31:30 am -04:00",,,Matt Smith,VSM - Processing Support,hidden,PS Retailer Hub,[],[],,[PS Retailer Hub],[],,,,,40h,725 hours,,0,,,7,General Merch,,Alexandra Van Wissen,,https://fadmin.flippback.com/merchants/2281/dashboard,OPS,,,https://fadmin.flippback.com/merchants/2281/ftp_files,Ad-Hoc,,,,7029,,Julia Burch,,,2281,,https://docs.google.com/document/d/1a0dT6vR1xS-lmVgsuA3W4UtsFbIAziCBzc6j9X537Ww/edit?usp=sharing,,,OPS,,,,,,Meijer,,Core,,,PS Eligible,,,,,
Task,86durc3gm,Metcalfe's,active retailers,"Part of Spartannash Independent Onboarding
",[],none,,0,0,,,"Wednesday, September 25th 2024, 3:37:08 pm -04:00","Thursday, April 16th 2026, 8:15:22 pm -04:00",,,Matt Smith,VSM - Processing Support,hidden,PS Retailer Hub,[],[],,[PS Retailer Hub],[],,,,,,13606 hours,,0,15,,15,Grocery,,Marion Kang,,https://fadmin.flippback.com/merchants/3042/dashboard,PS Eligible,,10,https://fadmin.flippback.com/merchants/3042/ftp_files,Weekly,,,,11855,,Rachel Kyryliuk,,,3042,,https://docs.google.com/document/d/11nBej2Mg5fQvG_SWCt8pMfJQfbWkJx5SmLXd-lluPv4/edit,,,OPS,,SpartanNash,,,,Metcalfe's,,Longtail,1,25,PS Eligible,,0,,,"Wednesday, January 13th 2027"
Task,86du8ja5p,Meubles RD,active retailers,"Flex completes FQC up to the FQC checklist. Doc will complete checklist, add triggers & deep links.
",[],none,,0,0,,,"Tuesday, July 30th 2024, 12:55:07 pm -04:00","Thursday, April 9th 2026, 10:40:44 am -04:00",,,Matt Smith,VSM - Processing Support,hidden,PS Retailer Hub,[],[],,[PS Retailer Hub],[],,,,,40m,15338 hours,,0,0,,7,"Home Goods, Furniture & Appliances",,Alexandra Van Wissen,,https://fadmin.flippback.com/merchants/3474/dashboard,PS Eligible,,30,https://fadmin.flippback.com/merchants/3474/ftp_files,Weekly,,,,3565,,Kayla Summerhayes,,,3474,,https://docs.google.com/document/d/1HUqZRg1jTOCrDSGEafR40fjgtU4kAqOMzC3CZb5lm40/edit#heading=h.y2dgj7b691i1,,,PS Eligible,,,,,,Meubles RD,,Longtail,2,50,PS Eligible,,20,,,"Sunday, February 21st 2027"
Task,86dtu2px9,Michaels Canada,active retailers,,[],none,,0,0,,,"Thursday, June 13th 2024, 6:23:26 pm -04:00","Thursday, April 9th 2026, 10:40:44 am -04:00",,,Matt Smith,VSM - Processing Support,hidden,PS Retailer Hub,[],[],,[PS Retailer Hub],[],,,,,,16460 hours,,0,,,7,Arts & Crafts,,Shabaz Malik,,https://fadmin.flippback.com/merchants/2597/dashboard,PS Eligible,,,https://fadmin.flippback.com/merchants/2597/ftp_files,Weekly,,,,2567,,Jenna Toppan,,,2597,,https://docs.google.com/document/d/1jhv9wccPLjEWSIWHQ2iXAoxMcokADt-iWuW6JBMS82g/edit#heading=h.y2dgj7b691i1,,,OPS,,,,,,Michaels Canada,,Longtail,1,,PS Eligible,,,,,"Thursday, January 22nd 2026"
Task,86dtu2pxc,Michaels USA,active retailers,,[],none,,0,0,,,"Thursday, June 13th 2024, 6:23:27 pm -04:00","Thursday, April 9th 2026, 10:40:44 am -04:00",,,Matt Smith,VSM - Processing Support,hidden,PS Retailer Hub,[],[],,[PS Retailer Hub],[],,,,,,16460 hours,,0,,,7,Arts & Crafts,,Shabaz Malik,,https://fadmin.flippback.com/merchants/2362/dashboard,PS Eligible,,,https://fadmin.flippback.com/merchants/2362/ftp_files,Weekly,,,,2568,,Jenna Toppan,,,2362,,https://docs.google.com/document/d/1jhv9wccPLjEWSIWHQ2iXAoxMcokADt-iWuW6JBMS82g/edit#heading=h.y2dgj7b691i1,,,OPS,,,,,,Michaels USA,,Longtail,4,,PS Eligible,,,,,"Saturday, January 24th 2026"
Task,86dzp2nua,Midtown Fresh Market,active retailers,"
",[],none,,0,0,,,"Friday, February 6th 2026, 4:56:59 pm -05:00","Thursday, April 16th 2026, 8:15:45 pm -04:00",,,Matt Smith,VSM - Processing Support,hidden,PS Retailer Hub,[],[],,[PS Retailer Hub],[],,,,,,1149 hours,,0,,,5,Grocery,,Shabaz Malik,,https://fadmin.flippback.com/merchants/6769/dashboard,PS Eligible,,,https://fadmin.flippback.com/merchants/6769/ftp_files,Bi-Weekly,,,,12037,,Rachel Kyryliuk,,,6769,,https://docs.google.com/document/d/11nBej2Mg5fQvG_SWCt8pMfJQfbWkJx5SmLXd-lluPv4/edit?tab=t.0#heading=h.gejosyr0iiv6,,,OPS,,,,,,,,Longtail,,,PS Eligible,,,,,
Task,86e0k1gu5,Millbank Hardware,active retailers,"
",[],none,,0,0,,,"Thursday, March 26th 2026, 12:15:52 pm -04:00","Thursday, April 16th 2026, 11:32:14 am -04:00",,,Matt Smith,VSM - Processing Support,hidden,PS Retailer Hub,[],[],,[PS Retailer Hub],[],,,,,35h,725 hours,,0,,,5,"Home Goods, Furniture & Appliances",,Rushia Fernandes,,https://fadmin.flippback.com/merchants/6751/dashboard,PS Eligible,,,https://fadmin.flippback.com/merchants/6751/ftp_files,Monthly,,,,11968,,Addie Dobson,,,6751,,https://docs.google.com/document/d/1LLm4b1qrb4y7EStNNxbq2Qlqw31eYfFronXYkt-jrr4/edit?tab=t.0#heading=h.y2dgj7b691i1,,,PS Eligible,,,,,,,,Longtail,,,PS Eligible,,,,,
Task,86dtu2pxg,Mondou,active retailers,"Files often delayed
",[],none,,0,0,,,"Thursday, June 13th 2024, 6:23:28 pm -04:00","Thursday, April 9th 2026, 10:40:44 am -04:00",,,Matt Smith,VSM - Processing Support,hidden,PS Retailer Hub,[],[],,[PS Retailer Hub],[],,,,,,16460 hours,,0,20,,10,Pet Care,,Annastiina Peltola,,https://fadmin.flippback.com/merchants/3318/dashboard,PS Eligible,,35,https://fadmin.flippback.com/merchants/3318/ftp_files,Bi-Weekly,,,,3356,,Addie Dobson,,,3318,,https://docs.google.com/document/d/1c1TXrCicnEd8FAJRkfanmcQdd_hwv8qSWxZMtheGBI4/edit?tab=t.0,,,OPS,,,2,,,Mondou,,Longtail,4,70,PS Eligible,,15,,,
Task,86dtu2pxk,Nature's Emporium (Bi-Weekly),active retailers,,[],none,,0,0,,,"Thursday, June 13th 2024, 6:23:30 pm -04:00","Thursday, April 16th 2026, 9:41:37 am -04:00",,,Matt Smith,VSM - Processing Support,hidden,PS Retailer Hub,[],[],,[PS Retailer Hub],[],,,,,,16460 hours,,0,5,,7,Grocery,,Rushia Fernandes,,https://fadmin.flippback.com/merchants/3097/dashboard,PS Eligible,,10,https://fadmin.flippback.com/merchants/3097/ftp_files,Bi-Weekly,,,,3656,,SE,,,3097,,https://docs.google.com/document/d/1XGFY8wQMJAcjC8AIfqukju7gm4KCQWFU5GBLeRqa9Zk/edit?tab=t.0#heading=h.y2dgj7b691i1,,,OPS,,,,,,Nature's Emporium (Bi-Weekly),,Longtail,4,20,PS Eligible,,5,,,"Wednesday, February 25th 2026"
Task,86dtu2pxn,Nature's Emporium (Weekly),active retailers,"Often short lead time
",[],none,,0,0,,,"Thursday, June 13th 2024, 6:23:31 pm -04:00","Thursday, April 16th 2026, 9:41:38 am -04:00",,,Matt Smith,VSM - Processing Support,hidden,PS Retailer Hub,[],[],,[PS Retailer Hub],[],,,,,,16460 hours,,0,5,,7,Grocery,,Rushia Fernandes,,https://fadmin.flippback.com/merchants/3097/dashboard,PS Eligible,,10,https://fadmin.flippback.com/merchants/3097/ftp_files,Weekly,,,,10565,,SE,,,3097,,https://docs.google.com/document/d/1XGFY8wQMJAcjC8AIfqukju7gm4KCQWFU5GBLeRqa9Zk/edit?tab=t.0#heading=h.y2dgj7b691i1,,,OPS,,,,,,Nature's Emporium (Weekly),,Longtail,4,20,PS Eligible,,5,,,"Thursday, February 26th 2026"
Task,86dtu2pxp,Nature's Fare Markets,active retailers,,[],none,,0,0,,,"Thursday, June 13th 2024, 6:23:32 pm -04:00","Thursday, April 16th 2026, 9:41:47 am -04:00",,,Matt Smith,VSM - Processing Support,hidden,PS Retailer Hub,[],[],,[PS Retailer Hub],[],,,,,,16460 hours,,0,0,,7,Grocery,,Rushia Fernandes,,https://fadmin.flippback.com/merchants/3663/dashboard,PS Eligible,,10,https://fadmin.flippback.com/merchants/3663/ftp_files,Bi-Weekly,,,,3657,,SE,,,3663,,https://docs.google.com/document/d/1qLBZJRRcLVoX-wcgkBNBQQB-LBl4goxe0hnlD2QKupQ/edit#heading=h.y2dgj7b691i1,,,OPS,,,,,,Nature's Fare Markets,,Longtail,4,20,PS Eligible,,10,,,"Wednesday, September 16th 2026"
Task,86dtu2pxr,Nature's Source and Nature's Signature,active retailers,"Retailer sends files all over the place -- not consistent.
",[],none,,0,0,,,"Thursday, June 13th 2024, 6:23:34 pm -04:00","Thursday, April 9th 2026, 10:40:44 am -04:00",,,Matt Smith,VSM - Processing Support,hidden,PS Retailer Hub,[],[],,[PS Retailer Hub],[],,,,,20m,16460 hours,,0,5,,10,Pharmacy,,Rushia Fernandes,,https://fadmin.flippback.com/merchants/3938/dashboard,PS Eligible,,5,https://fadmin.flippback.com/merchants/3938/ftp_files,Monthly,,,,9777,,Roni Grigorian,,,3938,,https://docs.google.com/document/d/12HVgAJGpncuJPKVCmZbjmrQI8du8uy7DxSzo_MPyuZk/edit,,,PS Eligible,,,,,,Nature's Source and Nature's Signature,,Longtail,4,20,PS Eligible,,10,,,
Task,86dzp2p8r,Navarro Discount Pharmacy,active retailers,"
",[],none,,0,0,,,"Friday, February 6th 2026, 4:57:37 pm -05:00","Thursday, April 16th 2026, 11:32:47 am -04:00",,,Matt Smith,VSM - Processing Support,hidden,PS Retailer Hub,[],[],,[PS Retailer Hub],[],,,,,,1149 hours,,0,,,7,Pharmacy,,Hannah Schiff-Kearn,,https://fadmin.flippback.com/merchants/3026/dashboard,OPS,,,https://fadmin.flippback.com/merchants/3026/ftp_files,Weekly,,,,7797,,Kayla Summerhayes,,,3026,,https://docs.google.com/document/d/1IHjYNkHXNY6nLtOa_oKs2ZSrKa41BWveiKrzBAU2B9w/edit?tab=t.0#heading=h.y2dgj7b691i1,,,OPS,,CVS,,,,,,Core,,,PS Eligible,,,,,
Task,86dtu2py0,Nesters Market (Weekly),active retailers,,[],none,,0,0,,,"Thursday, June 13th 2024, 6:23:36 pm -04:00","Thursday, April 9th 2026, 10:40:44 am -04:00",,,Matt Smith,VSM - Processing Support,hidden,PS Retailer Hub,[],[],,[PS Retailer Hub],[],,,,,,16460 hours,,0,0,,6,Grocery,,Rushia Fernandes,,https://fadmin.flippback.com/merchants/3321/dashboard,PS Eligible,,20,https://fadmin.flippback.com/merchants/3321/ftp_files,Weekly,,,,9324,,Kim Potashner,,,3321,,https://docs.google.com/document/d/1s-Du9XY4DYUmZEYHbK0CW7aM5oZFpJQK10ND6wgyZyI/edit#heading=h.y2dgj7b691i1,,,OPS,,Pattison Food Group,,,,Nesters Market (Weekly),,Core,4,20,PS Eligible,,0,,,"Wednesday, September 23rd 2026"
Task,86dubzg3y,Notre Dame Home Furnishings,active retailers,"Hosted Set-Up (With Postal Code Select)
",[],none,,0,0,,,"Monday, August 12th 2024, 10:26:49 am -04:00","Thursday, April 9th 2026, 10:40:44 am -04:00",,,Matt Smith,VSM - Processing Support,hidden,PS Retailer Hub,[],[],,[PS Retailer Hub],[],,,,,25m,14982 hours,,0,0,,7,Home Improvement,,Ebony Powell,,https://fadmin.flippback.com/merchants/6507/dashboard,PS Eligible,,15,https://fadmin.flippback.com/merchants/6507/ftp_files,Monthly,,,,11079,,Addie Dobson,,,6507,,https://docs.google.com/document/d/1ZZVgnx2Iie-wUUgfRmYDyT-Mvy97JZPbEvET_lC9GX8/edit?usp=sharing,,,PS Eligible,,,,,,Notre Dame Home Furnishings,,Longtail,3,25,PS Eligible,,10,,,
Task,86e0k1gu9,Nutters Everyday Naturals,active retailers,"
",[],none,,0,0,,,"Thursday, March 26th 2026, 12:15:52 pm -04:00","Thursday, April 16th 2026, 11:33:01 am -04:00",,,Matt Smith,VSM - Processing Support,hidden,PS Retailer Hub,[],[],,[PS Retailer Hub],[],,,,,33h,725 hours,,0,,,7,Health & Supplements,,Rushia Fernandes,,https://fadmin.flippback.com/merchants/6420/dashboard,PS Eligible,,,https://fadmin.flippback.com/merchants/6420/ftp_files,Ad-Hoc,,,,12069,,Addie Dobson,,,6420,,https://docs.google.com/document/d/1MAYyV_xB2nYPgEZKhi8Zp6lsi2GYtY4rPigiv4dKULY/edit?tab=t.0#heading=h.y2dgj7b691i1,,,PS Eligible,,,,,,,,Longtail,,,PS Eligible,,,,,
Task,86dzp0ze0,Olesons Farm Fresh Markets,active retailers,"
",[],none,,0,0,,,"Friday, February 6th 2026, 3:48:09 pm -05:00","Thursday, April 16th 2026, 8:16:16 pm -04:00",,,Matt Smith,VSM - Processing Support,hidden,PS Retailer Hub,[],[],,[PS Retailer Hub],[],,,,,25h,1990 hours,,0,,,4,Grocery,,Rushia Fernandes,,https://fadmin.flippback.com/merchants/5045/dashboard,PS Eligible,,,https://fadmin.flippback.com/merchants/5045/ftp_files,Weekly,,,,12218,,SE,,,5045,,https://docs.google.com/document/d/11nBej2Mg5fQvG_SWCt8pMfJQfbWkJx5SmLXd-lluPv4/edit?tab=t.0#heading=h.35qcqd1orzvx,,,PS Eligible,,SpartanNash,,,,Olesons Farm Fresh Markets,,Longtail,Longtail,,PS Eligible,,,,,
Task,86duwhf5q,Ollie's Bargain Outlet,active retailers,"Request for Flex to complete FQC for both Weekly Regular Vanilla & Weekly Boosted flyers.

Weekly but has ad-hoc FQC dates so unable to schedule.

Doc will be responsible for submitting Ad-Hoc request and indicating whether or not to follow Vanilla or Boosted FQC process.
",[],none,,0,0,,,"Thursday, October 10th 2024, 3:59:54 pm -04:00","Friday, April 17th 2026, 10:04:31 am -04:00",,,Matt Smith,VSM - Processing Support,hidden,PS Retailer Hub,[],[],,[PS Retailer Hub],[],,,,,30m,13606 hours,,0,,,,General Merch,,Annastiina Peltola,,https://fadmin.flippback.com/merchants/2261/dashboard,PS Eligible,,20,https://fadmin.flippback.com/merchants/2261/ftp_files,Weekly,,,,491,,Addie Dobson,,,2261,,https://docs.google.com/document/d/1IRqpP6JGQmpvktuqRCnFXSsxlRq-m0ri331IYNiGwKI/edit#heading=h.rfc8e5tpi1oo,,Instructions Missing,PS Eligible,,,,,,Ollie's Bargain Outlet,,Core,4,20,PS Eligible,,,,,
Task,86duwhf5v,Ollie's Bargain Outlet,active retailers,"Flyer Request: Grand Openings Ad-Hoc publications

Ad-Hoc, last minute requests. DOC will be responsible for comms, creating flyer run & submitting PSS requests.
",[],none,,0,0,,,"Thursday, October 10th 2024, 3:59:55 pm -04:00","Friday, April 17th 2026, 10:04:32 am -04:00",,,Matt Smith,VSM - Processing Support,hidden,PS Retailer Hub,[],[],,[PS Retailer Hub],[],,,,,30m,13606 hours,,0,,,,General Merch,,Annastiina Peltola,,https://fadmin.flippback.com/merchants/2261/dashboard,PS Eligible,,25,https://fadmin.flippback.com/merchants/2261/ftp_files,Ad-Hoc,,,,491,,Addie Dobson,,,2261,,https://docs.google.com/document/d/1IRqpP6JGQmpvktuqRCnFXSsxlRq-m0ri331IYNiGwKI/edit#heading=h.rrpo7e3v3vb2,,Instructions Missing,PS Eligible,,,,,,Ollie's Bargain Outlet,,Core,4,35,PS Eligible,,10,,,
Task,86dubzg3u,Olympia Liquor ,active retailers,,[],none,,0,0,,,"Monday, August 12th 2024, 10:26:48 am -04:00","Thursday, April 9th 2026, 10:40:44 am -04:00",,,Matt Smith,VSM - Processing Support,hidden,PS Retailer Hub,[],[],,[PS Retailer Hub],[],,,,,,14982 hours,,0,0,,,"Alcohol, Wine and Spirits",,,,https://fadmin.flippback.com/merchants/5048/dashboard,PS Eligible,,10,https://fadmin.flippback.com/merchants/5048/ftp_files,Ad-Hoc,,,,10975,,Megan Kernaghan,,,5048,,https://docs.google.com/document/d/1cmEadLuD4rCwO0mkYn1Qe6ianve_dyGGNJAs29_qIaQ/edit?tab=t.0#heading=h.y2dgj7b691i1,,,OPS,,,,,,Olympia Liquor,,Organic Indexed,3,20,PS Eligible,,10,,,
Task,86dzp2nub,Park Street Market,active retailers,"
",[],none,,0,0,,,"Friday, February 6th 2026, 4:56:59 pm -05:00","Thursday, April 16th 2026, 8:16:38 pm -04:00",,,Matt Smith,VSM - Processing Support,hidden,PS Retailer Hub,[],[],,[PS Retailer Hub],[],,,,,,1149 hours,,0,,,5,Grocery,,Shabaz Malik,,https://fadmin.flippback.com/merchants/5953/dashboard,PS Eligible,,,https://fadmin.flippback.com/merchants/5953/ftp_files,Bi-Weekly,,,,12036,,Rachel Kyryliuk,,,5953,,https://docs.google.com/document/d/11nBej2Mg5fQvG_SWCt8pMfJQfbWkJx5SmLXd-lluPv4/edit?tab=t.0#heading=h.gejosyr0iiv6,,,OPS,,,,,,,,Longtail,,,PS Eligible,,,,,
Task,86dtu2pye,Partsource,active retailers,"Flyer needs to be FQCd EOD Monday as an item export needs to be sent to the retailer Tuesday Morning.
",[],none,,0,0,,,"Thursday, June 13th 2024, 6:23:40 pm -04:00","Thursday, April 9th 2026, 10:40:44 am -04:00",,,Matt Smith,VSM - Processing Support,hidden,PS Retailer Hub,[],[],,[PS Retailer Hub],[],,,,,,16460 hours,,0,0,,10,Automotive,,Clifford Fernandes,,https://fadmin.flippback.com/merchants/3540/dashboard,PS Eligible,,20,https://fadmin.flippback.com/merchants/3540/ftp_files,Weekly,,,,3605,,Julia Burch,,,3540,,https://docs.google.com/document/d/1TI-N_pxk8qLc-Gm78UvQzNUtFpPoHJq6R7IRio4ja3c/edit?tab=t.0#heading=h.y2dgj7b691i1,,,OPS,,Canadian Tire,3,,,PartSource,,Core PLUS,4,35,PS Eligible,,15,,,"Sunday, March 29th 2026"
Task,86dtu2pyn,Party City CAN,active retailers,"Cadence: They have steady content but it varies between weekly, biweekly, and monthly. Typically the cadence is weekly and biweekly.
",[],none,,0,0,,,"Thursday, June 13th 2024, 6:23:42 pm -04:00","Thursday, April 16th 2026, 11:33:37 am -04:00",,,Matt Smith,VSM - Processing Support,hidden,PS Retailer Hub,[],[],,[PS Retailer Hub],[],,,,,,1149 hours,,0,15,,5,Arts & Crafts,,Clifford Fernandes,,https://flyers.merchants.wishabi.ca/merchants/3555/dashboard,PS Eligible,,25,https://flyers.merchants.wishabi.ca/merchants/3555/ftp_files,Ad-Hoc,,,,3632,,Julia Burch,,,3555,,https://docs.google.com/document/d/1N20PblQ4ZZxLNqrwKPbnEzDcM-aId5BC30SVMdSt8Jg/edit,,,OPS,,,,,,,,Core PLUS,4,40,OPS,,0,,,
Task,86e0k1guf,Party Expert,active retailers,"
",[],none,,0,0,,,"Thursday, March 26th 2026, 12:15:53 pm -04:00","Thursday, April 16th 2026, 11:33:50 am -04:00",,,Matt Smith,VSM - Processing Support,hidden,PS Retailer Hub,[],[],,[PS Retailer Hub],[],,,,,25h,725 hours,,0,,,7,Specialty,,Rushia Fernandes,,https://fadmin.flippback.com/merchants/6077/dashboard,PS Eligible,,,https://fadmin.flippback.com/merchants/6077/ftp_files,Ad-Hoc,,,,9934,,Roni Grigorian,,,6077,,https://docs.google.com/document/d/1xBXI2AWrqSlV7dKiB-yHrXOfjiTsuL-8SBHaLP6tc8w/edit?tab=t.0#heading=h.y2dgj7b691i1,,,PS Eligible,,,,,,Party Expert,,Longtail,,,PS Eligible,,,,,
Task,86dtu2pyr,Patrick Morin,active retailers,"The retailer sends the link sheet in a separate email
The retailer sends the pdfs in the form of a WeTransfer and flex will need to upload the files to the FTP and wait for the files to sync over before beginning the upload

unsure of the tier for PM, they are not included in the OneView Matrix***
",[],none,,0,0,,,"Thursday, June 13th 2024, 6:23:43 pm -04:00","Thursday, April 9th 2026, 10:40:44 am -04:00",,,Matt Smith,VSM - Processing Support,hidden,PS Retailer Hub,[],[],,[PS Retailer Hub],[],,,,,,16460 hours,,0,0,,7,Home Improvement,,Rushia Fernandes,,https://fadmin.flippback.com/merchants/3564/dashboard,PS Eligible,,20,https://fadmin.flippback.com/merchants/3564/ftp_files,Weekly,,,,10888,,,,,3564,,https://docs.google.com/document/d/1AcJEEw_awSeGF5Wu84XVqeArhU8raI6RtstrJu3lRUI/edit?usp=sharing,,,OPS,,,,,,Patrick Morin,,Core,3,30,PS Eligible,,10,,,"Tuesday, December 9th 2025"
Task,86e0k1guj,Paulmac's Pets,active retailers,"
",[],none,,0,0,,,"Thursday, March 26th 2026, 12:15:53 pm -04:00","Thursday, April 16th 2026, 11:33:55 am -04:00",,,Matt Smith,VSM - Processing Support,hidden,PS Retailer Hub,[],[],,[PS Retailer Hub],[],,,,,35h,725 hours,,0,,,8,Pet Care,,Jessica Tam,,https://fadmin.flippback.com/merchants/3941/dashboard,PS Eligible,,,https://fadmin.flippback.com/merchants/3941/ftp_files,Bi-Weekly,,,,4223,,Rachel Kyryliuk,,,3941,,https://docs.google.com/document/d/1cnCzKzcNPsvax7nX-nrzxz6WMC3RHflPuPHYiYn6oq4/edit#heading=h.y2dgj7b691i1,,,PS Eligible,,,,,,Paulmac's Pets,,Longtail,,,PS Eligible,,,,,
Task,86e0k1gup,Paulmac's Pets,active retailers,"
",[],none,,0,0,,,"Thursday, March 26th 2026, 12:15:53 pm -04:00","Thursday, April 16th 2026, 11:34:03 am -04:00",,,Matt Smith,VSM - Processing Support,hidden,PS Retailer Hub,[],[],,[PS Retailer Hub],[],,,,,20h,725 hours,,0,,,8,Pet Care,,Jessica Tam,,https://fadmin.flippback.com/merchants/3941/dashboard,PS Eligible,,,https://fadmin.flippback.com/merchants/3941/ftp_files,Weekly,,,,12090,,Rachel Kyryliuk,,,3941,,https://docs.google.com/document/d/1cnCzKzcNPsvax7nX-nrzxz6WMC3RHflPuPHYiYn6oq4/edit#heading=h.y2dgj7b691i1,,,PS Eligible,,,,,,Paulmac's Pets,,Longtail,,,PS Eligible,,,,,
Task,86e0k1gv0,Paulmac's Pets,active retailers,"
",[],none,,0,0,,,"Thursday, March 26th 2026, 12:15:54 pm -04:00","Thursday, April 16th 2026, 11:34:06 am -04:00",,,Matt Smith,VSM - Processing Support,hidden,PS Retailer Hub,[],[],,[PS Retailer Hub],[],,,,,35h,725 hours,,0,,,8,Pet Care,,Jessica Tam,,https://fadmin.flippback.com/merchants/3941/dashboard,PS Eligible,,,https://fadmin.flippback.com/merchants/3941/ftp_files,Ad-Hoc,,,,11278,,Rachel Kyryliuk,,,3941,,https://docs.google.com/document/d/1cnCzKzcNPsvax7nX-nrzxz6WMC3RHflPuPHYiYn6oq4/edit#heading=h.y2dgj7b691i1,,,PS Eligible,,,,,,Paulmac's Pets,,Longtail,,,PS Eligible,,,,,
Task,86dzp2nuj,Pavilions,active retailers,"
",[],none,,0,0,,,"Friday, February 6th 2026, 4:57:00 pm -05:00","Thursday, April 16th 2026, 11:34:34 am -04:00",,,Matt Smith,VSM - Processing Support,hidden,PS Retailer Hub,[],[],,[PS Retailer Hub],[],,,,,,1149 hours,,0,,,7,Grocery,,Annastiina Peltola,,https://fadmin.flippback.com/merchants/2377/dashboard,PS Eligible,,,https://fadmin.flippback.com/merchants/2377/ftp_files,Weekly,,,,8144,,Julia Burch,,,2377,,https://docs.google.com/document/d/183GtNwUcM9JLHJpxIRREZrJXAirNAP8ctKJ5I8aFeS8/edit#heading=h.y2dgj7b691i1,,,OPS,,ABSCo,4,,,,,Core PLUS,,,PS Eligible,,,,,
Task,86e0k1gw5,Pet Valu,active retailers,"
",[],none,,0,0,,,"Thursday, March 26th 2026, 12:15:56 pm -04:00","Thursday, April 16th 2026, 11:34:41 am -04:00",,,Matt Smith,VSM - Processing Support,hidden,PS Retailer Hub,[],[],,[PS Retailer Hub],[],,,,,35h,725 hours,,0,,,8,Pet Care,,Jessica Tam,,https://fadmin.flippback.com/merchants/1995/dashboard,PS Eligible,,,https://fadmin.flippback.com/merchants/1995/ftp_files,Ad-Hoc,,,,1492,,Rachel Kyryliuk,,,1995,,https://docs.google.com/document/d/1cnCzKzcNPsvax7nX-nrzxz6WMC3RHflPuPHYiYn6oq4/edit#heading=h.y2dgj7b691i1,,,PS Eligible,,,,,,Pet Valu,,Longtail,,,PS Eligible,,,,,
Task,86e0k1gw8,Pet Valu,active retailers,"
",[],none,,0,0,,,"Thursday, March 26th 2026, 12:15:56 pm -04:00","Thursday, April 16th 2026, 11:34:46 am -04:00",,,Matt Smith,VSM - Processing Support,hidden,PS Retailer Hub,[],[],,[PS Retailer Hub],[],,,,,20h,725 hours,,0,,,8,Pet Care,,Jessica Tam,,https://fadmin.flippback.com/merchants/1995/dashboard,PS Eligible,,,https://fadmin.flippback.com/merchants/1995/ftp_files,Weekly,,,,12086,,Rachel Kyryliuk,,,1995,,https://docs.google.com/document/d/1cnCzKzcNPsvax7nX-nrzxz6WMC3RHflPuPHYiYn6oq4/edit#heading=h.y2dgj7b691i1,,,PS Eligible,,,,,,Pet Valu,,Longtail,,,PS Eligible,,,,,
Task,86e0k1gw6,Pet Valu,active retailers,"
",[],none,,0,0,,,"Thursday, March 26th 2026, 12:15:56 pm -04:00","Thursday, April 16th 2026, 11:34:50 am -04:00",,,Matt Smith,VSM - Processing Support,hidden,PS Retailer Hub,[],[],,[PS Retailer Hub],[],,,,,35h,725 hours,,0,,,8,Pet Care,,Jessica Tam,,https://fadmin.flippback.com/merchants/1995/dashboard,PS Eligible,,,https://fadmin.flippback.com/merchants/1995/ftp_files,Bi-Weekly,,,,63,,Rachel Kyryliuk,,,1995,,https://docs.google.com/document/d/1cnCzKzcNPsvax7nX-nrzxz6WMC3RHflPuPHYiYn6oq4/edit#heading=h.y2dgj7b691i1,,,PS Eligible,,,,,,Pet Valu,,Longtail,,,PS Eligible,,,,,
Task,86e0ku9j7,PetSmart Canada,active retailers,"
",[],none,,0,0,,,"Friday, March 27th 2026, 12:54:50 pm -04:00","Thursday, April 16th 2026, 11:34:53 am -04:00",,,Matt Smith,VSM - Processing Support,hidden,PS Retailer Hub,[],[],,[PS Retailer Hub],[],,,,,65h,725 hours,,0,,,7,Pet Care,,Rushia Fernandes,,https://fadmin.flippback.com/merchants/1378/dashboard,OPS,,,https://fadmin.flippback.com/merchants/1378/ftp_files,Monthly,,,,8047,,Roni Grigorian,,,1378,,https://docs.google.com/document/d/1L6F2uSm19mIlJnoqA6oRca72oMCnxSzwxn4TRgdl5uM/edit?tab=t.0#heading=h.y2dgj7b691i1,,,OPS,,,,,,PetSmart Canada,,Core,,,PS Eligible,,,,,
Task,86e0ku9jh,PetSmart Canada,active retailers,"
",[],none,,0,0,,,"Friday, March 27th 2026, 12:54:50 pm -04:00","Thursday, April 16th 2026, 11:34:57 am -04:00",,,Matt Smith,VSM - Processing Support,hidden,PS Retailer Hub,[],[],,[PS Retailer Hub],[],,,,,45h,725 hours,,0,,,7,Pet Care,,Rushia Fernandes,,https://fadmin.flippback.com/merchants/1378/dashboard,OPS,,,https://fadmin.flippback.com/merchants/1378/ftp_files,Ad-Hoc,,,,109,,Roni Grigorian,,,1378,,https://docs.google.com/document/d/1L6F2uSm19mIlJnoqA6oRca72oMCnxSzwxn4TRgdl5uM/edit?tab=t.0#heading=h.y2dgj7b691i1,,,PS Eligible,,,,,,PetSmart Canada,,Core,,,PS Eligible,,,,,
Task,86durc3dg,PetSmart Canada,active retailers,"This is for their Weekend flyer type which consists of content relative to 1-2 pages and has its own way to meet content policy requirements so that it can be on the Flipp app.
",[],none,,0,0,,,"Wednesday, September 25th 2024, 3:36:59 pm -04:00","Thursday, April 9th 2026, 10:40:44 am -04:00",,,Matt Smith,VSM - Processing Support,hidden,PS Retailer Hub,[],[],,[PS Retailer Hub],[],,,,,45h,13606 hours,,0,0,,8,Pet Care,,Rushia Fernandes,,https://fadmin.flippback.com/merchants/1378/dashboard,OPS,,0,https://fadmin.flippback.com/merchants/1378/ftp_files,Ad-Hoc,,,,131,,Roni Grigorian,,,1378,,https://docs.google.com/document/d/1L6F2uSm19mIlJnoqA6oRca72oMCnxSzwxn4TRgdl5uM/edit#heading=h.y2dgj7b691i1,,,PS Eligible,,,,,,PetSmart Canada,,No Active Relationship,1,10,PS Eligible,,10,,,
Task,86dtu2pz3,Pharmachoice,active retailers,,[],none,reactivating retailer  ,1,0,,,"Thursday, June 13th 2024, 6:23:45 pm -04:00","Thursday, April 16th 2026, 11:35:01 am -04:00",,,Matt Smith,VSM - Processing Support,hidden,PS Retailer Hub,[],[],,[PS Retailer Hub],[],,,,,45m,725 hours,,0,0,,7,Pharmacy,,Rushia Fernandes,,https://flyers.merchants.wishabi.ca/merchants/3088/dashboard,PS Eligible,,15,https://flyers.merchants.wishabi.ca/merchants/3088/ftp_files,Weekly,,,,3167,,Sabrina Ho,,,3088,,https://docs.google.com/document/d/13wdFy31dMGo47uQJ2PZZ7YrH6G7Z2ZNiBg_qBOav0I0/edit,,,PS Eligible,,,,,,,,Longtail,4,30,PS Eligible,,15,,,
Task,86dtu2pzg,Piggly Wiggly Carolina,active retailers,"One Guide is not yet complete, however Upload and FQC videos and notes have been added
",[],none,,0,0,,,"Thursday, June 13th 2024, 6:23:48 pm -04:00","Thursday, April 9th 2026, 10:40:44 am -04:00",,,Matt Smith,VSM - Processing Support,hidden,PS Retailer Hub,[],[],,[PS Retailer Hub],[],,,,,,16460 hours,,0,0,,5,Grocery,,Adnela Fejzulovic,,https://fadmin.flippback.com/merchants/3715/dashboard,PS Eligible,,5,https://fadmin.flippback.com/merchants/3715/ftp_files,Weekly,,,,3734,,Hannah Schiff-Kearn,,,3715,,https://docs.google.com/document/d/1uGGMKqF9BYcbA9UnmGQVWv1hJGq6phD8MwbWZBZAGRM/edit?tab=t.0#heading=h.y2dgj7b691i1,,Instructions Missing,PS Eligible,,,,,,Piggly Wiggly Carolina,,Organic Indexed,3,30,PS Eligible,,25,,,"Wednesday, April 8th 2026"
Task,86dw8mx4n,Piggly Wiggly Midwest,active retailers,"Retailer requires creation of generic codesheet every week based on information provided by retailer (details are in the oneguide for creation)
",[],none,,0,0,,,"Friday, March 14th 2025, 3:28:22 pm -04:00","Thursday, April 9th 2026, 10:40:44 am -04:00",,,Matt Smith,VSM - Processing Support,hidden,PS Retailer Hub,[],[],,[PS Retailer Hub],[],,,,,,9822 hours,,0,,,6,Grocery,,,,https://fadmin.flippback.com/merchants/5514/dashboard,PS Eligible,,5,https://fadmin.flippback.com/merchants/5514/ftp_files,Weekly,,,,7774,,Jenna Toppan,,,5514,,https://docs.google.com/document/d/134ydWUc92LP3e3QZlVF_TNv32kDSgtttYS10aZJ_SQ8/edit?tab=t.0,,,OPS,,,,,,Piggly Wiggly Midwest,,Organic Indexed,3,20,PS Eligible,,15,,,"Sunday, February 8th 2026"
Task,86durc367,Potvin & Bouchard,active retailers, ,[],none,,0,0,,,"Wednesday, September 25th 2024, 3:36:40 pm -04:00","Thursday, April 9th 2026, 10:40:44 am -04:00",,,Matt Smith,VSM - Processing Support,hidden,PS Retailer Hub,[],[],,[PS Retailer Hub],[],,,,,,13967 hours,,0,0,,7,Home Improvement,,Marion Kang,,https://fadmin.flippback.com/merchants/6484/dashboard,PS Eligible,,30,https://fadmin.flippback.com/merchants/6484/ftp_files,Weekly,,,,11030,,Addie Dobson,,,6484,,https://docs.google.com/document/d/1_ZeefJXPI1iDBqqFBEyhlIDE1c0_jg2okWAxHnuyFJs/edit#heading=h.y2dgj7b691i1,,Instructions Missing,PS Eligible,,,,,,Potvin & Bouchard,,Longtail,2,45,PS Eligible,,15,,,"Tuesday, December 29th 2026"
Task,86dtu2q04,Price Chopper USA,active retailers,,[],none,,0,0,,,"Thursday, June 13th 2024, 6:23:51 pm -04:00","Thursday, April 9th 2026, 10:40:44 am -04:00",,,Matt Smith,VSM - Processing Support,hidden,PS Retailer Hub,[],[],,[PS Retailer Hub],[],,,,,40m,16460 hours,,0,5,,7,Grocery,,Ebony Powell,,https://fadmin.flippback.com/merchants/2701/dashboard,PS Eligible,,10,https://fadmin.flippback.com/merchants/2701/ftp_files,Weekly,,,,9982,,Hannah Schiff-Kearn,,,2701,,https://docs.google.com/document/d/1UYE6CW4B8lzGFxB0SuOYWj7pvfcxPb_xHJ2bLt3AmZA/edit?tab=t.0#heading=h.y2dgj7b691i1,,,PS Eligible,,,,,,Price Chopper USA,,Organic Indexed,4,15,PS Eligible,,0,,,"Friday, December 25th 2026"
Task,86dw8mx31,Price Less IGA,active retailers,,[],none,,0,0,,,"Friday, March 14th 2025, 3:28:18 pm -04:00","Thursday, April 9th 2026, 10:40:44 am -04:00",,,Matt Smith,VSM - Processing Support,hidden,PS Retailer Hub,[],[],,[PS Retailer Hub],[],,,,,25m,9822 hours,,0,,,7,Grocery,,Sabrina Ho,,https://fadmin.flippback.com/merchants/5722/dashboard,PS Eligible,,10,https://fadmin.flippback.com/merchants/5722/ftp_files,Weekly,,,,11912,,Jenna Toppan,,,5722,,https://docs.google.com/document/d/1nzDnoGoU5JyvGErhCGy2wC-3crvgJo9wXRPL0Pf-yQk/edit?usp=sharing,,,PS Eligible,,,,,,Price Less IGA,,Core,3,20,PS Eligible,,10,,,"Wednesday, December 30th 2026"
Task,86dw8mx23,Price Less IGA (monthly),active retailers,"Flyer type contains both weekly and biweekly flyers
",[],none,,0,0,,,"Friday, March 14th 2025, 3:28:17 pm -04:00","Thursday, April 9th 2026, 10:40:44 am -04:00",,,Matt Smith,VSM - Processing Support,hidden,PS Retailer Hub,[],[],,[PS Retailer Hub],[],,,,,25m,9822 hours,,0,,,7,Grocery,,Sabrina Ho,,https://fadmin.flippback.com/merchants/5722/dashboard,PS Eligible,,10,https://fadmin.flippback.com/merchants/5722/ftp_files,Monthly,,,,11877,,Jenna Toppan,,,5722,,https://docs.google.com/document/d/1nzDnoGoU5JyvGErhCGy2wC-3crvgJo9wXRPL0Pf-yQk/edit?usp=sharing,,,PS Eligible,,,,,,Price Less IGA (monthly),,Core,3,25,PS Eligible,,15,,,
Task,86dw8mx1w,Price Less IGA (weekly),active retailers,"Flyer type contains both weekly and biweekly flyers
",[],none,,0,0,,,"Friday, March 14th 2025, 3:28:15 pm -04:00","Thursday, April 9th 2026, 10:40:44 am -04:00",,,Matt Smith,VSM - Processing Support,hidden,PS Retailer Hub,[],[],,[PS Retailer Hub],[],,,,,25m,9822 hours,,0,,,7,Grocery,,Sabrina Ho,,https://fadmin.flippback.com/merchants/5722/dashboard,PS Eligible,,10,https://fadmin.flippback.com/merchants/5722/ftp_files,Weekly,,,,11877,,Jenna Toppan,,,5722,,https://docs.google.com/document/d/1nzDnoGoU5JyvGErhCGy2wC-3crvgJo9wXRPL0Pf-yQk/edit?usp=sharing,,,PS Eligible,,,,,,Price Less IGA (weekly),,Core,3,25,PS Eligible,,15,,,"Wednesday, December 30th 2026"
Task,86durc3uj,PriceSmart Foods,active retailers,,[],none,,0,0,,,"Wednesday, September 25th 2024, 3:37:32 pm -04:00","Thursday, April 16th 2026, 11:35:18 am -04:00",,,Matt Smith,VSM - Processing Support,hidden,PS Retailer Hub,[],[],,[PS Retailer Hub],[],,,,,,13967 hours,,0,0,,3,Grocery,,Marion Kang,,https://fadmin.flippback.com/merchants/2061/dashboard,PS Eligible,,10,https://fadmin.flippback.com/merchants/2061/ftp_files,Weekly,,,,8036,,Kim Potashner,,,2061,,https://docs.google.com/document/d/17yR6XN7LIJZsueNV1Anurx68loDTaoe3KNPdFiU5zYI/edit#heading=h.y2dgj7b691i1,,Instructions Missing,PS Eligible,,,,,,PriceSmart foods,,Core,5,15,PS Eligible,,5,,,"Wednesday, December 30th 2026"
Task,86e0ku9k0,PriceSmart Foods,active retailers,"Files are sent incredibly late on Tuesday, this must be uploaded quickly in order for FQC to be ready for Wednesday
",[],none,,0,0,,,"Friday, March 27th 2026, 12:54:51 pm -04:00","Thursday, April 16th 2026, 11:35:09 am -04:00",,,Matt Smith,VSM - Processing Support,hidden,PS Retailer Hub,[],[],,[PS Retailer Hub],[],,,,,20h,725 hours,,0,,,3,Grocery,,Marion Kang,,https://fadmin.flippback.com/merchants/2061/dashboard,PS Eligible,,,https://fadmin.flippback.com/merchants/2061/ftp_files,Weekly,,,,179,,Kim Potashner,,,2061,,https://docs.google.com/document/d/17yR6XN7LIJZsueNV1Anurx68loDTaoe3KNPdFiU5zYI/edit?tab=t.0#heading=h.y2dgj7b691i1,,,PS Eligible,,,,,,PriceSmart foods,,Core,,,PS Eligible,,,,,
Task,86durc3d3,Princess Auto,active retailers,"Manual upload - need to make sure the French files get accounted for in the French language setting
",[],none,,0,0,,,"Wednesday, September 25th 2024, 3:36:58 pm -04:00","Thursday, April 9th 2026, 10:40:44 am -04:00",,,Matt Smith,VSM - Processing Support,hidden,PS Retailer Hub,[],[],,[PS Retailer Hub],[],,,,,50h,13606 hours,,0,0,,15,Automotive,,Rushia Fernandes,,https://fadmin.flippback.com/merchants/1331/dashboard,OPS,,0,https://fadmin.flippback.com/merchants/1331/ftp_files,Monthly,,,,11,,Roni Grigorian,,,1331,,https://docs.google.com/document/d/10tPU0PKvnQjJ-ZCgz_kSqmC4kjPQQpw_rq2VWV9cJiQ/edit#heading=h.y2dgj7b691i1,,,OPS,,,,,,Princess Auto,,Core,1,25,PS Eligible,,25,,,"Tuesday, December 8th 2026"
Task,86e0ku9k7,Princess Auto,active retailers,"
",[],none,,0,0,,,"Friday, March 27th 2026, 12:54:51 pm -04:00","Thursday, April 16th 2026, 11:35:25 am -04:00",,,Matt Smith,VSM - Processing Support,hidden,PS Retailer Hub,[],[],,[PS Retailer Hub],[],,,,,65h,725 hours,,0,,,7,Automotive,,Rushia Fernandes,,https://fadmin.flippback.com/merchants/1331/dashboard,OPS,,,https://fadmin.flippback.com/merchants/1331/ftp_files,Ad-Hoc,,,,10180,,Roni Grigorian,,,1331,,https://docs.google.com/document/d/10tPU0PKvnQjJ-ZCgz_kSqmC4kjPQQpw_rq2VWV9cJiQ/edit?tab=t.0,,,OPS,,,,,,Princess Auto,,Core,,,PS Eligible,,,,,
Task,86e0ku9km,Princess Auto,active retailers,"
",[],none,,0,0,,,"Friday, March 27th 2026, 12:54:52 pm -04:00","Thursday, April 16th 2026, 11:35:29 am -04:00",,,Matt Smith,VSM - Processing Support,hidden,PS Retailer Hub,[],[],,[PS Retailer Hub],[],,,,,65h,725 hours,,0,,,7,Automotive,,Rushia Fernandes,,https://fadmin.flippback.com/merchants/1331-2/dashboard,OPS,,,https://fadmin.flippback.com/merchants/1331-2/ftp_files,Ad-Hoc,,,,65,,Roni Grigorian,,,1331,,https://docs.google.com/document/d/10tPU0PKvnQjJ-ZCgz_kSqmC4kjPQQpw_rq2VWV9cJiQ/edit?tab=t.0,,,OPS,,,,,,Princess Auto,,Core,,,PS Eligible,,,,,
Task,86e0ku9kq,Princess Auto,active retailers,"
",[],none,,0,0,,,"Friday, March 27th 2026, 12:54:52 pm -04:00","Thursday, April 16th 2026, 11:35:34 am -04:00",,,Matt Smith,VSM - Processing Support,hidden,PS Retailer Hub,[],[],,[PS Retailer Hub],[],,,,,55h,725 hours,,0,,,4,Automotive,,Rushia Fernandes,,https://fadmin.flippback.com/merchants/1331/dashboard,OPS,,,https://fadmin.flippback.com/merchants/1331/ftp_files,Monthly,,,,10178,,Roni Grigorian,,,1331,,https://docs.google.com/document/d/10tPU0PKvnQjJ-ZCgz_kSqmC4kjPQQpw_rq2VWV9cJiQ/edit?tab=t.1,,,OPS,,,,,,Princess Auto,,Core,,,PS Eligible,,,,,
Task,86dv34z0k,Pringle Creek Market,active retailers,"Standard Grocer - No special steps or risk items
",[],none,,0,0,,,"Monday, November 4th 2024, 9:55:23 am -05:00","Thursday, April 16th 2026, 11:35:54 am -04:00",,,Matt Smith,VSM - Processing Support,hidden,PS Retailer Hub,[],[],,[PS Retailer Hub],[],,,,,20m,12934 hours,,0,0,,3,Grocery,,Ebony Powell,,https://fadmin.flippback.com/merchants/6718/dashboard,PS Eligible,,10,https://fadmin.flippback.com/merchants/6718/ftp_files,Weekly,,,,11889,,Addie Dobson,,,6718,,https://docs.google.com/document/d/1rB23dqNeFFaK8Jx0N645CRvsL2MZ4Vu1HG3HeNGxzN4/edit?tab=t.0,,,PS Eligible,,,,,,Pringle Creek Market,,Longtail,3,20,PS Eligible,,10,,,"Wednesday, December 23rd 2026"
Task,86dv34yzf,Pro Hockey Life,active retailers,"Vendor set up will just be entering the flyer ID and marking it as ready for upload in VAST - no additional actions needed!
",[],none,,0,0,,,"Monday, November 4th 2024, 9:55:18 am -05:00","Thursday, April 16th 2026, 8:16:47 pm -04:00",,,Matt Smith,VSM - Processing Support,hidden,PS Retailer Hub,[],[],,[PS Retailer Hub],[],,,,,,12934 hours,,0,0,,,Sports & Outdoor,,Annastiina Peltola,,https://fadmin.flippback.com/merchants/531/dashboard,PS Eligible,,20,https://fadmin.flippback.com/merchants/531/ftp_files,Ad-Hoc,,,,5567,,Rachel Kyryliuk,,,531,,https://docs.google.com/document/d/1BhyDdjdtV0WlVrIpW-Wtw2lSyfnhpVacW_4GETUgoDs/edit?usp=sharing,,,OPS,,,,,,Pro Hockey Life,,Core PLUS,2,25,PS Eligible,,5,,,"Wednesday, December 24th 2025"
Task,86dtu2q0u,Publix (Bilingual),active retailers,,[],none,,0,0,,,"Thursday, June 13th 2024, 6:23:55 pm -04:00","Friday, April 17th 2026, 10:04:44 am -04:00",,,Matt Smith,VSM - Processing Support,hidden,PS Retailer Hub,[],[],,[PS Retailer Hub],[],,,,,,1149 hours,,0,0,,5,Grocery,,Clifford Fernandes,,https://flyers.merchants.wishabi.ca/merchants/2361/dashboard,PS Eligible,,30,https://flyers.merchants.wishabi.ca/merchants/2361/ftp_files,Weekly,,,,6074,,Kim Potashner,,,2361,,https://docs.google.com/document/d/1qsSR01gkX7XTaK_zf-ivCXAggW77lJjk5-kMKRSIOJs/edit,,,OPS,,,,,,,,Core PLUS,1,30,OPS,,0,,,
Task,86dtu2q13,Publix (Extra Savings),active retailers,,[],none,,0,0,,,"Thursday, June 13th 2024, 6:23:56 pm -04:00","Friday, April 17th 2026, 10:04:40 am -04:00",,,Matt Smith,VSM - Processing Support,hidden,PS Retailer Hub,[],[],,[PS Retailer Hub],[],,,,,,16460 hours,,0,0,,12,Grocery,,Clifford Fernandes,,https://fadmin.flippback.com/merchants/2361/dashboard,PS Eligible,,10,https://fadmin.flippback.com/merchants/2361/ftp_files,Bi-Weekly,,,,9562,,Kim Potashner,,,2361,,https://docs.google.com/document/d/1R6F9ytAPAe0yWgxRiazW7tGdK_Pt5_JOPfvRlQ3YO_Y/edit,,,OPS,,,,,,Publix (Extra Savings),,Core PLUS,1,25,PS Eligible,,15,,,"Friday, February 19th 2027"
Task,86dtu2q19,Publix (Weekly),active retailers,"BOGO* Tagging QC can be complete at any point once the flyer is finished vendor Tag QC. **Vendors have improved accuracy with this type of tagging and 65 minutes is an overestimate based on the required corrections from the last few weeks.
",[],none,,0,0,,,"Thursday, June 13th 2024, 6:23:57 pm -04:00","Friday, April 17th 2026, 10:04:48 am -04:00",,,Matt Smith,VSM - Processing Support,hidden,PS Retailer Hub,[],[],,[PS Retailer Hub],[],,,,,,1149 hours,,0,0,,5,Grocery,,Clifford Fernandes,,https://flyers.merchants.wishabi.ca/merchants/2361/dashboard,PS Eligible,,85,https://flyers.merchants.wishabi.ca/merchants/2361/ftp_files,Weekly,,,,5944,,Kim Potashner,,,2361,,https://docs.google.com/document/d/1qsSR01gkX7XTaK_zf-ivCXAggW77lJjk5-kMKRSIOJs/edit,,,OPS,,,,,,,,Core PLUS,1,85,OPS,,0,,,
Task,86dtu2q1e,Publix Liquors,active retailers,"FQC Process involves adding insert page (same pdf used every week, found in shared drive)
Add recipe link - found in shared drive
Verify staggered dates - instructions in One-Guide
Doc will handle anything ad-hoc, adding new stores & will build out flyer shells
",[],none,,0,0,,,"Thursday, June 13th 2024, 6:23:58 pm -04:00","Friday, April 17th 2026, 10:04:50 am -04:00",,,Matt Smith,VSM - Processing Support,hidden,PS Retailer Hub,[],[],,[PS Retailer Hub],[],,,,,,16460 hours,,0,0,,9,"Alcohol, Wine and Spirits",,Clifford Fernandes,,https://fadmin.flippback.com/merchants/5489/dashboard,PS Eligible,,30,https://fadmin.flippback.com/merchants/5489/ftp_files,Weekly,,,,7724,,Kim Potashner,,,5489,,https://docs.google.com/document/d/1uG78_9frnEnBsj7Wah4U78sZcj3eskSHwmZUlWehpf0/edit,,,OPS,,,,,,Publix Liquors,,Core PLUS,1,35,PS Eligible,,5,,,"Wednesday, October 21st 2026"
Task,86dtu2q1h,Quality Foods CAN,active retailers,,[],none,,0,0,,,"Thursday, June 13th 2024, 6:23:59 pm -04:00","Thursday, April 16th 2026, 11:37:36 am -04:00",,,Matt Smith,VSM - Processing Support,hidden,PS Retailer Hub,[],[],,[PS Retailer Hub],[],,,,,,16460 hours,,0,0,,6,Grocery,,Rushia Fernandes,,https://fadmin.flippback.com/merchants/3572/dashboard,PS Eligible,,15,https://fadmin.flippback.com/merchants/3572/ftp_files,Weekly,,,,10738,,Kim Potashner,,,3572,,https://docs.google.com/document/d/1vcu2dX5yBm0lk7bOSc4qgAbujSDmUbNkJQ4b3_Q2NZI/edit?tab=t.0#heading=h.35qcqd1orzvx,,,OPS,,,,,,Quality Foods CAN,,Core,,25,PS Eligible,,10,,,"Tuesday, September 15th 2026"
Task,86dtu2q1p,Rachelle Béry (Boutique),active retailers,"Please check Image QC as cutouts will be chosen when PDF images are available.
Ensure that OS has box and tagged everything in the linking doc.
",[],none,,0,0,,,"Thursday, June 13th 2024, 6:24:01 pm -04:00","Friday, April 17th 2026, 10:04:57 am -04:00",,,Matt Smith,VSM - Processing Support,hidden,PS Retailer Hub,[],[],,[PS Retailer Hub],[],,,,,,1149 hours,,0,5,,5,Grocery,,Jennifer Prado,,https://flyers.merchants.wishabi.ca/merchants/3295/dashboard,PS Eligible,,30,https://flyers.merchants.wishabi.ca/merchants/3295/ftp_files,Weekly,,,,6431,,Kim Potashner,,,3295,,https://docs.google.com/document/d/1DKhTB49aZw8PUEg4TeMBK36sHI7YyYCbtALmGw7JHlQ/edit?tab=t.0#heading=h.nvngunmcetj6,,,OPS,,,,,,,,Core PLUS,3,45,PS Eligible,,10,,,
Task,86dtu2q1w,Rachelle Béry (Grocery),active retailers,"Please check Image QC as cutouts will be chosen when PDF images are available.
Ensure that OS has box and tagged everything in the linking doc.
",[],none,,0,0,,,"Thursday, June 13th 2024, 6:24:02 pm -04:00","Friday, April 17th 2026, 10:04:59 am -04:00",,,Matt Smith,VSM - Processing Support,hidden,PS Retailer Hub,[],[],,[PS Retailer Hub],[],,,,,,1149 hours,,0,5,,5,Grocery,,Jennifer Prado,,https://flyers.merchants.wishabi.ca/merchants/3295/dashboard,PS Eligible,,30,https://flyers.merchants.wishabi.ca/merchants/3295/ftp_files,Weekly,,,,6268,,Kim Potashner,,,3295,,https://docs.google.com/document/d/1DKhTB49aZw8PUEg4TeMBK36sHI7YyYCbtALmGw7JHlQ/edit?tab=t.0#heading=h.nvngunmcetj6,,,OPS,,,,,,,,Core PLUS,3,45,PS Eligible,,10,,,
Task,86dzp2nuv,Randalls,active retailers,"
",[],none,,0,0,,,"Friday, February 6th 2026, 4:57:00 pm -05:00","Thursday, April 16th 2026, 11:38:35 am -04:00",,,Matt Smith,VSM - Processing Support,hidden,PS Retailer Hub,[],[],,[PS Retailer Hub],[],,,,,,1149 hours,,0,,,7,Grocery,,Rushia Fernandes,,https://fadmin.flippback.com/merchants/2378/dashboard,PS Eligible,,,https://fadmin.flippback.com/merchants/2378/ftp_files,Weekly,,,,8141,,Julia Burch,,,2378,,https://docs.google.com/document/d/183GtNwUcM9JLHJpxIRREZrJXAirNAP8ctKJ5I8aFeS8/edit#heading=h.y2dgj7b691i1,,,OPS,,ABSCo,4,,,,,Core PLUS,,,PS Eligible,,,,,
Task,86dzp2nv9,Randalls - Entertaining Guide,active retailers,"
",[],none,,0,0,,,"Friday, February 6th 2026, 4:57:01 pm -05:00","Thursday, April 16th 2026, 11:38:48 am -04:00",,,Matt Smith,VSM - Processing Support,hidden,PS Retailer Hub,[],[],,[PS Retailer Hub],[],,,,,,1149 hours,,0,,,3,Grocery,,Rushia Fernandes,,https://fadmin.flippback.com/merchants/2378/dashboard,PS Eligible,,,https://fadmin.flippback.com/merchants/2378/ftp_files,Ad-Hoc,,,,10942,,Julia Burch,,,2378,,https://docs.google.com/document/d/183GtNwUcM9JLHJpxIRREZrJXAirNAP8ctKJ5I8aFeS8/edit#heading=h.y2dgj7b691i3,,,OPS,,ABSCo,1,,,,,Core PLUS,,,PS Eligible,,,,,
Task,86dzp2nv4,Randalls - SP,active retailers,"
",[],none,,0,0,,,"Friday, February 6th 2026, 4:57:01 pm -05:00","Thursday, April 16th 2026, 11:39:00 am -04:00",,,Matt Smith,VSM - Processing Support,hidden,PS Retailer Hub,[],[],,[PS Retailer Hub],[],,,,,,1149 hours,,0,,,8,Grocery,,Rushia Fernandes,,https://fadmin.flippback.com/merchants/2378/dashboard,PS Eligible,,,https://fadmin.flippback.com/merchants/2378/ftp_files,Ad-Hoc,,,,11707,,Julia Burch,,,2378,,https://docs.google.com/document/d/183GtNwUcM9JLHJpxIRREZrJXAirNAP8ctKJ5I8aFeS8/edit#heading=h.y2dgj7b691i4,,,OPS,,ABSCo,5,,,,,Core PLUS,,,PS Eligible,,,,,
Task,86durc3h8,Randy's Neighborhood Market (SpartanNash),active retailers,"Tier 1 as part of Spartannash Independent Onboarding
",[],none,,0,0,,,"Wednesday, September 25th 2024, 3:37:09 pm -04:00","Thursday, April 16th 2026, 8:17:02 pm -04:00",,,Matt Smith,VSM - Processing Support,hidden,PS Retailer Hub,[],[],,[PS Retailer Hub],[],,,,,,13606 hours,,0,25,,15,N/A,,Shabaz Malik,,https://fadmin.flippback.com/merchants/6699/dashboard,PS Eligible,,10,https://fadmin.flippback.com/merchants/6699/ftp_files,Weekly,,,,11850,,Rachel Kyryliuk,,,6699,,https://docs.google.com/document/d/1h-Jv0xpwH1SIRi_4oZdAsTeinCKYNZRDd7mbNbLsU74/edit,,,OPS,,,,,,Randy's Neighborhood Market,,No Active Relationship,1,35,PS Eligible,,0,,,"Tuesday, June 30th 2026"
Task,86dtu2q2c,Reasor's,active retailers,,[],none,,0,0,,,"Thursday, June 13th 2024, 6:24:07 pm -04:00","Thursday, April 16th 2026, 11:39:46 am -04:00",,,Matt Smith,VSM - Processing Support,hidden,PS Retailer Hub,[],[],,[PS Retailer Hub],[],,,,,,16460 hours,,0,0,,10,Grocery,,Marion Kang,,https://fadmin.flippback.com/merchants/2562/dashboard,PS Eligible,,20,https://fadmin.flippback.com/merchants/2562/ftp_files,Weekly,,,,2357,,Hammna Qureshi,,,2562,,https://docs.google.com/document/d/1DCZRfxseova3j51zVZTu3nyjHr9YlAybdBkiR2v-dqY/edit?usp=sharing,,Generic Instructions,PS Eligible,,,,,,Reasor's,,Longtail,2,30,PS Eligible,,10,,,"Monday, December 21st 2026"
Task,86dzp2nva,Ren's Pets Depot,active retailers,"
",[],none,,0,0,,,"Friday, February 6th 2026, 4:57:01 pm -05:00","Thursday, April 16th 2026, 11:40:18 am -04:00",,,Matt Smith,VSM - Processing Support,hidden,PS Retailer Hub,[],[],,[PS Retailer Hub],[],,,,,,1149 hours,,0,,,7,Pet Care,,Rushia Fernandes,,https://fadmin.flippback.com/merchants/1953/dashboard,PS Eligible,,,https://fadmin.flippback.com/merchants/1953/ftp_files,Ad-Hoc,,,,11775,,SE,,,1953,,https://docs.google.com/document/d/1atDqNkYkxKzFjdkwW351CJMbfZ2KT5Zrhf8wgWTmFos/edit?usp=sharing,,,OPS,,,,,,,,Longtail,,,PS Eligible,,,,,
Task,86e0k1ghx,Rexall,active retailers,"
",[],none,,0,0,,,"Thursday, March 26th 2026, 12:15:40 pm -04:00","Thursday, April 16th 2026, 10:23:00 am -04:00",,,Matt Smith,VSM - Processing Support,hidden,PS Retailer Hub,[],[],,[PS Retailer Hub],[],,,,,55h,725 hours,,0,,,8,Pharmacy,,,,https://fadmin.flippback.com/merchants/2023-2/dashboard,PS Eligible,,,https://fadmin.flippback.com/merchants/2023-2/ftp_files,Ad-Hoc,,,,4104,,Sabrina Ho,,,2023-2,,https://docs.google.com/document/d/1c1aRWvrck5L2B5D3Cr19AZSNAaXzxzseFQN5flf_Flc/edit?tab=t.0#heading=h.y2dgj7b691i1,,,PS Eligible,,,,,,Rexall,,Core,,,PS Eligible,,,,,
Task,86e0k1ghr,Rexall,active retailers,"
",[],none,,0,0,,,"Thursday, March 26th 2026, 12:15:40 pm -04:00","Thursday, April 16th 2026, 10:23:02 am -04:00",,,Matt Smith,VSM - Processing Support,hidden,PS Retailer Hub,[],[],,[PS Retailer Hub],[],,,,,55h,725 hours,,0,,,8,Pharmacy,,,,https://fadmin.flippback.com/merchants/2023/dashboard,PS Eligible,,,https://fadmin.flippback.com/merchants/2023/ftp_files,Weekly,,,,106,,Sabrina Ho,,,2023,,https://docs.google.com/document/d/1c1aRWvrck5L2B5D3Cr19AZSNAaXzxzseFQN5flf_Flc/edit?tab=t.0#heading=h.y2dgj7b691i1,,,PS Eligible,,,,,,Rexall,,Core,,,PS Eligible,,,,,
Task,86e0k1gwh,Ritchie's,active retailers,"
",[],none,,0,0,,,"Thursday, March 26th 2026, 12:15:57 pm -04:00","Thursday, April 16th 2026, 11:40:37 am -04:00",,,Matt Smith,VSM - Processing Support,hidden,PS Retailer Hub,[],[],,[PS Retailer Hub],[],,,,,20h,725 hours,,0,,,7,Home Improvement,,Annastiina Peltola,,https://fadmin.flippback.com/merchants/6815/dashboard,PS Eligible,,,https://fadmin.flippback.com/merchants/6815/ftp_files,Bi-Weekly,,,,12161,,Megan Kernaghan,,,6815,,https://docs.google.com/document/d/1205hxKGwxGXJ4Bu9uczlVOwYLEFZY2RZAmsAPxCTPAc/edit?tab=t.0#heading=h.y2dgj7b691i1,,,PS Eligible,,,,,,Ritchie's,,Longtail,,,PS Eligible,,,,,
Task,86dw8mx3b,Rossy,active retailers,,[],none,,0,0,,,"Friday, March 14th 2025, 3:28:19 pm -04:00","Thursday, April 16th 2026, 8:17:09 pm -04:00",,,Matt Smith,VSM - Processing Support,hidden,PS Retailer Hub,[],[],,[PS Retailer Hub],[],,,,,,9822 hours,,0,,,7,General Merch,,Ebony Powell,,https://fadmin.flippback.com/merchants/3544/dashboard,PS Eligible,,20,https://fadmin.flippback.com/merchants/3544/ftp_files,Weekly,,,,9039,,Jenna Toppan,,,3544,,https://docs.google.com/document/d/1XOyahMMaHKeCO7mTWs3NRtCrPsa2ctgs1UxtfqppYIo/edit?tab=t.0#heading=h.y2dgj7b691i1,,,OPS,,,,,,Rossy,,Longtail,3,30,PS Eligible,,10,,,"Tuesday, January 27th 2026"
Task,86dtu2q2z,Roth's Fresh Markets,active retailers,,[],none,,0,0,,,"Thursday, June 13th 2024, 6:24:12 pm -04:00","Thursday, April 16th 2026, 11:41:25 am -04:00",,,Matt Smith,VSM - Processing Support,hidden,PS Retailer Hub,[],[],,[PS Retailer Hub],[],,,,,,4173 hours,,0,5,,5,Grocery,,Clifford Fernandes,,https://fadmin.flippback.com/merchants/2978/dashboard,PS Eligible,,10,https://fadmin.flippback.com/merchants/2978/ftp_files,Weekly,,https://docs.google.com/document/d/1iWUjtY8t5Uijt_bxTvPGfhqrYG36kuWmCHeCZv1pwTU/edit,,11618,,Clifford Fernandes,,,2978,,https://docs.google.com/document/d/1eAf5Q6EE7XXEcHHA8c51AhJCyYcglWhTTq678inmTdA/edit?usp=drive_link,Longtail,Instructions Missing,PS Eligible,,,,,,Roth's Fresh Markets,,Longtail,Longtail,25,PS Eligible,,10,,,"Wednesday, December 31st 2025"
Task,86dtu2q33,Rouses Supermarkets (Weekly),active retailers,,[],none,,0,0,,,"Thursday, June 13th 2024, 6:24:13 pm -04:00","Thursday, April 16th 2026, 11:41:29 am -04:00",,,Matt Smith,VSM - Processing Support,hidden,PS Retailer Hub,[],[],,[PS Retailer Hub],[],,,,,,1149 hours,,0,,,5,Grocery,,Rushia Fernandes,,https://flyers.merchants.wishabi.ca/merchants/2547/dashboard,PS Eligible,,,https://flyers.merchants.wishabi.ca/merchants/2547/ftp_files,Weekly,,,,3711,,Addie Dobson,,,2547,,https://docs.google.com/document/d/141srvqNCh83f8xepYh43daRJhpmHp2UVoxkaLWrl70M/edit,,,OPS,,,,,,,,Core,2,,PS Eligible,,,,,
Task,86dzp0zee,Royal india Grocers,active retailers,"
",[],none,,0,0,,,"Friday, February 6th 2026, 3:48:09 pm -05:00","Thursday, April 16th 2026, 11:41:35 am -04:00",,,Matt Smith,VSM - Processing Support,hidden,PS Retailer Hub,[],[],,[PS Retailer Hub],[],,,,,20h,1990 hours,,0,,,4,Grocery,,Jenna Toppan,,https://fadmin.flippback.com/merchants/7192/dashboard,PS Eligible,,,https://fadmin.flippback.com/merchants/7192/ftp_files,Weekly,,,,12217,,Jenna Toppan,,,7192,,https://docs.google.com/document/d/11nBej2Mg5fQvG_SWCt8pMfJQfbWkJx5SmLXd-lluPv4/edit?tab=t.0#heading=h.35qcqd1orzvx,,,PS Eligible,,,,,,Royal india Grocers,,Longtail,Longtail,,PS Eligible,,,,,
Task,86duaxnut,RSVP Food & Party,active retailers,"Tier is an estimate as it’s a newly onboarded retailer
",[],none,,0,0,,,"Wednesday, August 7th 2024, 9:24:29 am -04:00","Friday, April 17th 2026, 10:05:06 am -04:00",,,Matt Smith,VSM - Processing Support,hidden,PS Retailer Hub,[],[],,[PS Retailer Hub],[],,,,,,15146 hours,,0,0,,16,Specialty,,Marion Kang,,https://fadmin.flippback.com/merchants/5825/dashboard,PS Eligible,,15,https://fadmin.flippback.com/merchants/5825/ftp_files,Monthly,,,,11765,,Alexandra Van Wissen,,,5825,,https://docs.google.com/document/d/1vPKqS5s4QhAH3qCtOpOlzrsl-Le44DiiGXQ_7jxdgBA/edit#heading=h.35qcqd1orzvx,,,OPS,,,,,,RSVP Food & Party,,Longtail,2,25,PS Eligible,,10,,,"Wednesday, January 21st 2026"
Task,86dtu2q38,Runnings,active retailers,"make sure social media is tagged
",[],none,Noted as inactive by account team during the Assets Check Audit  ,1,0,,,"Thursday, June 13th 2024, 6:24:15 pm -04:00","Thursday, April 16th 2026, 11:42:11 am -04:00",,,Matt Smith,VSM - Processing Support,hidden,PS Retailer Hub,[],[],,[PS Retailer Hub],[],,,,,,1149 hours,,0,0,,7,General Merch,,Hannah Schiff-Kearn,,https://fadmin.flippback.com/merchants/3285/dashboard,PS Eligible,,30,https://fadmin.flippback.com/merchants/3285/ftp_files,Weekly,,,,3293,,Hannah Schiff-Kearn,,,3285,,https://docs.google.com/document/d/1tEJ3PBpl7bljuXLW4tWiGTbXUZIJcYCD34qbIGFvxlY/edit?tab=t.0#heading=h.y2dgj7b691i1,,,OPS,,,,,,,,Longtail,2,45,PS Eligible,,15,,,
Task,86e0k1gwn,RxHealthMed,active retailers,"
",[],none,,0,0,,,"Thursday, March 26th 2026, 12:15:57 pm -04:00","Thursday, April 16th 2026, 11:42:21 am -04:00",,,Matt Smith,VSM - Processing Support,hidden,PS Retailer Hub,[],[],,[PS Retailer Hub],[],,,,,25h,725 hours,,0,,,8,Pharmacy,,Rushia Fernandes,,https://fadmin.flippback.com/merchants/5341/dashboard,PS Eligible,,,https://fadmin.flippback.com/merchants/5341/ftp_files,Weekly,,,,7272,,Sabrina Ho,,,5341,,https://docs.google.com/document/d/1QsQpcHFXqJDGClOjRRRsMiGNC4ASXY5yQTb50l-8-n8/edit?tab=t.0#heading=h.y2dgj7b691i1,,,PS Eligible,,,,,,RxHealthMed,,Longtail,,,PS Eligible,,,,,
Task,86dzp2nwf,Safeway - Denver - BBS,active retailers,"
",[],none,,0,0,,,"Friday, February 6th 2026, 4:57:04 pm -05:00","Thursday, April 9th 2026, 10:40:44 am -04:00",,,Matt Smith,VSM - Processing Support,hidden,PS Retailer Hub,[],[],,[PS Retailer Hub],[],,,,,,1149 hours,,0,,,7,Grocery,,Annastiina Peltola,,https://fadmin.flippback.com/merchants/5667/dashboard,PS Eligible,,,https://fadmin.flippback.com/merchants/5667/ftp_files,Ad-Hoc,,,,10642,,Julia Burch,,,5667,,https://docs.google.com/document/d/183GtNwUcM9JLHJpxIRREZrJXAirNAP8ctKJ5I8aFeS8/edit#heading=h.y2dgj7b691i4,,,OPS,,ABSCo,4,,,,,Core PLUS,,,PS Eligible,,,,,
Task,86dzp2nwd,Safeway - Denver - EG,active retailers,"
",[],none,,0,0,,,"Friday, February 6th 2026, 4:57:04 pm -05:00","Thursday, April 9th 2026, 10:40:44 am -04:00",,,Matt Smith,VSM - Processing Support,hidden,PS Retailer Hub,[],[],,[PS Retailer Hub],[],,,,,,1149 hours,,0,,,3,Grocery,,Annastiina Peltola,,https://fadmin.flippback.com/merchants/5667/dashboard,PS Eligible,,,https://fadmin.flippback.com/merchants/5667/ftp_files,Ad-Hoc,,,,10803,,Julia Burch,,,5667,,https://docs.google.com/document/d/183GtNwUcM9JLHJpxIRREZrJXAirNAP8ctKJ5I8aFeS8/edit#heading=h.y2dgj7b691i5,,,OPS,,ABSCo,1,,,,,Core PLUS,,,PS Eligible,,,,,
Task,86dzp2nvq,Safeway - Denver - GMI,active retailers,"
",[],none,,0,0,,,"Friday, February 6th 2026, 4:57:03 pm -05:00","Thursday, April 9th 2026, 10:40:44 am -04:00",,,Matt Smith,VSM - Processing Support,hidden,PS Retailer Hub,[],[],,[PS Retailer Hub],[],,,,,,1149 hours,,0,,,8,Grocery,,Annastiina Peltola,,https://fadmin.flippback.com/merchants/5667/dashboard,PS Eligible,,,https://fadmin.flippback.com/merchants/5667/ftp_files,Ad-Hoc,,,,11472,,Julia Burch,,,5667,,https://docs.google.com/document/d/183GtNwUcM9JLHJpxIRREZrJXAirNAP8ctKJ5I8aFeS8/edit#heading=h.y2dgj7b691i3,,,OPS,,ABSCo,5,,,,,Core PLUS,,,PS Eligible,,,,,
Task,86dzp2nvn,Safeway - Denver - SP,active retailers,"
",[],none,,0,0,,,"Friday, February 6th 2026, 4:57:03 pm -05:00","Thursday, April 9th 2026, 10:40:44 am -04:00",,,Matt Smith,VSM - Processing Support,hidden,PS Retailer Hub,[],[],,[PS Retailer Hub],[],,,,,,1149 hours,,0,,,7,Grocery,,Annastiina Peltola,,https://fadmin.flippback.com/merchants/5667/dashboard,PS Eligible,,,https://fadmin.flippback.com/merchants/5667/ftp_files,Ad-Hoc,,,,10804,,Julia Burch,,,5667,,https://docs.google.com/document/d/183GtNwUcM9JLHJpxIRREZrJXAirNAP8ctKJ5I8aFeS8/edit#heading=h.y2dgj7b691i2,,,OPS,,ABSCo,4,,,,,Core PLUS,,,PS Eligible,,,,,
Task,86dzp2nx3,Safeway - Eastern - BBS,active retailers,"
",[],none,,0,0,,,"Friday, February 6th 2026, 4:57:06 pm -05:00","Thursday, April 9th 2026, 10:40:44 am -04:00",,,Matt Smith,VSM - Processing Support,hidden,PS Retailer Hub,[],[],,[PS Retailer Hub],[],,,,,,1149 hours,,0,,,10,Grocery,,Annastiina Peltola,,https://fadmin.flippback.com/merchants/5667/dashboard,PS Eligible,,,https://fadmin.flippback.com/merchants/5667/ftp_files,Ad-Hoc,,,,10643,,Julia Burch,,,5667,,https://docs.google.com/document/d/183GtNwUcM9JLHJpxIRREZrJXAirNAP8ctKJ5I8aFeS8/edit#heading=h.y2dgj7b691i4,,,OPS,,ABSCo,7,,,,,Core PLUS,,,PS Eligible,,,,,
Task,86dzp2nx4,Safeway - Eastern - EG,active retailers,"
",[],none,,0,0,,,"Friday, February 6th 2026, 4:57:06 pm -05:00","Thursday, April 9th 2026, 10:40:44 am -04:00",,,Matt Smith,VSM - Processing Support,hidden,PS Retailer Hub,[],[],,[PS Retailer Hub],[],,,,,,1149 hours,,0,,,3,Grocery,,Annastiina Peltola,,https://fadmin.flippback.com/merchants/5667/dashboard,PS Eligible,,,https://fadmin.flippback.com/merchants/5667/ftp_files,Ad-Hoc,,,,11645,,Julia Burch,,,5667,,https://docs.google.com/document/d/183GtNwUcM9JLHJpxIRREZrJXAirNAP8ctKJ5I8aFeS8/edit#heading=h.y2dgj7b691i5,,,OPS,,ABSCo,1,,,,,Core PLUS,,,PS Eligible,,,,,
Task,86dzp2nww,Safeway - Eastern - GMI,active retailers,"
",[],none,,0,0,,,"Friday, February 6th 2026, 4:57:05 pm -05:00","Thursday, April 9th 2026, 10:40:44 am -04:00",,,Matt Smith,VSM - Processing Support,hidden,PS Retailer Hub,[],[],,[PS Retailer Hub],[],,,,,,1149 hours,,0,,,10,Grocery,,Annastiina Peltola,,https://fadmin.flippback.com/merchants/5667/dashboard,PS Eligible,,,https://fadmin.flippback.com/merchants/5667/ftp_files,Ad-Hoc,,,,11474,,Julia Burch,,,5667,,https://docs.google.com/document/d/183GtNwUcM9JLHJpxIRREZrJXAirNAP8ctKJ5I8aFeS8/edit#heading=h.y2dgj7b691i3,,,OPS,,ABSCo,7,,,,,Core PLUS,,,PS Eligible,,,,,
Task,86dzp2nwt,Safeway - Eastern - SP,active retailers,"
",[],none,,0,0,,,"Friday, February 6th 2026, 4:57:05 pm -05:00","Thursday, April 9th 2026, 10:40:44 am -04:00",,,Matt Smith,VSM - Processing Support,hidden,PS Retailer Hub,[],[],,[PS Retailer Hub],[],,,,,,1149 hours,,0,,,10,Grocery,,Annastiina Peltola,,https://fadmin.flippback.com/merchants/5667/dashboard,PS Eligible,,,https://fadmin.flippback.com/merchants/5667/ftp_files,Ad-Hoc,,,,11148,,Julia Burch,,,5667,,https://docs.google.com/document/d/183GtNwUcM9JLHJpxIRREZrJXAirNAP8ctKJ5I8aFeS8/edit#heading=h.y2dgj7b691i2,,,OPS,,ABSCo,7,,,,,Core PLUS,,,PS Eligible,,,,,
Task,86dzp2nxj,Safeway - Intermountain - BBS,active retailers,"
",[],none,,0,0,,,"Friday, February 6th 2026, 4:57:07 pm -05:00","Thursday, April 9th 2026, 10:40:44 am -04:00",,,Matt Smith,VSM - Processing Support,hidden,PS Retailer Hub,[],[],,[PS Retailer Hub],[],,,,,,1149 hours,,0,,,7,Grocery,,Rushia Fernandes,,https://fadmin.flippback.com/merchants/5667/dashboard,PS Eligible,,,https://fadmin.flippback.com/merchants/5667/ftp_files,Ad-Hoc,,,,10806,,Julia Burch,,,5667,,https://docs.google.com/document/d/183GtNwUcM9JLHJpxIRREZrJXAirNAP8ctKJ5I8aFeS8/edit#heading=h.y2dgj7b691i3,,,OPS,,ABSCo,4,,,,,Core PLUS,,,PS Eligible,,,,,
Task,86dzp2nxv,Safeway - Intermountain - EG,active retailers,"
",[],none,,0,0,,,"Friday, February 6th 2026, 4:57:08 pm -05:00","Thursday, April 9th 2026, 10:40:44 am -04:00",,,Matt Smith,VSM - Processing Support,hidden,PS Retailer Hub,[],[],,[PS Retailer Hub],[],,,,,,1149 hours,,0,,,3,Grocery,,Rushia Fernandes,,https://fadmin.flippback.com/merchants/5667/dashboard,PS Eligible,,,https://fadmin.flippback.com/merchants/5667/ftp_files,Ad-Hoc,,,,11165,,Julia Burch,,,5667,,https://docs.google.com/document/d/183GtNwUcM9JLHJpxIRREZrJXAirNAP8ctKJ5I8aFeS8/edit#heading=h.y2dgj7b691i5,,,OPS,,ABSCo,1,,,,,Core PLUS,,,PS Eligible,,,,,
Task,86dzp2nxq,Safeway - Intermountain - GMI,active retailers,"
",[],none,,0,0,,,"Friday, February 6th 2026, 4:57:08 pm -05:00","Thursday, April 9th 2026, 10:40:44 am -04:00",,,Matt Smith,VSM - Processing Support,hidden,PS Retailer Hub,[],[],,[PS Retailer Hub],[],,,,,,1149 hours,,0,,,7,Grocery,,Rushia Fernandes,,https://fadmin.flippback.com/merchants/5667/dashboard,PS Eligible,,,https://fadmin.flippback.com/merchants/5667/ftp_files,Ad-Hoc,,,,11473,,Julia Burch,,,5667,,https://docs.google.com/document/d/183GtNwUcM9JLHJpxIRREZrJXAirNAP8ctKJ5I8aFeS8/edit#heading=h.y2dgj7b691i4,,,OPS,,ABSCo,4,,,,,Core PLUS,,,PS Eligible,,,,,
Task,86dzp2nxd,Safeway - Intermountain - SP,active retailers,"
",[],none,,0,0,,,"Friday, February 6th 2026, 4:57:07 pm -05:00","Thursday, April 9th 2026, 10:40:44 am -04:00",,,Matt Smith,VSM - Processing Support,hidden,PS Retailer Hub,[],[],,[PS Retailer Hub],[],,,,,,1149 hours,,0,,,7,Grocery,,Rushia Fernandes,,https://fadmin.flippback.com/merchants/5667/dashboard,PS Eligible,,,https://fadmin.flippback.com/merchants/5667/ftp_files,Ad-Hoc,,,,10805,,Julia Burch,,,5667,,https://docs.google.com/document/d/183GtNwUcM9JLHJpxIRREZrJXAirNAP8ctKJ5I8aFeS8/edit#heading=h.y2dgj7b691i2,,,OPS,,ABSCo,4,,,,,Core PLUS,,,PS Eligible,,,,,
Task,86dzp2nyj,Safeway - NorCal - BBS,active retailers,"
",[],none,,0,0,,,"Friday, February 6th 2026, 4:57:10 pm -05:00","Thursday, April 9th 2026, 10:40:44 am -04:00",,,Matt Smith,VSM - Processing Support,hidden,PS Retailer Hub,[],[],,[PS Retailer Hub],[],,,,,,1149 hours,,0,,,8,Grocery,,Annastiina Peltola,,https://fadmin.flippback.com/merchants/5667/dashboard,PS Eligible,,,https://fadmin.flippback.com/merchants/5667/ftp_files,Ad-Hoc,,,,10641,,Julia Burch,,,5667,,https://docs.google.com/document/d/183GtNwUcM9JLHJpxIRREZrJXAirNAP8ctKJ5I8aFeS8/edit#heading=h.y2dgj7b691i4,,,OPS,,ABSCo,5,,,,,Core PLUS,,,PS Eligible,,,,,
Task,86dzp2nyr,Safeway - Norcal - EG,active retailers,"
",[],none,,0,0,,,"Friday, February 6th 2026, 4:57:10 pm -05:00","Thursday, April 9th 2026, 10:40:44 am -04:00",,,Matt Smith,VSM - Processing Support,hidden,PS Retailer Hub,[],[],,[PS Retailer Hub],[],,,,,,1149 hours,,0,,,3,Grocery,,Annastiina Peltola,,https://fadmin.flippback.com/merchants/5667/dashboard,PS Eligible,,,https://fadmin.flippback.com/merchants/5667/ftp_files,Ad-Hoc,,,,11038,,Julia Burch,,,5667,,https://docs.google.com/document/d/183GtNwUcM9JLHJpxIRREZrJXAirNAP8ctKJ5I8aFeS8/edit#heading=h.y2dgj7b691i5,,,OPS,,ABSCo,1,,,,,Core PLUS,,,PS Eligible,,,,,
Task,86dzp2nye,Safeway - Norcal - GMI,active retailers,"
",[],none,,0,0,,,"Friday, February 6th 2026, 4:57:09 pm -05:00","Thursday, April 9th 2026, 10:40:44 am -04:00",,,Matt Smith,VSM - Processing Support,hidden,PS Retailer Hub,[],[],,[PS Retailer Hub],[],,,,,,1149 hours,,0,,,7,Grocery,,Annastiina Peltola,,https://fadmin.flippback.com/merchants/5667/dashboard,PS Eligible,,,https://fadmin.flippback.com/merchants/5667/ftp_files,Ad-Hoc,,,,11436,,Julia Burch,,,5667,,https://docs.google.com/document/d/183GtNwUcM9JLHJpxIRREZrJXAirNAP8ctKJ5I8aFeS8/edit#heading=h.y2dgj7b691i3,,,OPS,,ABSCo,4,,,,,Core PLUS,,,PS Eligible,,,,,
Task,86dzp2ny7,Safeway - Norcal - SP,active retailers,"
",[],none,,0,0,,,"Friday, February 6th 2026, 4:57:09 pm -05:00","Thursday, April 9th 2026, 10:40:44 am -04:00",,,Matt Smith,VSM - Processing Support,hidden,PS Retailer Hub,[],[],,[PS Retailer Hub],[],,,,,,1149 hours,,0,,,7,Grocery,,Annastiina Peltola,,https://fadmin.flippback.com/merchants/5667/dashboard,PS Eligible,,,https://fadmin.flippback.com/merchants/5667/ftp_files,Ad-Hoc,,,,10967,,Julia Burch,,,5667,,https://docs.google.com/document/d/183GtNwUcM9JLHJpxIRREZrJXAirNAP8ctKJ5I8aFeS8/edit#heading=h.y2dgj7b691i2,,,OPS,,ABSCo,4,,,,,Core PLUS,,,PS Eligible,,,,,
Task,86dzp2nz9,Safeway - Portland - BBS,active retailers,"
",[],none,,0,0,,,"Friday, February 6th 2026, 4:57:12 pm -05:00","Thursday, April 9th 2026, 10:40:44 am -04:00",,,Matt Smith,VSM - Processing Support,hidden,PS Retailer Hub,[],[],,[PS Retailer Hub],[],,,,,,1149 hours,,0,,,7,Grocery,,Annastiina Peltola,,https://fadmin.flippback.com/merchants/5667/dashboard,PS Eligible,,,https://fadmin.flippback.com/merchants/5667/ftp_files,Ad-Hoc,,,,10645,,Julia Burch,,,5667,,https://docs.google.com/document/d/183GtNwUcM9JLHJpxIRREZrJXAirNAP8ctKJ5I8aFeS8/edit#heading=h.y2dgj7b691i4,,,OPS,,ABSCo,3,,,,,Core PLUS,,,PS Eligible,,,,,
Task,86dzp2nzb,Safeway - Portland - EG,active retailers,"
",[],none,,0,0,,,"Friday, February 6th 2026, 4:57:12 pm -05:00","Thursday, April 9th 2026, 10:40:44 am -04:00",,,Matt Smith,VSM - Processing Support,hidden,PS Retailer Hub,[],[],,[PS Retailer Hub],[],,,,,,1149 hours,,0,,,3,Grocery,,Annastiina Peltola,,https://fadmin.flippback.com/merchants/5667/dashboard,PS Eligible,,,https://fadmin.flippback.com/merchants/5667/ftp_files,Ad-Hoc,,,,11162,,Julia Burch,,,5667,,https://docs.google.com/document/d/183GtNwUcM9JLHJpxIRREZrJXAirNAP8ctKJ5I8aFeS8/edit#heading=h.y2dgj7b691i5,,,OPS,,ABSCo,1,,,,,Core PLUS,,,PS Eligible,,,,,
Task,86dzp2nz3,Safeway - Portland - GMI,active retailers,"
",[],none,,0,0,,,"Friday, February 6th 2026, 4:57:11 pm -05:00","Thursday, April 9th 2026, 10:40:44 am -04:00",,,Matt Smith,VSM - Processing Support,hidden,PS Retailer Hub,[],[],,[PS Retailer Hub],[],,,,,,1149 hours,,0,,,7,Grocery,,Annastiina Peltola,,https://fadmin.flippback.com/merchants/5667/dashboard,PS Eligible,,,https://fadmin.flippback.com/merchants/5667/ftp_files,Ad-Hoc,,,,11475,,Julia Burch,,,5667,,https://docs.google.com/document/d/183GtNwUcM9JLHJpxIRREZrJXAirNAP8ctKJ5I8aFeS8/edit#heading=h.y2dgj7b691i3,,,OPS,,ABSCo,4,,,,,Core PLUS,,,PS Eligible,,,,,
Task,86dzp2nyz,Safeway - Portland - SP,active retailers,"
",[],none,,0,0,,,"Friday, February 6th 2026, 4:57:11 pm -05:00","Thursday, April 9th 2026, 10:40:44 am -04:00",,,Matt Smith,VSM - Processing Support,hidden,PS Retailer Hub,[],[],,[PS Retailer Hub],[],,,,,,1149 hours,,0,,,8,Grocery,,Annastiina Peltola,,https://fadmin.flippback.com/merchants/5667/dashboard,PS Eligible,,,https://fadmin.flippback.com/merchants/5667/ftp_files,Ad-Hoc,,,,10947,,Julia Burch,,,5667,,https://docs.google.com/document/d/183GtNwUcM9JLHJpxIRREZrJXAirNAP8ctKJ5I8aFeS8/edit#heading=h.y2dgj7b691i2,,,OPS,,ABSCo,5,,,,,Core PLUS,,,PS Eligible,,,,,
Task,86dzp2nzj,Safeway - Seattle - BBS,active retailers,"
",[],none,,0,0,,,"Friday, February 6th 2026, 4:57:13 pm -05:00","Thursday, April 9th 2026, 10:40:44 am -04:00",,,Matt Smith,VSM - Processing Support,hidden,PS Retailer Hub,[],[],,[PS Retailer Hub],[],,,,,,1149 hours,,0,,,7,Grocery,,Ebony Powell,,https://fadmin.flippback.com/merchants/5667/dashboard,PS Eligible,,,https://fadmin.flippback.com/merchants/5667/ftp_files,Ad-Hoc,,,,10646,,Julia Burch,,,5667,,https://docs.google.com/document/d/183GtNwUcM9JLHJpxIRREZrJXAirNAP8ctKJ5I8aFeS8/edit#heading=h.y2dgj7b691i3,,,OPS,,ABSCo,3,,,,,Core PLUS,,,PS Eligible,,,,,
Task,86dzp2nzk,Safeway - Seattle - GMI,active retailers,"
",[],none,,0,0,,,"Friday, February 6th 2026, 4:57:14 pm -05:00","Thursday, April 9th 2026, 10:40:44 am -04:00",,,Matt Smith,VSM - Processing Support,hidden,PS Retailer Hub,[],[],,[PS Retailer Hub],[],,,,,,1149 hours,,0,,,7,Grocery,,Ebony Powell,,https://fadmin.flippback.com/merchants/5667/dashboard,PS Eligible,,,https://fadmin.flippback.com/merchants/5667/ftp_files,Ad-Hoc,,,,11476,,Julia Burch,,,5667,,https://docs.google.com/document/d/183GtNwUcM9JLHJpxIRREZrJXAirNAP8ctKJ5I8aFeS8/edit#heading=h.y2dgj7b691i2,,,OPS,,ABSCo,4,,,,,Core PLUS,,,PS Eligible,,,,,
Task,86dzp2p0f,Safeway - Southwest - BBS,active retailers,"
",[],none,,0,0,,,"Friday, February 6th 2026, 4:57:16 pm -05:00","Thursday, April 9th 2026, 10:40:44 am -04:00",,,Matt Smith,VSM - Processing Support,hidden,PS Retailer Hub,[],[],,[PS Retailer Hub],[],,,,,,1149 hours,,0,,,8,Grocery,,Annastiina Peltola,,https://fadmin.flippback.com/merchants/5667/dashboard,PS Eligible,,,https://fadmin.flippback.com/merchants/5667/ftp_files,Ad-Hoc,,,,10647,,Julia Burch,,,5667,,https://docs.google.com/document/d/183GtNwUcM9JLHJpxIRREZrJXAirNAP8ctKJ5I8aFeS8/edit#heading=h.y2dgj7b691i5,,,OPS,,ABSCo,5,,,,,Core PLUS,,,PS Eligible,,,,,
Task,86dzp2p0d,Safeway - Southwest - EG,active retailers,"
",[],none,,0,0,,,"Friday, February 6th 2026, 4:57:16 pm -05:00","Thursday, April 9th 2026, 10:40:44 am -04:00",,,Matt Smith,VSM - Processing Support,hidden,PS Retailer Hub,[],[],,[PS Retailer Hub],[],,,,,,1149 hours,,0,,,3,Grocery,,Annastiina Peltola,,https://fadmin.flippback.com/merchants/5667/dashboard,PS Eligible,,,https://fadmin.flippback.com/merchants/5667/ftp_files,Ad-Hoc,,,,11646,,Julia Burch,,,5667,,https://docs.google.com/document/d/183GtNwUcM9JLHJpxIRREZrJXAirNAP8ctKJ5I8aFeS8/edit#heading=h.y2dgj7b691i4,,,OPS,,ABSCo,1,,,,,Core PLUS,,,PS Eligible,,,,,
Task,86dzp2p0b,Safeway - Southwest - GMI,active retailers,"
",[],none,,0,0,,,"Friday, February 6th 2026, 4:57:15 pm -05:00","Thursday, April 9th 2026, 10:40:44 am -04:00",,,Matt Smith,VSM - Processing Support,hidden,PS Retailer Hub,[],[],,[PS Retailer Hub],[],,,,,,1149 hours,,0,,,7,Grocery,,Annastiina Peltola,,https://fadmin.flippback.com/merchants/5667/dashboard,PS Eligible,,,https://fadmin.flippback.com/merchants/5667/ftp_files,Ad-Hoc,,,,11477,,Julia Burch,,,5667,,https://docs.google.com/document/d/183GtNwUcM9JLHJpxIRREZrJXAirNAP8ctKJ5I8aFeS8/edit#heading=h.y2dgj7b691i3,,,OPS,,ABSCo,4,,,,,Core PLUS,,,PS Eligible,,,,,
Task,86dzp2p08,Safeway - Southwest - SP,active retailers,"
",[],none,,0,0,,,"Friday, February 6th 2026, 4:57:15 pm -05:00","Thursday, April 9th 2026, 10:40:44 am -04:00",,,Matt Smith,VSM - Processing Support,hidden,PS Retailer Hub,[],[],,[PS Retailer Hub],[],,,,,,1149 hours,,0,,,8,Grocery,,Annastiina Peltola,,https://fadmin.flippback.com/merchants/5667/dashboard,PS Eligible,,,https://fadmin.flippback.com/merchants/5667/ftp_files,Ad-Hoc,,,,11713,,Julia Burch,,,5667,,https://docs.google.com/document/d/183GtNwUcM9JLHJpxIRREZrJXAirNAP8ctKJ5I8aFeS8/edit#heading=h.y2dgj7b691i2,,,OPS,,ABSCo,5,,,,,Core PLUS,,,PS Eligible,,,,,
Task,86dzp2nvm,Safeway Denver,active retailers,"
",[],none,,0,0,,,"Friday, February 6th 2026, 4:57:03 pm -05:00","Thursday, April 9th 2026, 10:40:44 am -04:00",,,Matt Smith,VSM - Processing Support,hidden,PS Retailer Hub,[],[],,[PS Retailer Hub],[],,,,,,1149 hours,,0,,,7,Grocery,,Annastiina Peltola,,https://fadmin.flippback.com/merchants/5667/dashboard,PS Eligible,,,https://fadmin.flippback.com/merchants/5667/ftp_files,Weekly,,,,10457,,Julia Burch,,,5667,,https://docs.google.com/document/d/183GtNwUcM9JLHJpxIRREZrJXAirNAP8ctKJ5I8aFeS8/edit#heading=h.y2dgj7b691i1,,,OPS,,ABSCo,4,,,,,Core PLUS,,,PS Eligible,,,,,
Task,86dzp2nwg,Safeway Eastern,active retailers,"
",[],none,,0,0,,,"Friday, February 6th 2026, 4:57:04 pm -05:00","Thursday, April 9th 2026, 10:40:44 am -04:00",,,Matt Smith,VSM - Processing Support,hidden,PS Retailer Hub,[],[],,[PS Retailer Hub],[],,,,,,1149 hours,,0,,,9,Grocery,,Annastiina Peltola,,https://fadmin.flippback.com/merchants/5667/dashboard,PS Eligible,,,https://fadmin.flippback.com/merchants/5667/ftp_files,Weekly,,,,10458,,Julia Burch,,,5667,,https://docs.google.com/document/d/183GtNwUcM9JLHJpxIRREZrJXAirNAP8ctKJ5I8aFeS8/edit#heading=h.y2dgj7b691i1,,,OPS,,ABSCo,6,,,,,Core PLUS,,,PS Eligible,,,,,
Task,86dzp2nx8,Safeway Intermountain,active retailers,"
",[],none,,0,0,,,"Friday, February 6th 2026, 4:57:06 pm -05:00","Thursday, April 9th 2026, 10:40:44 am -04:00",,,Matt Smith,VSM - Processing Support,hidden,PS Retailer Hub,[],[],,[PS Retailer Hub],[],,,,,,1149 hours,,0,,,7,Grocery,,Rushia Fernandes,,https://fadmin.flippback.com/merchants/5667/dashboard,PS Eligible,,,https://fadmin.flippback.com/merchants/5667/ftp_files,Weekly,,,,10459,,Julia Burch,,,5667,,https://docs.google.com/document/d/183GtNwUcM9JLHJpxIRREZrJXAirNAP8ctKJ5I8aFeS8/edit#heading=h.y2dgj7b691i1,,,OPS,,ABSCo,4,,,,,Core PLUS,,,PS Eligible,,,,,
Task,86dzp2nxz,Safeway Norcal,active retailers,"
",[],none,,0,0,,,"Friday, February 6th 2026, 4:57:08 pm -05:00","Thursday, April 9th 2026, 10:40:44 am -04:00",,,Matt Smith,VSM - Processing Support,hidden,PS Retailer Hub,[],[],,[PS Retailer Hub],[],,,,,,1149 hours,,0,,,7,Grocery,,Annastiina Peltola,,https://fadmin.flippback.com/merchants/5667/dashboard,PS Eligible,,,https://fadmin.flippback.com/merchants/5667/ftp_files,Weekly,,,,8209,,Julia Burch,,,5667,,https://docs.google.com/document/d/183GtNwUcM9JLHJpxIRREZrJXAirNAP8ctKJ5I8aFeS8/edit#heading=h.y2dgj7b691i1,,,OPS,,ABSCo,4,,,,,Core PLUS,,,PS Eligible,,,,,
Task,86dzp2nyy,Safeway Portland,active retailers,"
",[],none,,0,0,,,"Friday, February 6th 2026, 4:57:11 pm -05:00","Thursday, April 9th 2026, 10:40:44 am -04:00",,,Matt Smith,VSM - Processing Support,hidden,PS Retailer Hub,[],[],,[PS Retailer Hub],[],,,,,,1149 hours,,0,,,7,Grocery,,Annastiina Peltola,,https://fadmin.flippback.com/merchants/5667/dashboard,PS Eligible,,,https://fadmin.flippback.com/merchants/5667/ftp_files,Weekly,,,,10460,,Julia Burch,,,5667,,https://docs.google.com/document/d/183GtNwUcM9JLHJpxIRREZrJXAirNAP8ctKJ5I8aFeS8/edit#heading=h.y2dgj7b691i1,,,OPS,,ABSCo,4,,,,,Core PLUS,,,PS Eligible,,,,,
Task,86dzp2nzf,Safeway Seattle,active retailers,"
",[],none,,0,0,,,"Friday, February 6th 2026, 4:57:13 pm -05:00","Thursday, April 9th 2026, 10:40:44 am -04:00",,,Matt Smith,VSM - Processing Support,hidden,PS Retailer Hub,[],[],,[PS Retailer Hub],[],,,,,,1149 hours,,0,,,7,Grocery,,Ebony Powell,,https://fadmin.flippback.com/merchants/5667/dashboard,PS Eligible,,,https://fadmin.flippback.com/merchants/5667/ftp_files,Weekly,,,,10461,,Julia Burch,,,5667,,https://docs.google.com/document/d/183GtNwUcM9JLHJpxIRREZrJXAirNAP8ctKJ5I8aFeS8/edit#heading=h.y2dgj7b691i1,,,OPS,,ABSCo,4,,,,,Core PLUS,,,PS Eligible,,,,,
Task,86dzp2p06,Safeway Southwest,active retailers,"
",[],none,,0,0,,,"Friday, February 6th 2026, 4:57:15 pm -05:00","Thursday, April 9th 2026, 10:40:44 am -04:00",,,Matt Smith,VSM - Processing Support,hidden,PS Retailer Hub,[],[],,[PS Retailer Hub],[],,,,,,1149 hours,,0,,,7,Grocery,,Annastiina Peltola,,https://fadmin.flippback.com/merchants/5667/dashboard,PS Eligible,,,https://fadmin.flippback.com/merchants/5667/ftp_files,Weekly,,,,10462,,Julia Burch,,,5667,,https://docs.google.com/document/d/183GtNwUcM9JLHJpxIRREZrJXAirNAP8ctKJ5I8aFeS8/edit#heading=h.y2dgj7b691i1,,,OPS,,ABSCo,4,,,,,Core PLUS,,,PS Eligible,,,,,
Task,86dzp2nzw,Safeway- Seattle - EG,active retailers,"
",[],none,,0,0,,,"Friday, February 6th 2026, 4:57:14 pm -05:00","Thursday, April 9th 2026, 10:40:44 am -04:00",,,Matt Smith,VSM - Processing Support,hidden,PS Retailer Hub,[],[],,[PS Retailer Hub],[],,,,,,1149 hours,,0,,,3,Grocery,,Ebony Powell,,https://fadmin.flippback.com/merchants/5667/dashboard,PS Eligible,,,https://fadmin.flippback.com/merchants/5667/ftp_files,Ad-Hoc,,,,10978,,Julia Burch,,,5667,,https://docs.google.com/document/d/183GtNwUcM9JLHJpxIRREZrJXAirNAP8ctKJ5I8aFeS8/edit#heading=h.y2dgj7b691i4,,,OPS,,ABSCo,1,,,,,Core PLUS,,,PS Eligible,,,,,
Task,86dtu2q3b,SAIL,active retailers,"Links QC and cloning
",[],none,,0,0,,,"Thursday, June 13th 2024, 6:24:17 pm -04:00","Thursday, April 16th 2026, 11:47:26 am -04:00",,,Matt Smith,VSM - Processing Support,hidden,PS Retailer Hub,[],[],,[PS Retailer Hub],[],,,,,,16460 hours,,0,10,,,Sports & Outdoor,,,,https://fadmin.flippback.com/merchants/3762/dashboard,PS Eligible,,30,https://fadmin.flippback.com/merchants/3762/ftp_files,Ad-Hoc,,,,4755,,Megan Kernaghan,,,3762,,https://docs.google.com/document/d/1R_8uughtXaTKKM9AcGUzIJm2s7wYpvI-g9PPZHJc-rc/edit,,Instructions Missing,PS Eligible,,,,,,SAIL,,No Active Relationship,4,50,PS Eligible,,10,,,
Task,86dzp0zem,Save A Lot,active retailers,"
",[],none,,0,0,,,"Friday, February 6th 2026, 3:48:10 pm -05:00","Thursday, April 16th 2026, 1:42:52 pm -04:00",,,Matt Smith,VSM - Processing Support,hidden,PS Retailer Hub,[],[],,[PS Retailer Hub],[],,,,,20h,1990 hours,,0,,,13,Grocery,,Jenna Toppan,,https://fadmin.flippback.com/merchants/2359/dashboard,PS Eligible,,,https://fadmin.flippback.com/merchants/2359/ftp_files,Weekly,,,,12278,,Jenna Toppan,,,2359,,https://docs.google.com/document/d/1eEEuBTChFf1hsW7JZvBM_bOBLX8pSbOWJwegGjvkZDw/edit?tab=t.0#heading=h.y2dgj7b691i1,,,PS Eligible,,,,,,Save A Lot,,Organic Indexed,Longtail,,PS Eligible,,,,,
Task,86dtu2q3k,Save Mart,active retailers,"retailer notifies via email once files are dropped onto FTP
sometimes items aren't tagged correctly (completely different name for the item)
",[],none,,0,0,,,"Thursday, June 13th 2024, 6:24:20 pm -04:00","Thursday, April 16th 2026, 1:43:11 pm -04:00",,,Matt Smith,VSM - Processing Support,hidden,PS Retailer Hub,[],[],,[PS Retailer Hub],[],,,,,,16460 hours,,0,0,,7,Grocery,,Shabaz Malik,,https://fadmin.flippback.com/merchants/2096/dashboard,PS Eligible,,45,https://fadmin.flippback.com/merchants/2096/ftp_files,Weekly,,,,206,,Diandra Gonzalez Charris,,,2096,,https://docs.google.com/document/d/1_8NU2MSGSZbdq-2-AcwxeU4IDJrhKFxZID63OExG5G8/edit?tab=t.0#heading=h.y2dgj7b691i1,,,OPS,,,,,,Save Mart,,Core,2,65,PS Eligible,,20,,,"Tuesday, May 5th 2026"
Task,86dzp2p0p,Save Mart - FoodMaxx,active retailers,"
",[],none,,0,0,,,"Friday, February 6th 2026, 4:57:17 pm -05:00","Thursday, April 16th 2026, 8:17:21 pm -04:00",,,Matt Smith,VSM - Processing Support,hidden,PS Retailer Hub,[],[],,[PS Retailer Hub],[],,,,,,1149 hours,,0,,,5,Grocery,,Sabrina Ho,,https://fadmin.flippback.com/merchants/3075/dashboard,PS Eligible,,,https://fadmin.flippback.com/merchants/3075/ftp_files,Weekly,,,,3650,,Diandra Gonzalez Charris,,,3075,,https://docs.google.com/document/d/1_8NU2MSGSZbdq-2-AcwxeU4IDJrhKFxZID63OExG5G8/edit?tab=t.0#heading=h.y2dgj7b691i1,,,OPS,,Save Mart,,,,,,Core,,,PS Eligible,,,,,
Task,86e0k1gww,Sephora Canada,active retailers,"
",[],none,,0,0,,,"Thursday, March 26th 2026, 12:15:58 pm -04:00","Thursday, April 16th 2026, 1:44:07 pm -04:00",,,Matt Smith,VSM - Processing Support,hidden,PS Retailer Hub,[],[],,[PS Retailer Hub],[],,,,,60h,725 hours,,0,,,7,[Brand],,Ebony Powell,,https://fadmin.flippback.com/merchants/757/dashboard,PS Eligible,,,https://fadmin.flippback.com/merchants/757/ftp_files,Ad-Hoc,,,,9953,,Addie Dobson,,,757,,https://docs.google.com/document/d/1CpS35JOdmZT3B9Qi898PYkiNh5_q36JivsTemkhWZY4/edit?tab=t.0,,,OPS,,,,,,Sephora Canada,,Longtail,,,PS Eligible,,,,,
Task,86du37jtx,Sharpe's Food Market,active retailers,"Retailer lead time is 2 business days

Flyer received on Tuesdays, Launches Thursdays
",[],none,,0,0,,,"Wednesday, July 10th 2024, 2:52:52 pm -04:00","Thursday, April 16th 2026, 1:44:25 pm -04:00",,,Matt Smith,VSM - Processing Support,hidden,PS Retailer Hub,[],[],,[PS Retailer Hub],[],,,,,,15677 hours,,0,5,,3,Grocery,,Addie Dobson,,https://fadmin.flippback.com/merchants/3792/dashboard,PS Eligible,,10,https://fadmin.flippback.com/merchants/3792/ftp_files,Weekly,,,,11810,,Addie Dobson,,,3729,,https://docs.google.com/document/d/1t0HlSeYQIpQa0OuZFI_z4sTDSZT-VKFkYmIIQljMh0U/edit?usp=drive_link,,Instructions Missing,PS Eligible,,,,,,Sharpe's Food Market,,Longtail,3,20,PS Eligible,,5,,,
Task,86dzp2p0u,Shaw's,active retailers,"
",[],none,,0,0,,,"Friday, February 6th 2026, 4:57:17 pm -05:00","Thursday, April 9th 2026, 10:40:44 am -04:00",,,Matt Smith,VSM - Processing Support,hidden,PS Retailer Hub,[],[],,[PS Retailer Hub],[],,,,,,1149 hours,,0,,,9,Grocery,,Annastiina Peltola,,https://fadmin.flippback.com/merchants/2454/dashboard,PS Eligible,,,https://fadmin.flippback.com/merchants/2454/ftp_files,Weekly,,,,8232,,Julia Burch,,,2454,,https://docs.google.com/document/d/183GtNwUcM9JLHJpxIRREZrJXAirNAP8ctKJ5I8aFeS8/edit#heading=h.y2dgj7b691i1,,,OPS,,ABSCo,6,,,,,Core PLUS,,,PS Eligible,,,,,
Task,86dzp2p1b,Shaw's - BBS,active retailers,"
",[],none,,0,0,,,"Friday, February 6th 2026, 4:57:18 pm -05:00","Thursday, April 9th 2026, 10:40:44 am -04:00",,,Matt Smith,VSM - Processing Support,hidden,PS Retailer Hub,[],[],,[PS Retailer Hub],[],,,,,,1149 hours,,0,,,8,Grocery,,Annastiina Peltola,,https://fadmin.flippback.com/merchants/2454/dashboard,PS Eligible,,,https://fadmin.flippback.com/merchants/2454/ftp_files,Ad-Hoc,,,,10663,,Julia Burch,,,2454,,https://docs.google.com/document/d/183GtNwUcM9JLHJpxIRREZrJXAirNAP8ctKJ5I8aFeS8/edit#heading=h.y2dgj7b691i3,,,OPS,,ABSCo,5,,,,,Core PLUS,,,PS Eligible,,,,,
Task,86dzp2p1e,Shaw's - Entertainment Guide,active retailers,"
",[],none,,0,0,,,"Friday, February 6th 2026, 4:57:18 pm -05:00","Thursday, April 9th 2026, 10:40:44 am -04:00",,,Matt Smith,VSM - Processing Support,hidden,PS Retailer Hub,[],[],,[PS Retailer Hub],[],,,,,,1149 hours,,0,,,3,Grocery,,Annastiina Peltola,,https://fadmin.flippback.com/merchants/2454/dashboard,PS Eligible,,,https://fadmin.flippback.com/merchants/2454/ftp_files,Ad-Hoc,,,,10918,,Julia Burch,,,2454,,https://docs.google.com/document/d/183GtNwUcM9JLHJpxIRREZrJXAirNAP8ctKJ5I8aFeS8/edit#heading=h.y2dgj7b691i4,,,OPS,,ABSCo,1,,,,,Core PLUS,,,PS Eligible,,,,,
Task,86dzp2p11,Shaws - GMI,active retailers,"
",[],none,,0,0,,,"Friday, February 6th 2026, 4:57:17 pm -05:00","Thursday, April 9th 2026, 10:40:44 am -04:00",,,Matt Smith,VSM - Processing Support,hidden,PS Retailer Hub,[],[],,[PS Retailer Hub],[],,,,,,1149 hours,,0,,,9,Grocery,,Annastiina Peltola,,https://fadmin.flippback.com/merchants/2454/dashboard,PS Eligible,,,https://fadmin.flippback.com/merchants/2454/ftp_files,Ad-Hoc,,,,11478,,Julia Burch,,,2454,,https://docs.google.com/document/d/183GtNwUcM9JLHJpxIRREZrJXAirNAP8ctKJ5I8aFeS8/edit#heading=h.y2dgj7b691i2,,,OPS,,ABSCo,6,,,,,Core PLUS,,,PS Eligible,,,,,
Task,86dtu2q3u,Shoppers (SuperValu),active retailers,,[],none,,0,0,,,"Thursday, June 13th 2024, 6:24:23 pm -04:00","Thursday, April 16th 2026, 1:44:46 pm -04:00",,,Matt Smith,VSM - Processing Support,hidden,PS Retailer Hub,[],[],,[PS Retailer Hub],[],,,,,,16151 hours,,0,0,,7,Grocery,,Marion Kang,,https://fadmin.flippback.com/merchants/2586/dashboard,PS Eligible,,20,https://fadmin.flippback.com/merchants/2586/ftp_files,Weekly,,,,2420,,Roni Grigorian,,,2586,,https://docs.google.com/document/d/1va8K8acYuieM_ay1401jB6E4AES06ivBwwGnGlkn_b4/edit?tab=t.0#heading=h.ksibp83ykgmq,,,OPS,,,,,,Shoppers (SuperValu),,Longtail,4,35,PS Eligible,,15,,,"Tuesday, August 4th 2026"
Task,86duwhf8q,Shoppers Drug Mart,active retailers,"Sometimes they might have GO pages that might not get uploaded during the codesheet upload; rather manually. So page pagination needs to be considered.

FQC might vary as the DOC might need to final review the run depending if we get GO pages or digital inserts - strictly for pagination structure.
",[],none,,0,0,,,"Thursday, October 10th 2024, 4:00:11 pm -04:00","Thursday, April 16th 2026, 1:45:31 pm -04:00",,,Matt Smith,VSM - Processing Support,hidden,PS Retailer Hub,[],[],,[PS Retailer Hub],[],,,,,,13606 hours,,0,,,7,Pharmacy,,Alexandra Van Wissen,,https://fadmin.flippback.com/merchants/208/dashboard,PS Eligible,,60,https://fadmin.flippback.com/merchants/208/ftp_files,Weekly,,,,535,,Roni Grigorian,,,208,,https://docs.google.com/document/d/1TMYtB4aNKGB4YoWCWIN3w5QI6jMuWr3TFFSvAVZ6gmA/edit,,,OPS,,,,,,Shoppers Drug Mart,,Core PLUS,1,60,OPS,,,,,"Wednesday, November 25th 2026"
Task,86dtu2q3v,Showcase CAN,active retailers,Ads always go live/are valid on Mondays BUT the retailer normally always delays file delivery. We normally receive files Thursdays/Fridays and the ad is not always ready for Monday. It is consistent practice to push the go-live date to tuesdays. All assets are dropped in the SFTP (pdfs and url tagging doc) together.,[],none,,0,0,,,"Thursday, June 13th 2024, 6:24:24 pm -04:00","Thursday, April 16th 2026, 1:45:49 pm -04:00",,,Matt Smith,VSM - Processing Support,hidden,PS Retailer Hub,[],[],,[PS Retailer Hub],[],,,,,25m,16460 hours,,0,0,,4,Specialty,,Adnela Fejzulovic,,https://fadmin.flippback.com/merchants/3684/dashboard,PS Eligible,,10,https://fadmin.flippback.com/merchants/3684/ftp_files,Weekly,,,,4701,,Roni Grigorian,,,3684,,https://docs.google.com/document/d/1jXmafS1ukJMBMqCdpWOnWn7KzRIVUnuCuHiwx4m_kQE/edit#heading=h.y2dgj7b691i1,,Instructions Missing,PS Eligible,,,,,,Showcase CAN,,Longtail,4,20,PS Eligible,,10,,,
Task,86dtu2q3w,Showcase USA,active retailers,,[],none,,0,0,,,"Thursday, June 13th 2024, 6:24:25 pm -04:00","Thursday, April 16th 2026, 1:45:56 pm -04:00",,,Matt Smith,VSM - Processing Support,hidden,PS Retailer Hub,[],[],,[PS Retailer Hub],[],,,,,25m,16460 hours,,0,0,,4,Specialty,,Adnela Fejzulovic,,https://fadmin.flippback.com/merchants/5682/dashboard,PS Eligible,,10,https://fadmin.flippback.com/merchants/5682/ftp_files,Weekly,,,,8262,,Roni Grigorian,,,5682,,https://docs.google.com/document/d/1jXmafS1ukJMBMqCdpWOnWn7KzRIVUnuCuHiwx4m_kQE/edit#heading=h.y2dgj7b691i1,,,PS Eligible,,,,,,Showcase US,,Longtail,4,20,PS Eligible,,10,,,
Task,86dubzg5u,Sklar Peppler,active retailers,"Newly onboarded retailer - tier is an estimate
",[],none,,0,0,,,"Monday, August 12th 2024, 10:26:57 am -04:00","Thursday, April 16th 2026, 1:46:07 pm -04:00",,,Matt Smith,VSM - Processing Support,hidden,PS Retailer Hub,[],[],,[PS Retailer Hub],[],,,,,20m,14982 hours,,0,0,,7,"Home Goods, Furniture & Appliances",,Ebony Powell,,https://fadmin.flippback.com/merchants/6694/dashboard,PS Eligible,,10,https://fadmin.flippback.com/merchants/6694/ftp_files,Monthly,,,,11834,,Addie Dobson,,,6694,,https://docs.google.com/document/d/1Yib3G0EcMDWumUjVStC7UO-ApUpqiZTFggYNvhtO_8o/edit#heading=h.y2dgj7b691i1,,,PS Eligible,,,,,,Sklar Peppler,,Longtail,4,15,PS Eligible,,5,,,
Task,86e0k1gx0,Smart & Final,active retailers,"
",[],none,,0,0,,,"Thursday, March 26th 2026, 12:15:58 pm -04:00","Thursday, April 16th 2026, 1:46:43 pm -04:00",,,Matt Smith,VSM - Processing Support,hidden,PS Retailer Hub,[],[],,[PS Retailer Hub],[],,,,,40h,725 hours,,0,,,8,Grocery,,Shabaz Malik,,https://fadmin.flippback.com/merchants/2438/dashboard,PS Eligible,,,https://fadmin.flippback.com/merchants/2438/ftp_files,Weekly,,,,7853,,Diandra Gonzalez Charris,,,2438,,https://docs.google.com/document/d/1L8G-SxRyPXwjSsRG5as3y6Wv-74iWO9-TbKoqveJDa4/edit,,,PS Eligible,,,,,,Smart & Final,,Longtail,,,PS Eligible,,,,,
Task,86e0k1gx4,Smart & Final,active retailers,"
",[],none,,0,0,,,"Thursday, March 26th 2026, 12:15:58 pm -04:00","Thursday, April 16th 2026, 1:46:48 pm -04:00",,,Matt Smith,VSM - Processing Support,hidden,PS Retailer Hub,[],[],,[PS Retailer Hub],[],,,,,40h,725 hours,,0,,,8,Grocery,,Shabaz Malik,,https://fadmin.flippback.com/merchants/2438-1/dashboard,PS Eligible,,,https://fadmin.flippback.com/merchants/2438-1/ftp_files,Bi-Weekly,,,,8004,,Diandra Gonzalez Charris,,,2438-1,,https://docs.google.com/document/d/1L8G-SxRyPXwjSsRG5as3y6Wv-74iWO9-TbKoqveJDa4/edit,,,PS Eligible,,,,,,Smart & Final,,Longtail,,,PS Eligible,,,,,
Task,86e0k1gx8,Smith's Furniture & Appliances,active retailers,"
",[],none,,0,0,,,"Thursday, March 26th 2026, 12:15:58 pm -04:00","Thursday, April 16th 2026, 1:47:05 pm -04:00",,,Matt Smith,VSM - Processing Support,hidden,PS Retailer Hub,[],[],,[PS Retailer Hub],[],,,,,15h,725 hours,,0,,,7,"Home Goods, Furniture & Appliances",,Annastiina Peltola,,https://fadmin.flippback.com/merchants/6271/dashboard,PS Eligible,,,https://fadmin.flippback.com/merchants/6271/ftp_files,Ad-Hoc,,,,12154,,Kayla Summerhayes,,,6271,,https://docs.google.com/document/d/1tkcRT-s5aEqy8bKS-UhsNjGQ8jzUVF58YXf2pFc2TbA/edit?tab=t.0#heading=h.y2dgj7b691i1,,,PS Eligible,,,,,,Smith's Furniture & Appliances,,Longtail,,,PS Eligible,,,,,
Task,86dzp2p96,Smith's GM 706,active retailers,"
",[],none,,0,0,,,"Friday, February 6th 2026, 4:57:39 pm -05:00","Thursday, April 16th 2026, 8:17:35 pm -04:00",,,Matt Smith,VSM - Processing Support,hidden,PS Retailer Hub,[],[],,[PS Retailer Hub],[],,,,,,1149 hours,,0,,,7,N/A,,Adnela Fejzulovic,,https://fadmin.flippback.com/merchants/2553/dashboard,PS Eligible,,,https://fadmin.flippback.com/merchants/2553/ftp_files,Weekly,,,,2673,,Hammna Qureshi,,,2553,,https://docs.google.com/document/d/1vMpgwKQXwOGb4w3AOvlxT84QVEBib0zC_oPnftF_xw4/edit?tab=t.0#heading=h.y2dgj7b691i1,,,OPS,,Kroger,,,,,,No Active Relationship,,,OPS,,,,,
Task,86dzp2p1n,Sobey's Kosher,active retailers,"
",[],none,,0,0,,,"Friday, February 6th 2026, 4:57:19 pm -05:00","Thursday, April 16th 2026, 8:17:43 pm -04:00",,,Matt Smith,VSM - Processing Support,hidden,PS Retailer Hub,[],[],,[PS Retailer Hub],[],,,,,,1149 hours,,0,,,5,Grocery,,Clifford Fernandes,,https://fadmin.flippback.com/merchants/2072/dashboard,PS Eligible,,,https://fadmin.flippback.com/merchants/2072/ftp_files,Weekly,,,,6050,,Kim Potashner,,,2072,,https://docs.google.com/document/u/0/d/1tfIZInIzcxw8duodvZhM7qae44Wijf404rSkywH-mTE/edit,,,OPS,,Sobeys,,,,,,Core PLUS,,,PS Eligible,,,,,
Task,86dzp2p1u,Sobeys Urban Fresh,active retailers,"
",[],none,,0,0,,,"Friday, February 6th 2026, 4:57:19 pm -05:00","Thursday, April 16th 2026, 8:17:53 pm -04:00",,,Matt Smith,VSM - Processing Support,hidden,PS Retailer Hub,[],[],,[PS Retailer Hub],[],,,,,,1149 hours,,0,,,7,Grocery,,Jessica Tam,,https://fadmin.flippback.com/merchants/2072/dashboard,PS Eligible,,,https://fadmin.flippback.com/merchants/2072/ftp_files,Weekly,,,,6049,,Kim Potashner,,,2072,,https://docs.google.com/document/d/1hZjFwxtu5HDNS_STO1nqRPNi_3zSzc-puy95h05uv7I/edit,,,OPS,,Sobeys,,,,,,Core PLUS,,,PS Eligible,,,,,
Task,86dv34yz2,Sport Chek,active retailers,"Vendor Setup is just entering flyer ID and marking ready in VAST.
",[],none,,0,0,,,"Monday, November 4th 2024, 9:55:16 am -05:00","Thursday, April 16th 2026, 8:18:01 pm -04:00",,,Matt Smith,VSM - Processing Support,hidden,PS Retailer Hub,[],[],,[PS Retailer Hub],[],,,,,,12934 hours,,0,0,,,Sports & Outdoor,,Annastiina Peltola,,https://fadmin.flippback.com/merchants/413/dashboard,PS Eligible,,20,https://fadmin.flippback.com/merchants/413/ftp_files,Ad-Hoc,,,,10,,Rachel Kyryliuk,,,413,,https://docs.google.com/document/d/1nOsi_qfa0RIx9gAXmgXWdlid7AtBxyniunec8Qs3nWo/edit?usp=sharing,,,OPS,,,,,,Sport Chek,,Core PLUS,2,25,PS Eligible,,5,,,
Task,86dtu2q49,Spring Market (Monthly),active retailers,,[],none,,0,0,,,"Thursday, June 13th 2024, 6:24:30 pm -04:00","Thursday, April 16th 2026, 11:24:11 am -04:00",,,Matt Smith,VSM - Processing Support,hidden,PS Retailer Hub,[],[],,[PS Retailer Hub],[],,,,,,16460 hours,,0,0,,6,Grocery,,Marion Kang,,https://fadmin.flippback.com/merchants/5490/dashboard,PS Eligible,,20,https://fadmin.flippback.com/merchants/5490/ftp_files,Monthly,,,,10561,,Hammna Qureshi,,,5490,,https://docs.google.com/document/d/1DCZRfxseova3j51zVZTu3nyjHr9YlAybdBkiR2v-dqY/edit?usp=sharing,,Generic Instructions,PS Eligible,,,,,,Spring Market (Monthly),,Longtail,2,30,PS Eligible,,10,,,"Monday, February 23rd 2026"
Task,86dtu2q4k,Sprouts,active retailers,"Ensure to update vendor tasks with the linking document. 
When tagging links using the Sprouts Linking Document spreadsheet, items must use the ""Link Title"" copy and pasted into the Name field

",[],none,,0,0,,,"Thursday, June 13th 2024, 6:24:33 pm -04:00","Thursday, April 16th 2026, 1:54:38 pm -04:00",,,Matt Smith,VSM - Processing Support,hidden,PS Retailer Hub,[],[],,[PS Retailer Hub],[],,,,,1h,16460 hours,,0,5,,6,Grocery,,Clifford Fernandes,,https://fadmin.flippback.com/merchants/2419/dashboard,PS Eligible,,45,https://fadmin.flippback.com/merchants/2419/ftp_files,Weekly,,,,7981,,Kayla Summerhayes,,,2419,,https://docs.google.com/document/d/1Vj5THG-kTJpJ-LsTTj5a44oFrKhurtmkSi2ali132k8/edit?tab=t.0#heading=h.y2dgj7b691i1,,Instructions Missing,PS Eligible,,,1,,,Sprouts (Weekly),,Longtail,2,50,PS Eligible,,0,,,"Sunday, February 7th 2027"
Task,86durc3fh,Staples Canada,active retailers,,[],none,,0,0,,,"Wednesday, September 25th 2024, 3:37:05 pm -04:00","Thursday, April 16th 2026, 1:54:56 pm -04:00",,,Matt Smith,VSM - Processing Support,hidden,PS Retailer Hub,[],[],,[PS Retailer Hub],[],,,,,35m,13606 hours,,0,0,,6,Office Supplies,,Ebony Powell,,https://fadmin.flippback.com/merchants/232/dashboard,PS Eligible,,40,https://fadmin.flippback.com/merchants/232/ftp_files,Monthly,,,,2802,,Hammna Qureshi,,,232,,https://docs.google.com/document/d/1O11mnxwQZGBYewJgG5L35J2-FYkTW3xcowA7sntsqvE/edit?usp=sharing,,Instructions Missing,PS Eligible,,,,,,Staples Canada,,Core,1,60,PS Eligible,,20,,,
Task,86durc3f3,Staples Preferred,active retailers,,[],none,,0,0,,,"Wednesday, September 25th 2024, 3:37:03 pm -04:00","Thursday, April 16th 2026, 1:55:02 pm -04:00",,,Matt Smith,VSM - Processing Support,hidden,PS Retailer Hub,[],[],,[PS Retailer Hub],[],,,,,,13606 hours,,0,0,,6,Office Supplies,,Ebony Powell,,https://fadmin.flippback.com/merchants/2756/dashboard,PS Eligible,,40,https://fadmin.flippback.com/merchants/2756/ftp_files,Ad-Hoc,,,,2797,,Hammna Qureshi,,,2756,,https://docs.google.com/document/d/1O11mnxwQZGBYewJgG5L35J2-FYkTW3xcowA7sntsqvE/edit?usp=sharing,,Instructions Missing,PS Eligible,,,,,,Staples Preferred,,Core,1,60,PS Eligible,,20,,,
Task,86e0ku9ku,Staples Professional,active retailers,"
",[],none,,0,0,,,"Friday, March 27th 2026, 12:54:52 pm -04:00","Thursday, April 16th 2026, 1:55:06 pm -04:00",,,Matt Smith,VSM - Processing Support,hidden,PS Retailer Hub,[],[],,[PS Retailer Hub],[],,,,,35h,725 hours,,0,,,6,Office Supplies,,Ebony Powell,,https://fadmin.flippback.com/merchants/4614/dashboard,PS Eligible,,,https://fadmin.flippback.com/merchants/4614/ftp_files,Monthly,,,,6753,,Hammna Qureshi,,,4614,,https://docs.google.com/document/d/1O11mnxwQZGBYewJgG5L35J2-FYkTW3xcowA7sntsqvE/edit,,,PS Eligible,,,,,,Staples Professional,,Core,,,PS Eligible,,,,,
Task,86e0ku9mh,Staples Professional,active retailers,"
",[],none,,0,0,,,"Friday, March 27th 2026, 12:54:52 pm -04:00","Thursday, April 16th 2026, 1:55:12 pm -04:00",,,Matt Smith,VSM - Processing Support,hidden,PS Retailer Hub,[],[],,[PS Retailer Hub],[],,,,,35h,725 hours,,0,,,6,Office Supplies,,Ebony Powell,,https://fadmin.flippback.com/merchants/4614/dashboard,PS Eligible,,,https://fadmin.flippback.com/merchants/4614/ftp_files,Monthly,,,,11909,,Hammna Qureshi,,,4614,,https://docs.google.com/document/d/1O11mnxwQZGBYewJgG5L35J2-FYkTW3xcowA7sntsqvE/edit,,,PS Eligible,,,,,,Staples Professional,,Core,,,PS Eligible,,,,,
Task,86durc3e0,Staples Professional (11147),active retailers,"This has the same Upload/ FQC process as the other Staples Professional flyer type (just with different pages).
",[],none,,0,0,,,"Wednesday, September 25th 2024, 3:37:01 pm -04:00","Thursday, April 16th 2026, 1:55:16 pm -04:00",,,Matt Smith,VSM - Processing Support,hidden,PS Retailer Hub,[],[],,[PS Retailer Hub],[],,,,,35m,13606 hours,,0,0,,6,Office Supplies,,Ebony Powell,,https://fadmin.flippback.com/merchants/4614/dashboard,PS Eligible,,25,https://fadmin.flippback.com/merchants/4614/ftp_files,Monthly,,,,11147,,Hammna Qureshi,,,4614,,https://docs.google.com/document/d/1O11mnxwQZGBYewJgG5L35J2-FYkTW3xcowA7sntsqvE/edit?usp=sharing,,Instructions Missing,PS Eligible,,,,,,Staples Professional (11147),,Core,1,45,PS Eligible,,20,,,
Task,86durc3ej,Staples Professional (5782),active retailers,,[],none,,0,0,,,"Wednesday, September 25th 2024, 3:37:02 pm -04:00","Thursday, April 16th 2026, 1:55:23 pm -04:00",,,Matt Smith,VSM - Processing Support,hidden,PS Retailer Hub,[],[],,[PS Retailer Hub],[],,,,,35m,13606 hours,,0,0,,,Office Supplies,,Ebony Powell,,https://fadmin.flippback.com/merchants/4614/dashboard,PS Eligible,,25,https://fadmin.flippback.com/merchants/4614/ftp_files,Monthly,,,,5782,,Hammna Qureshi,,,4614,,https://docs.google.com/document/d/1O11mnxwQZGBYewJgG5L35J2-FYkTW3xcowA7sntsqvE/edit?usp=sharing,,Instructions Missing,PS Eligible,,,,,,Staples Professional (5782),,Core,1,45,PS Eligible,,20,,,
Task,86dzp2p1v,Star Market,active retailers,"
",[],none,,0,0,,,"Friday, February 6th 2026, 4:57:19 pm -05:00","Thursday, April 9th 2026, 10:40:44 am -04:00",,,Matt Smith,VSM - Processing Support,hidden,PS Retailer Hub,[],[],,[PS Retailer Hub],[],,,,,,1149 hours,,0,,,9,Grocery,,Annastiina Peltola,,https://fadmin.flippback.com/merchants/3083/dashboard,PS Eligible,,,https://fadmin.flippback.com/merchants/3083/ftp_files,Weekly,,,,8241,,Julia Burch,,,3083,,https://docs.google.com/document/d/183GtNwUcM9JLHJpxIRREZrJXAirNAP8ctKJ5I8aFeS8/edit#heading=h.y2dgj7b691i1,,,OPS,,ABSCo,6,,,,,Core PLUS,,,PS Eligible,,,,,
Task,86dzp2p28,Star Market - BBS,active retailers,"
",[],none,,0,0,,,"Friday, February 6th 2026, 4:57:20 pm -05:00","Thursday, April 9th 2026, 10:40:44 am -04:00",,,Matt Smith,VSM - Processing Support,hidden,PS Retailer Hub,[],[],,[PS Retailer Hub],[],,,,,,1149 hours,,0,,,8,Grocery,,Annastiina Peltola,,https://fadmin.flippback.com/merchants/3083/dashboard,PS Eligible,,,https://fadmin.flippback.com/merchants/3083/ftp_files,Ad-Hoc,,,,10662,,Julia Burch,,,3083,,https://docs.google.com/document/d/183GtNwUcM9JLHJpxIRREZrJXAirNAP8ctKJ5I8aFeS8/edit#heading=h.y2dgj7b691i3,,,OPS,,ABSCo,5,,,,,Core PLUS,,,PS Eligible,,,,,
Task,86dzp2p2e,Star Market - Entertaining Guide,active retailers,"
",[],none,,0,0,,,"Friday, February 6th 2026, 4:57:21 pm -05:00","Thursday, April 9th 2026, 10:40:44 am -04:00",,,Matt Smith,VSM - Processing Support,hidden,PS Retailer Hub,[],[],,[PS Retailer Hub],[],,,,,,1149 hours,,0,,,3,Grocery,,Annastiina Peltola,,https://fadmin.flippback.com/merchants/3083/dashboard,PS Eligible,,,https://fadmin.flippback.com/merchants/3083/ftp_files,Ad-Hoc,,,,10892,,Julia Burch,,,3083,,https://docs.google.com/document/d/183GtNwUcM9JLHJpxIRREZrJXAirNAP8ctKJ5I8aFeS8/edit#heading=h.y2dgj7b691i4,,,OPS,,ABSCo,1,,,,,Core PLUS,,,PS Eligible,,,,,
Task,86dzp2p20,Star Market - GMI,active retailers,"
",[],none,,0,0,,,"Friday, February 6th 2026, 4:57:20 pm -05:00","Thursday, April 9th 2026, 10:40:44 am -04:00",,,Matt Smith,VSM - Processing Support,hidden,PS Retailer Hub,[],[],,[PS Retailer Hub],[],,,,,,1149 hours,,0,,,9,Grocery,,Annastiina Peltola,,https://fadmin.flippback.com/merchants/3083/dashboard,PS Eligible,,,https://fadmin.flippback.com/merchants/3083/ftp_files,Ad-Hoc,,,,11479,,Julia Burch,,,3083,,https://docs.google.com/document/d/183GtNwUcM9JLHJpxIRREZrJXAirNAP8ctKJ5I8aFeS8/edit#heading=h.y2dgj7b691i2,,,OPS,,ABSCo,6,,,,,Core PLUS,,,PS Eligible,,,,,
Task,86dtu2q4q,Starsky,active retailers,"When retailer confirms that files were uploaded, the send files for 2 weeks. You can upload the 2 weeks at the same time, make sure you are uploding in the correct flyer run. Files are named with the dates they should go live.
",[],none,,0,0,,,"Thursday, June 13th 2024, 6:24:34 pm -04:00","Thursday, April 16th 2026, 1:57:23 pm -04:00",,,Matt Smith,VSM - Processing Support,hidden,PS Retailer Hub,[],[],,[PS Retailer Hub],[],,,,,20m,16460 hours,,0,0,,6,Grocery,,,,https://fadmin.flippback.com/merchants/2615/dashboard,PS Eligible,,15,https://fadmin.flippback.com/merchants/2615/ftp_files,Weekly,,,,2523,,Roni Grigorian,,,2615,,https://docs.google.com/document/d/1i8-Y5ZltoCiqe8qUj8zdZfwzAN20XrcXINySRfqffAQ/edit?tab=t.0#heading=h.35qcqd1orzvx,,,PS Eligible,,,,,,Starsky,,Longtail,4,15,PS Eligible,,0,,,"Wednesday, September 23rd 2026"
Task,86dtu2q4v,Stater Bros. Markets,active retailers,"Currently going through CUSAT issues, DOC will be taking some things back occassionally
",[],none,,0,0,,,"Thursday, June 13th 2024, 6:24:36 pm -04:00","Thursday, April 9th 2026, 10:40:44 am -04:00",,,Matt Smith,VSM - Processing Support,hidden,PS Retailer Hub,[],[],,[PS Retailer Hub],[],,,,,40m,1149 hours,,0,5,,4,Grocery,,Ebony Powell,,https://flyers.merchants.wishabi.ca/merchants/2525/dashboard,PS Eligible,,10,https://flyers.merchants.wishabi.ca/merchants/2525/ftp_files,Weekly,,,,1474,,Rachel Kyryliuk,,,2525,,https://docs.google.com/document/d/1gh7aZLBiPyuZ3qIZQD06_vyn4X7DHpePwAF2gXqRElA/edit,,,,,,3,,,,,Core,3,15,PS Eligible,,0,,,
Task,86e0k1gxe,Stokes Canada,active retailers,"
",[],none,,0,0,,,"Thursday, March 26th 2026, 12:15:59 pm -04:00","Thursday, April 16th 2026, 1:57:36 pm -04:00",,,Matt Smith,VSM - Processing Support,hidden,PS Retailer Hub,[],[],,[PS Retailer Hub],[],,,,,65h,725 hours,,0,,,7,Home Improvement,,Rushia Fernandes,,https://fadmin.flippback.com/merchants/2608/dashboard,PS Eligible,,,https://fadmin.flippback.com/merchants/2608/ftp_files,Monthly,,,,2494,,Hannah Schiff-Kearn,,,2608,,https://docs.google.com/document/d/1TYqSWUoQjrsc0DK7tFlDeUFEYlJn9H8YFykYdFUEL4c/edit?usp=sharing,,,PS Eligible,,,,,,Stokes Canada,,Longtail,,,PS Eligible,,,,,
Task,86e0k1gjf,Stop & Shop,active retailers,"
",[],none,,0,0,,,"Thursday, March 26th 2026, 12:15:41 pm -04:00","Thursday, April 16th 2026, 1:57:54 pm -04:00",,,Matt Smith,VSM - Processing Support,hidden,PS Retailer Hub,[],[],,[PS Retailer Hub],[],,,,,120h,725 hours,,0,,,8,Grocery,,Adnela Fejzulovic,,https://fadmin.flippback.com/merchants/2393/dashboard,OPS,,,https://fadmin.flippback.com/merchants/2393/ftp_files,Weekly,,,,5115,,Jenna Toppan,,,2393,,https://docs.google.com/document/d/1_QakDsRnIaJxYVckQgnHHolXDvpAr4ICQYfk0s4bU3w/edit?tab=t.0#heading=h.y2dgj7b691i1,,,OPS,,,,,,Stop & Shop,,Core,,,PS Eligible,,,,,
Task,86e0k1gxk,Strack and Van Til,active retailers,"Please complete Upload before 3pm EST on Monday before go-live.
Please FQC vefore 12pm EST on Tuesday (the go-live date)
",[],none,,0,0,,,"Thursday, March 26th 2026, 12:15:59 pm -04:00","Thursday, April 16th 2026, 1:58:05 pm -04:00",,,Matt Smith,VSM - Processing Support,hidden,PS Retailer Hub,[],[],,[PS Retailer Hub],[],,,,,60h,725 hours,,0,,,3,Grocery,,Clifford Fernandes,,https://fadmin.flippback.com/merchants/2423/dashboard,PS Eligible,,,https://fadmin.flippback.com/merchants/2423/ftp_files,Weekly,,,,6018,,Sabrina Ho,,,2423,,https://docs.google.com/document/d/1V-O0xk9rAH0Ei_J8MWghuXQasJr9i7OuZzM3GHIL2FU/edit?tab=t.0#heading=h.y2dgj7b691i1,,,PS Eligible,,,,,,Strack and Van Til,,Longtail,,,PS Eligible,,,,,
Task,86dtu2q4z,Super 1 Foods & Discount Pharmacy (Monthly),active retailers,,[],none,,0,0,,,"Thursday, June 13th 2024, 6:24:38 pm -04:00","Thursday, April 16th 2026, 2:42:01 pm -04:00",,,Matt Smith,VSM - Processing Support,hidden,PS Retailer Hub,[],[],,[PS Retailer Hub],[],,,,,,16460 hours,,0,10,,6,Grocery,,Marion Kang,,https://fadmin.flippback.com/merchants/2947/dashboard,PS Eligible,,20,https://fadmin.flippback.com/merchants/2947/ftp_files,Monthly,,,,7857,,Hammna Qureshi,,,2947,,https://docs.google.com/document/d/1DCZRfxseova3j51zVZTu3nyjHr9YlAybdBkiR2v-dqY/edit?usp=sharing,,Generic Instructions,PS Eligible,,,,,,Super 1 Foods & Discount Pharmacy,,Longtail,4,50,PS Eligible,,20,,,"Monday, February 23rd 2026"
Task,86dtu2q57,Super King Markets,active retailers,,[],none,,0,0,,,"Thursday, June 13th 2024, 6:24:41 pm -04:00","Thursday, April 16th 2026, 3:00:38 pm -04:00",,,Matt Smith,VSM - Processing Support,hidden,PS Retailer Hub,[],[],,[PS Retailer Hub],[],,,,,,16460 hours,,0,5,,7,Grocery,,Ebony Powell,,https://fadmin.flippback.com/merchants/2633/dashboard,PS Eligible,,20,https://fadmin.flippback.com/merchants/2633/ftp_files,Weekly,,,,6807,,SE,,,2633,,https://docs.google.com/document/d/168CmPhqguU7Xu8oqwks8aZ5siCvMXlOZBfK2Iv1rlhg/edit#heading=h.y2dgj7b691i1,,,OPS,,,,,,Super King Markets,,Longtail,3,45,PS Eligible,,20,,,"Tuesday, October 27th 2026"
Task,86dzp0zbu,Super Value Liquor,active retailers,"
",[],none,,0,0,,,"Friday, February 6th 2026, 3:48:06 pm -05:00","Thursday, April 16th 2026, 3:01:11 pm -04:00",,,Matt Smith,VSM - Processing Support,hidden,PS Retailer Hub,[],[],,[PS Retailer Hub],[],,,,,15h,1990 hours,,0,,,3,"Alcohol, Wine and Spirits",,Kayla Summerhayes,,https://fadmin.flippback.com/merchants/6639/dashboard,PS Eligible,,,https://fadmin.flippback.com/merchants/6639/ftp_files,Monthly,,,,11717,,Kayla Summerhayes,,,6639,,https://docs.google.com/document/d/1YIXOZMz7FzuAUjyB0ahGowGb6P_loDvYqtSAdkk7E0E/edit?tab=t.0#heading=h.y2dgj7b691i1,,,PS Eligible,,,,,,Super Value Liquor,,Longtail,Longtail,,PS Eligible,,,,,
Task,86dtu2q5c,Superior Grocers,active retailers,,[],none,,0,0,,,"Thursday, June 13th 2024, 6:24:42 pm -04:00","Thursday, April 16th 2026, 2:21:18 pm -04:00",,,Matt Smith,VSM - Processing Support,hidden,PS Retailer Hub,[],[],,[PS Retailer Hub],[],,,,,,16460 hours,,0,0,,5,Grocery,,Rushia Fernandes,,https://fadmin.flippback.com/merchants/2555/dashboard,PS Eligible,,20,https://fadmin.flippback.com/merchants/2555/ftp_files,Weekly,,,,3538,,SE,,,2555,,https://docs.google.com/document/d/19g80rubvdkX1IAyi8TPe649_G-VQXmT8zMwIYQ3QVCc/edit#heading=h.y2dgj7b691i1,,,OPS,,,,,,Superior Grocers,,Longtail,3,35,PS Eligible,,15,,,"Tuesday, September 29th 2026"
Task,86e0k1gxm,Supermarche Aures,active retailers,"
",[],none,,0,0,,,"Thursday, March 26th 2026, 12:15:59 pm -04:00","Thursday, April 16th 2026, 3:08:33 pm -04:00",,,Matt Smith,VSM - Processing Support,hidden,PS Retailer Hub,[],[],,[PS Retailer Hub],[],,,,,20h,725 hours,,0,,,7,N/A,,Annastiina Peltola,,https://fadmin.flippback.com/merchants/6798/dashboard,PS Eligible,,,https://fadmin.flippback.com/merchants/6798/ftp_files,Weekly,,,,12123,,Megan Kernaghan,,,6798,,https://docs.google.com/document/d/1ixgAZDr5ZaGEbQcBNP0J4msyQrpjo74slSKDyKqhRQ4/edit?tab=t.0#heading=h.y2dgj7b691i1,,,PS Eligible,,,,,,Supermarche Aures,,Longtail,,,PS Eligible,,,,,
Task,86dvy3zkn,Supermarche PA,active retailers,"Files are usually late - recieved Wednesday or Thursday morning, for a Monday Go-live. Processing is completed overnight, for a Friday FQC
",[],none,,0,0,,,"Friday, February 7th 2025, 10:52:48 am -05:00","Thursday, April 16th 2026, 3:09:00 pm -04:00",,,Matt Smith,VSM - Processing Support,hidden,PS Retailer Hub,[],[],,[PS Retailer Hub],[],,,,,,10725 hours,,0,5,,4,Grocery,,Annastiina Peltola,,https://fadmin.flippback.com/merchants/3287/dashboard,PS Eligible,,10,https://fadmin.flippback.com/merchants/3287/ftp_files,Weekly,,,,11930,,Megan Kernaghan,,,3287,,https://docs.google.com/document/d/1Y3nsoo_toFQzFlvimccaZq6FMgBV-pGicYWDkHhKnUQ/edit?tab=t.0#heading=h.y2dgj7b691i1,,,PS Eligible,,,,,,Supermarche PA,,Longtail,3,25,PS Eligible,,10,,,"Sunday, January 31st 2027"
Task,86dtu2q5e,Supermercado Nuestra Familia,active retailers,,[],none,,0,0,,,"Thursday, June 13th 2024, 6:24:43 pm -04:00","Friday, April 17th 2026, 10:05:14 am -04:00",,,Matt Smith,VSM - Processing Support,hidden,PS Retailer Hub,[],[],,[PS Retailer Hub],[],,,,,,16460 hours,,0,,,6,Grocery,,Marion Kang,,https://fadmin.flippback.com/merchants/2693/dashboard,PS Eligible,,,https://fadmin.flippback.com/merchants/2693/ftp_files,Weekly,,,,6883,,Rachel Kyryliuk,,,2693,,https://docs.google.com/document/d/1MkfyV7F21rJR1GpeuFVyWdRN-aXL9GZ6sOSpYnsh4EU/edit?tab=t.0#heading=h.y2dgj7b691i1,,,OPS,,,,,,Supermercado Nuestra Familia,,Longtail,5,,PS Eligible,,,,,"Saturday, December 26th 2026"
Task,86dw8mx4v,Sutherlands,active retailers,,[],none,,0,0,,,"Friday, March 14th 2025, 3:28:23 pm -04:00","Thursday, April 16th 2026, 3:10:52 pm -04:00",,,Matt Smith,VSM - Processing Support,hidden,PS Retailer Hub,[],[],,[PS Retailer Hub],[],,,,,,9822 hours,,0,,,5,Grocery,,Ebony Powell,,https://fadmin.flippback.com/merchants/6678/dashboard,PS Eligible,,10,https://fadmin.flippback.com/merchants/6678/ftp_files,Bi-Weekly,,,,11786,,SE,,,6678,,https://docs.google.com/document/d/1Ppz_xRoey75RYpEdbCm8ZOC5tuv_bN1ovnWezX0NOkY/edit?tab=t.0,,,OPS,,,,,,Sutherlands,,Longtail,4,20,PS Eligible,,10,,,"Wednesday, March 11th 2026"
Task,86dtu2q5n,TA Appliances,active retailers,,[],none,,0,0,,,"Thursday, June 13th 2024, 6:24:47 pm -04:00","Thursday, April 16th 2026, 3:11:48 pm -04:00",,,Matt Smith,VSM - Processing Support,hidden,PS Retailer Hub,[],[],,[PS Retailer Hub],[],,,,,,16460 hours,,0,0,,,"Home Goods, Furniture & Appliances",,Marion Kang,,https://fadmin.flippback.com/merchants/4337/dashboard,PS Eligible,,10,https://fadmin.flippback.com/merchants/4337/ftp_files,Ad-Hoc,,,,4738,,SE,,,4337,,https://docs.google.com/document/d/1mzUF_sxe_LLBeS0MDTNlbgE-aLiU9HAJOJOlS-LoqvU/edit?tab=t.0#heading=h.ksibp83ykgmq,,,OPS,,,,,,TA Appliances,,Longtail,5,20,PS Eligible,,10,,,
Task,86e0k1gxv,Target USA,active retailers,"
",[],none,,0,0,,,"Thursday, March 26th 2026, 12:16:00 pm -04:00","Thursday, April 16th 2026, 3:11:59 pm -04:00",,,Matt Smith,VSM - Processing Support,hidden,PS Retailer Hub,[],[],,[PS Retailer Hub],[],,,,,15h,725 hours,,0,,,8,General Merch,,Ebony Powell,,https://fadmin.flippback.com/merchants/2040/dashboard,PS Eligible,,,https://fadmin.flippback.com/merchants/2040/ftp_files,Weekly,,,,381,,Diandra Gonzalez Charris,,,2040,,https://docs.google.com/document/d/1m3ksvWvVVnqCPrezgSm9kb3IEjxwyU1cZer03jXy5A4/edit#heading=h.y2dgj7b691i1,,,OPS,,,,,,Target USA,,Longtail,,,PS Eligible,,,,,
Task,86dtu2q5r,Tbaytel,active retailers,,[],none,,0,0,,,"Thursday, June 13th 2024, 6:24:48 pm -04:00","Thursday, April 16th 2026, 3:12:08 pm -04:00",,,Matt Smith,VSM - Processing Support,hidden,PS Retailer Hub,[],[],,[PS Retailer Hub],[],,,,,30m,16460 hours,,0,10,,7,Electronics,,Ebony Powell,,https://fadmin.flippback.com/merchants/6053/dashboard,PS Eligible,,10,https://fadmin.flippback.com/merchants/6053/ftp_files,Ad-Hoc,,,,9789,,Hannah Schiff-Kearn,,,6053,,https://docs.google.com/document/d/171McxQPaC0tnEUuNWkR9pAH5y6URhtmuFLVzI4OOCkw/edit?tab=t.0#heading=h.y2dgj7b691i1,,,PS Eligible,,,,,,Tbaytel,,Longtail,4,30,PS Eligible,,10,,,
Task,86dtu2q62,Tepperman's (Catalogue),active retailers,"FQC must be completed before NOON the day before go live

",[],none,Updated:  https://flippit.atlassian.net/jira/core/projects/FLX/board?filter=type%20%3D%20%22Flex%20-%20Processing%20Support%20Retailer%20Changes%22&selectedIssue=FLX-482  ,1,0,,,"Thursday, June 13th 2024, 6:24:50 pm -04:00","Thursday, April 16th 2026, 3:12:36 pm -04:00",,,Matt Smith,VSM - Processing Support,hidden,PS Retailer Hub,[],[],,[PS Retailer Hub],[],,,,,,16460 hours,,0,0,,,"Home Goods, Furniture & Appliances",,Ebony Powell,,https://fadmin.flippback.com/merchants/2079/dashboard,PS Eligible,,0,https://fadmin.flippback.com/merchants/2079/ftp_files,Ad-Hoc,,,,6446,,Addie Dobson,,,2079,,https://docs.google.com/document/d/1TopC05KCtwPfSYUC05-p7MnPsoTPK0IA_2A68J7x9qw/edit?tab=t.0#heading=h.y2dgj7b691i1,,,OPS,,,,,,Tepperman's (Catalogue),,Longtail,3,15,PS Eligible,,15,,,
Task,86dtu2q65,Tepperman's (Outlet),active retailers,"FQC must be completed before NOON the day before go live

",[],none,Updated:    https://flippit.atlassian.net/jira/core/projects/FLX/board?filter=type%20%3D%20%22Flex%20-%20Processing%20Support%20Retailer%20Changes%22&selectedIssue=FLX-481  ,1,0,,,"Thursday, June 13th 2024, 6:24:51 pm -04:00","Thursday, April 16th 2026, 3:12:41 pm -04:00",,,Matt Smith,VSM - Processing Support,hidden,PS Retailer Hub,[],[],,[PS Retailer Hub],[],,,,,,16460 hours,,0,0,,12,"Home Goods, Furniture & Appliances",,Ebony Powell,,https://fadmin.flippback.com/merchants/2079/dashboard,PS Eligible,,0,https://fadmin.flippback.com/merchants/2079/ftp_files,Weekly,,,,2894,,Addie Dobson,,,2079,,https://docs.google.com/document/d/1TopC05KCtwPfSYUC05-p7MnPsoTPK0IA_2A68J7x9qw/edit?tab=t.0#heading=h.y2dgj7b691i1,,,OPS,,,,,,Tepperman's (Outlet),,Longtail,3,15,PS Eligible,,15,,,
Task,86dtu2q67,Tepperman's (Weekly),active retailers,"FQC must be completed by NOON the day before go live

",[],none,Updated:  https://flippit.atlassian.net/jira/core/projects/FLX/board?filter=type%20%3D%20%22Flex%20-%20Processing%20Support%20Retailer%20Changes%22&selectedIssue=FLX-480  ,1,0,,,"Thursday, June 13th 2024, 6:24:52 pm -04:00","Thursday, April 16th 2026, 3:12:47 pm -04:00",,,Matt Smith,VSM - Processing Support,hidden,PS Retailer Hub,[],[],,[PS Retailer Hub],[],,,,,,16460 hours,,0,60,,12,"Home Goods, Furniture & Appliances",,Ebony Powell,,https://fadmin.flippback.com/merchants/2079/dashboard,PS Eligible,,0,https://fadmin.flippback.com/merchants/2079/ftp_files,Weekly,,,,2922,,Addie Dobson,,,2079,,https://docs.google.com/document/d/1TopC05KCtwPfSYUC05-p7MnPsoTPK0IA_2A68J7x9qw/edit?tab=t.0#heading=h.y2dgj7b691i1,,,OPS,,,,,,Tepperman's (Weekly),,Longtail,3,80,PS Eligible,,20,,,"Tuesday, February 17th 2026"
Task,86dzp0zcy,The Beer Store,active retailers,"
",[],none,,0,0,,,"Friday, February 6th 2026, 3:48:07 pm -05:00","Thursday, April 16th 2026, 3:13:40 pm -04:00",,,Matt Smith,VSM - Processing Support,hidden,PS Retailer Hub,[],[],,[PS Retailer Hub],[],,,,,15h,1990 hours,,0,,,4,"Alcohol, Wine and Spirits",,Kayla Summerhayes,,https://fadmin.flippback.com/merchants/4577/dashboard,PS Eligible,,,https://fadmin.flippback.com/merchants/4577/ftp_files,Weekly,,,,5482,,Kayla Summerhayes,,,4577,,https://docs.google.com/document/d/1eEEuBTChFf1hsW7JZvBM_bOBLX8pSbOWJwegGjvkZDw/edit?tab=t.0#heading=h.y2dgj7b691i1,,,PS Eligible,,,,,,The Beer Store,,Longtail,Longtail,,PS Eligible,,,,,
Task,86e0k1gjj,The Brick,active retailers,"
",[],none,,0,0,,,"Thursday, March 26th 2026, 12:15:41 pm -04:00","Thursday, April 16th 2026, 2:20:36 pm -04:00",,,Matt Smith,VSM - Processing Support,hidden,PS Retailer Hub,[],[],,[PS Retailer Hub],[],,,,,306h,725 hours,,0,,,7,"Home Goods, Furniture & Appliances",,Jessica Tam,,https://fadmin.flippback.com/merchants/221/dashboard,PS Eligible,,,https://fadmin.flippback.com/merchants/221/ftp_files,Weekly,,,,146,,Jenna Toppan,,,221,,https://docs.google.com/document/d/1-LJ4fbKhG5-ZyNT-6IHiUt3nJFsWLPFUkgLIAMwp5LE/edit?tab=t.0,,,PS Eligible,,,,,,The Brick,,Core,,,PS Eligible,,,,,
Task,86e0k1gjp,The Brick,active retailers,"
",[],none,,0,0,,,"Thursday, March 26th 2026, 12:15:41 pm -04:00","Thursday, April 16th 2026, 2:20:34 pm -04:00",,,Matt Smith,VSM - Processing Support,hidden,PS Retailer Hub,[],[],,[PS Retailer Hub],[],,,,,100h,725 hours,,0,,,7,"Home Goods, Furniture & Appliances",,Jessica Tam,,https://fadmin.flippback.com/merchants/221/dashboard,PS Eligible,,,https://fadmin.flippback.com/merchants/221/ftp_files,Weekly,,,,167,,Jenna Toppan,,,221,,https://docs.google.com/document/d/1-LJ4fbKhG5-ZyNT-6IHiUt3nJFsWLPFUkgLIAMwp5LE/edit?tab=t.0,,,PS Eligible,,,,,,The Brick,,Core,,,PS Eligible,,,,,
Task,86e0k1gk2,The Brick,active retailers,"
",[],none,,0,0,,,"Thursday, March 26th 2026, 12:15:42 pm -04:00","Thursday, April 16th 2026, 2:20:25 pm -04:00",,,Matt Smith,VSM - Processing Support,hidden,PS Retailer Hub,[],[],,[PS Retailer Hub],[],,,,,75h,725 hours,,0,,,7,"Home Goods, Furniture & Appliances",,Jessica Tam,,https://fadmin.flippback.com/merchants/221/dashboard,PS Eligible,,,https://fadmin.flippback.com/merchants/221/ftp_files,Weekly,,,,7307,,Jenna Toppan,,,221,,https://docs.google.com/document/d/1-LJ4fbKhG5-ZyNT-6IHiUt3nJFsWLPFUkgLIAMwp5LE/edit?tab=t.0,,,PS Eligible,,,,,,The Brick,,Core,,,PS Eligible,,,,,
Task,86e0k1gy3,The Flooring Warehouse,active retailers,"
",[],none,,0,0,,,"Thursday, March 26th 2026, 12:16:00 pm -04:00","Thursday, April 16th 2026, 1:58:34 pm -04:00",,,Matt Smith,VSM - Processing Support,hidden,PS Retailer Hub,[],[],,[PS Retailer Hub],[],,,,,25h,725 hours,,0,,,7,Home Improvement,,Annastiina Peltola,,https://fadmin.flippback.com/merchants/6816/dashboard,PS Eligible,,,https://fadmin.flippback.com/merchants/6816/ftp_files,Bi-Weekly,,,,12160,,Megan Kernaghan,,,6816,,https://docs.google.com/document/d/1205hxKGwxGXJ4Bu9uczlVOwYLEFZY2RZAmsAPxCTPAc/edit?tab=t.0#heading=h.y2dgj7b691i1,,,PS Eligible,,,,,,The Flooring Warehouse,,Longtail,,,PS Eligible,,,,,
Task,86durc3xt,The Grocery People (weekly),active retailers,"There are two kinds of runs within this flyer type. This is the WEEKLY one

Weekly flyer, goes to most stores, codesheet upload, files submitted by Kevin

Wholesale Market flyer, goes to three specific stores, manual upload, files submitted by Amy
",[],none,Noted as inactive by account team during the Assets Check Audit  ,1,0,,,"Wednesday, September 25th 2024, 3:37:40 pm -04:00","Thursday, April 16th 2026, 11:25:32 am -04:00",,,Matt Smith,VSM - Processing Support,hidden,PS Retailer Hub,[],[],,[PS Retailer Hub],[],,,,,,1149 hours,,0,0,,7,Grocery,,Ebony Powell,,https://fadmin.flippback.com/merchants/3685/dashboard,PS Eligible,,15,https://fadmin.flippback.com/merchants/3685/ftp_files,Weekly,,,,3789,,Hannah Schiff-Kearn,,,3685,,https://docs.google.com/document/d/1aZek4ch2DbXrECkasLSiTpmnjBhIRolxEd8Jmhpm0Fk/edit,,Generic Instructions,OPS,,,,,,,,Core,4,30,PS Eligible,,15,,,
Task,86durc3yc,The Grocery People (wholesale),active retailers,"There are two kinds of runs within this flyer type. This is the WHOLESALE one

Weekly flyer, goes to most stores, codesheet upload, files submitted by Kevin

Wholesale Market flyer, goes to three specific stores, manual upload, files submitted by Amy
",[],none,Noted as inactive by account team during the Assets Check Audit  ,1,0,,,"Wednesday, September 25th 2024, 3:37:42 pm -04:00","Thursday, April 16th 2026, 11:25:36 am -04:00",,,Matt Smith,VSM - Processing Support,hidden,PS Retailer Hub,[],[],,[PS Retailer Hub],[],,,,,,1149 hours,,0,0,,7,Grocery,,Ebony Powell,,https://fadmin.flippback.com/merchants/3685/dashboard,PS Eligible,,15,https://fadmin.flippback.com/merchants/3685/ftp_files,Weekly,,,,3789,,Hannah Schiff-Kearn,,,3685,,https://docs.google.com/document/d/1aZek4ch2DbXrECkasLSiTpmnjBhIRolxEd8Jmhpm0Fk/edit,,Generic Instructions,OPS,,,,,,,,Core,4,30,PS Eligible,,15,,,
Task,86dtu2q6c,The North West Company (GenMerch),active retailers,"Monthly catalogue publications, usually 2-3 per month. File names will either be ""big ticket flyer"", ""price drop"", or ""catalogue"".
",[],none,,0,0,,,"Thursday, June 13th 2024, 6:24:55 pm -04:00","Thursday, April 16th 2026, 11:25:06 am -04:00",,,Matt Smith,VSM - Processing Support,hidden,PS Retailer Hub,[],[],,[PS Retailer Hub],[],,,,,,16460 hours,,0,0,,7,Grocery,,Marion Kang,,https://fadmin.flippback.com/merchants/4620/dashboard,PS Eligible,,5,https://fadmin.flippback.com/merchants/4620/ftp_files,Monthly,,,,6434,,Megan Kernaghan,,,4620,,https://docs.google.com/document/d/1TF9Y76uIwFGCAel6X5d_RgzhFQPW5ZPnJ9Ah3u064Gw/edit?tab=t.0#heading=h.ygtp7f43qtws,,,OPS,,,,,,The North West Company (GenMerch),,Longtail,3,5,OPS,,0,,,
Task,86dtu2q6d,The North West Company (Weekly),active retailers,"There is one weekly publication. Steps explaining this are in the account guide under Upload (sortd processing). Files for this publication are usually ""food flyer pdfs"" followed by the date. Ex: /food flyer pdfs/2023/june 22, 2023
",[],none,,0,0,,,"Thursday, June 13th 2024, 6:24:56 pm -04:00","Thursday, April 16th 2026, 11:25:10 am -04:00",,,Matt Smith,VSM - Processing Support,hidden,PS Retailer Hub,[],[],,[PS Retailer Hub],[],,,,,,16460 hours,,0,10,,7,Grocery,,Marion Kang,,https://fadmin.flippback.com/merchants/4620/dashboard,PS Eligible,,20,https://fadmin.flippback.com/merchants/4620/ftp_files,Weekly,,,,6254,,Megan Kernaghan,,,4620,,https://docs.google.com/document/d/1TF9Y76uIwFGCAel6X5d_RgzhFQPW5ZPnJ9Ah3u064Gw/edit#heading=h.ygtp7f43qtws,,,OPS,,,,,,The North West Company (Weekly),,Longtail,3,30,PS Eligible,,0,,,"Wednesday, December 23rd 2026"
Task,86duwhf8b,The Old Farm Market,active retailers,,[],none,,0,0,,,"Thursday, October 10th 2024, 4:00:07 pm -04:00","Thursday, April 16th 2026, 11:24:43 am -04:00",,,Matt Smith,VSM - Processing Support,hidden,PS Retailer Hub,[],[],,[PS Retailer Hub],[],,,,,,13606 hours,,0,,,3,Grocery,,,,https://fadmin.flippback.com/merchants/6684/dashboard,PS Eligible,,10,https://fadmin.flippback.com/merchants/6684/ftp_files,Weekly,,,,11798,,Jenna Toppan,,,6684,,https://docs.google.com/document/d/1Co46oU7q0gFO_Y4pgsJF_1bBsua4v7l83J_9h-ryx-o/edit#heading=h.y2dgj7b691i1,,,OPS,,,,,,The Old Farm Market,,No Active Relationship,4,20,PS Eligible,,10,,,"Monday, March 24th 2036"
Task,86e0k1gy2,The Paint Shop,active retailers,"
",[],none,,0,0,,,"Thursday, March 26th 2026, 12:16:00 pm -04:00","Thursday, April 16th 2026, 11:10:34 am -04:00",,,Matt Smith,VSM - Processing Support,hidden,PS Retailer Hub,[],[],,[PS Retailer Hub],[],,,,,30h,725 hours,,0,,,7,Home Improvement,,Ebony Powell,,https://fadmin.flippback.com/merchants/5749/dashboard,PS Eligible,,,https://fadmin.flippback.com/merchants/5749/ftp_files,Monthly,,,,8871,,Addie Dobson,,,5749,,https://docs.google.com/document/d/1GR5fSHqhwR7fxkG-E9GmJwKOLUXHSEOyqiS8YWrjdRk/edit?usp=sharing,,,PS Eligible,,,,,,The Paint Shop,,Longtail,,,PS Eligible,,,,,
Task,86dtu2q6e,The Sleep Factory,active retailers,"Retailer does not have a schedule and flyer dates vary. Publicaitons are ad-hoc.
",[],none,,0,0,,,"Thursday, June 13th 2024, 6:24:57 pm -04:00","Thursday, April 16th 2026, 11:10:22 am -04:00",,,Matt Smith,VSM - Processing Support,hidden,PS Retailer Hub,[],[],,[PS Retailer Hub],[],,,,,25m,16460 hours,,0,0,,6,"Home Goods, Furniture & Appliances",,Rushia Fernandes,,https://fadmin.flippback.com/merchants/2745/dashboard,PS Eligible,,10,https://fadmin.flippback.com/merchants/2745/ftp_files,Ad-Hoc,,,,2908,,Megan Kernaghan,,,2745,,https://docs.google.com/document/d/19hkBQHXebTmQ1erBF80fQ3wv4hDZJ27s2oPgzcOEJLY/edit?tab=t.0#heading=h.35qcqd1orzvx,,,PS Eligible,,,,,,The Sleep Factory,,Longtail,4,10,PS Eligible,,0,,,
Task,86e0k1gyk,Tisol,active retailers,"
",[],none,,0,0,,,"Thursday, March 26th 2026, 12:16:01 pm -04:00","Thursday, April 16th 2026, 11:09:12 am -04:00",,,Matt Smith,VSM - Processing Support,hidden,PS Retailer Hub,[],[],,[PS Retailer Hub],[],,,,,35h,725 hours,,0,,,8,Pet Care,,Jessica Tam,,https://fadmin.flippback.com/merchants/4690/dashboard,PS Eligible,,,https://fadmin.flippback.com/merchants/4690/ftp_files,Bi-Weekly,,,,6118,,Rachel Kyryliuk,,,4690,,https://docs.google.com/document/d/1cnCzKzcNPsvax7nX-nrzxz6WMC3RHflPuPHYiYn6oq4/edit#heading=h.y2dgj7b691i1,,,PS Eligible,,,,,,Tisol,,Longtail,,,PS Eligible,,,,,
Task,86e0k1gyr,Tisol,active retailers,"
",[],none,,0,0,,,"Thursday, March 26th 2026, 12:16:01 pm -04:00","Thursday, April 16th 2026, 11:09:15 am -04:00",,,Matt Smith,VSM - Processing Support,hidden,PS Retailer Hub,[],[],,[PS Retailer Hub],[],,,,,20h,725 hours,,0,,,8,Pet Care,,Jessica Tam,,https://fadmin.flippback.com/merchants/4690/dashboard,PS Eligible,,,https://fadmin.flippback.com/merchants/4690/ftp_files,Weekly,,,,12087,,Rachel Kyryliuk,,,4690,,https://docs.google.com/document/d/1cnCzKzcNPsvax7nX-nrzxz6WMC3RHflPuPHYiYn6oq4/edit#heading=h.y2dgj7b691i1,,,PS Eligible,,,,,,Tisol,,Longtail,,,PS Eligible,,,,,
Task,86e0k1gyy,Tisol,active retailers,"
",[],none,,0,0,,,"Thursday, March 26th 2026, 12:16:02 pm -04:00","Thursday, April 16th 2026, 11:09:20 am -04:00",,,Matt Smith,VSM - Processing Support,hidden,PS Retailer Hub,[],[],,[PS Retailer Hub],[],,,,,35h,725 hours,,0,,,8,Pet Care,,Jessica Tam,,https://fadmin.flippback.com/merchants/4690/dashboard,PS Eligible,,,https://fadmin.flippback.com/merchants/4690/ftp_files,Ad-Hoc,,,,11280,,Rachel Kyryliuk,,,4690,,https://docs.google.com/document/d/1cnCzKzcNPsvax7nX-nrzxz6WMC3RHflPuPHYiYn6oq4/edit#heading=h.y2dgj7b691i1,,,PS Eligible,,,,,,Tisol,,Longtail,,,PS Eligible,,,,,
Task,86dzp2p2h,Tom Thumb,active retailers,"
",[],none,,0,0,,,"Friday, February 6th 2026, 4:57:21 pm -05:00","Thursday, April 9th 2026, 10:40:44 am -04:00",,,Matt Smith,VSM - Processing Support,hidden,PS Retailer Hub,[],[],,[PS Retailer Hub],[],,,,,,1149 hours,,0,,,5,Grocery,,Rushia Fernandes,,https://fadmin.flippback.com/merchants/2381/dashboard,PS Eligible,,,https://fadmin.flippback.com/merchants/2381/ftp_files,Weekly,,,,8142,,Julia Burch,,,2381,,https://docs.google.com/document/d/183GtNwUcM9JLHJpxIRREZrJXAirNAP8ctKJ5I8aFeS8/edit#heading=h.wftvbhgcrk3f,,,OPS,,,,,,,,Core PLUS,,,PS Eligible,,,,,
Task,86dzp2p35,Tom Thumb - Entertaining Guide,active retailers,"
",[],none,,0,0,,,"Friday, February 6th 2026, 4:57:22 pm -05:00","Thursday, April 9th 2026, 10:40:44 am -04:00",,,Matt Smith,VSM - Processing Support,hidden,PS Retailer Hub,[],[],,[PS Retailer Hub],[],,,,,,1149 hours,,0,,,3,Grocery,,Rushia Fernandes,,https://fadmin.flippback.com/merchants/2381/dashboard,PS Eligible,,,https://fadmin.flippback.com/merchants/2381/ftp_files,Ad-Hoc,,,,10943,,Julia Burch,,,2381,,https://docs.google.com/document/d/183GtNwUcM9JLHJpxIRREZrJXAirNAP8ctKJ5I8aFeS8/edit#heading=h.wftvbhgcrk3f,,,OPS,,ABSCo,1,,,,,Core PLUS,,,PS Eligible,,,,,
Task,86dzp2p2x,Tom Thumb - SP,active retailers,"
",[],none,,0,0,,,"Friday, February 6th 2026, 4:57:22 pm -05:00","Thursday, April 9th 2026, 10:40:44 am -04:00",,,Matt Smith,VSM - Processing Support,hidden,PS Retailer Hub,[],[],,[PS Retailer Hub],[],,,,,,1149 hours,,0,,,8,Grocery,,Rushia Fernandes,,https://fadmin.flippback.com/merchants/2381/dashboard,PS Eligible,,,https://fadmin.flippback.com/merchants/2381/ftp_files,Ad-Hoc,,,,11708,,Julia Burch,,,2381,,https://docs.google.com/document/d/183GtNwUcM9JLHJpxIRREZrJXAirNAP8ctKJ5I8aFeS8/edit#heading=h.wftvbhgcrk3f,,,OPS,,ABSCo,5,,,,,Core PLUS,,,PS Eligible,,,,,
Task,86dzqtj08,Tony's Fresh Market,active retailers,"Flyer Type include weekly and monthly savings guide
",[],none,,0,0,,,"Tuesday, February 10th 2026, 12:21:36 pm -05:00","Thursday, April 16th 2026, 8:18:17 pm -04:00",,,Matt Smith,VSM - Processing Support,hidden,PS Retailer Hub,[],[],,[PS Retailer Hub],[],,,,,,1149 hours,,0,,,4,Grocery,,Addie Dobson,,https://fadmin.flippback.com/merchants/2931/dashboard,PS Eligible,,,https://fadmin.flippback.com/merchants/2931/ftp_files,Weekly,,,,11797,,Roni Grigorian,,,2931,,https://drive.google.com/a/flipp.com/open?id=18NMXU9RANslYERbqmGCA8---_j8jzRyOQgTRwtW5PuM,,,OPS,,,,,,,,Longtail,,,PS Eligible,,,,,
Task,86e0k1gzb,Total Pet,active retailers,"
",[],none,,0,0,,,"Thursday, March 26th 2026, 12:16:02 pm -04:00","Thursday, April 16th 2026, 11:08:32 am -04:00",,,Matt Smith,VSM - Processing Support,hidden,PS Retailer Hub,[],[],,[PS Retailer Hub],[],,,,,35h,725 hours,,0,,,8,Pet Care,,Jessica Tam,,https://fadmin.flippback.com/merchants/4281/dashboard,PS Eligible,,,https://fadmin.flippback.com/merchants/4281/ftp_files,Bi-Weekly,,,,4635,,Rachel Kyryliuk,,,4281,,https://docs.google.com/document/d/1cnCzKzcNPsvax7nX-nrzxz6WMC3RHflPuPHYiYn6oq4/edit#heading=h.y2dgj7b691i1,,,PS Eligible,,,,,,Total Pet,,Longtail,,,PS Eligible,,,,,
Task,86e0k1gzk,Total Pet,active retailers,"
",[],none,,0,0,,,"Thursday, March 26th 2026, 12:16:03 pm -04:00","Thursday, April 16th 2026, 11:08:27 am -04:00",,,Matt Smith,VSM - Processing Support,hidden,PS Retailer Hub,[],[],,[PS Retailer Hub],[],,,,,35h,725 hours,,0,,,8,Pet Care,,Jessica Tam,,https://fadmin.flippback.com/merchants/4281/dashboard,PS Eligible,,,https://fadmin.flippback.com/merchants/4281/ftp_files,Ad-Hoc,,,,11279,,Rachel Kyryliuk,,,4281,,https://docs.google.com/document/d/1cnCzKzcNPsvax7nX-nrzxz6WMC3RHflPuPHYiYn6oq4/edit#heading=h.y2dgj7b691i1,,,PS Eligible,,,,,,Total Pet,,Longtail,,,PS Eligible,,,,,
Task,86e0k1gzd,Total Pet,active retailers,"
",[],none,,0,0,,,"Thursday, March 26th 2026, 12:16:02 pm -04:00","Thursday, April 16th 2026, 11:08:24 am -04:00",,,Matt Smith,VSM - Processing Support,hidden,PS Retailer Hub,[],[],,[PS Retailer Hub],[],,,,,20h,725 hours,,0,,,8,Pet Care,,Jessica Tam,,https://fadmin.flippback.com/merchants/4281/dashboard,PS Eligible,,,https://fadmin.flippback.com/merchants/4281/ftp_files,Weekly,,,,12088,,Rachel Kyryliuk,,,4281,,https://docs.google.com/document/d/1cnCzKzcNPsvax7nX-nrzxz6WMC3RHflPuPHYiYn6oq4/edit#heading=h.y2dgj7b691i1,,,PS Eligible,,,,,,Total Pet,,Longtail,,,PS Eligible,,,,,
Task,86e0k1gzp,Town & Country Fresh Food Market,active retailers,"Please complete Upload before 3pm EST on Monday before go-live.
Please FQC vefore 12pm EST on Tuesday (the go-live date)
",[],none,,0,0,,,"Thursday, March 26th 2026, 12:16:03 pm -04:00","Thursday, April 16th 2026, 11:08:20 am -04:00",,,Matt Smith,VSM - Processing Support,hidden,PS Retailer Hub,[],[],,[PS Retailer Hub],[],,,,,60h,725 hours,,0,,,3,Grocery,,Clifford Fernandes,,https://fadmin.flippback.com/merchants/2892/dashboard,PS Eligible,,,https://fadmin.flippback.com/merchants/2892/ftp_files,Weekly,,,,5926,,Sabrina Ho,,,2892,,https://docs.google.com/document/d/1V-O0xk9rAH0Ei_J8MWghuXQasJr9i7OuZzM3GHIL2FU/edit?tab=t.0#heading=h.y2dgj7b691i1,,,PS Eligible,,,,,,Town & Country Fresh Food Market,,Longtail,,,PS Eligible,,,,,
Task,86dv34z12,Toys 'R' Us Canada,active retailers,,[],none,,0,0,,,"Monday, November 4th 2024, 9:55:25 am -05:00","Thursday, April 16th 2026, 11:08:16 am -04:00",,,Matt Smith,VSM - Processing Support,hidden,PS Retailer Hub,[],[],,[PS Retailer Hub],[],,,,,25m,12934 hours,,0,0,,3,"Toys, Games, Baby, Books",,Rushia Fernandes,,https://fadmin.flippback.com/merchants/246/dashboard,PS Eligible,,20,https://fadmin.flippback.com/merchants/246/ftp_files,Ad-Hoc,,,,66,,Addie Dobson,,,246,,https://docs.google.com/document/d/1wflYG7CZREvN054YFWR4bJbOYrisumnonDOeKvdukbc/edit?usp=sharing,,Instructions Missing,PS Eligible,,,,,,Toys 'R' Us Canada,,Longtail,1,35,PS Eligible,,15,,,
Task,86durc3w0,Trail Appliances,active retailers,,[],none,,0,0,,,"Wednesday, September 25th 2024, 3:37:36 pm -04:00","Thursday, April 16th 2026, 11:07:32 am -04:00",,,Matt Smith,VSM - Processing Support,hidden,PS Retailer Hub,[],[],,[PS Retailer Hub],[],,,,,,13967 hours,,0,0,,6,"Home Goods, Furniture & Appliances",,Rushia Fernandes,,https://fadmin.flippback.com/merchants/2142/dashboard,PS Eligible,,20,https://fadmin.flippback.com/merchants/2142/ftp_files,Weekly,,,,262,,Addie Dobson,,,2142,,https://docs.google.com/document/d/1Rj3fjjzJvm6Of2MRZOS74X0E6TRPjKu683FtJoi-ZCE/edit#heading=h.y2dgj7b691i1,,Instructions Missing,PS Eligible,,,,,,Trail Appliances (SK/AB),,Longtail,4,35,PS Eligible,,15,,,
Task,86dtu2q6j,Trail Appliances SK/AB,active retailers,,[],none,,0,0,,,"Thursday, June 13th 2024, 6:25:00 pm -04:00","Thursday, April 16th 2026, 11:07:22 am -04:00",,,Matt Smith,VSM - Processing Support,hidden,PS Retailer Hub,[],[],,[PS Retailer Hub],[],,,,,,16460 hours,,0,5,,7,"Home Goods, Furniture & Appliances",,Ebony Powell,,https://fadmin.flippback.com/merchants/6371/dashboard,PS Eligible,,15,https://fadmin.flippback.com/merchants/6371/ftp_files,Weekly,,,,10664,,SE,,,6371,,https://docs.google.com/document/d/1EgHKqhYbZB7A3g1_3vF5oVnv74dqPqX-MH455HrCwTE/edit#heading=h.y2dgj7b691i1,,Instructions Missing,OPS,,,,,,Trail Appliances (SK/AB),,Longtail,,30,PS Eligible,,10,,,"Thursday, December 25th 2025"
Task,86e0k1h03,Trevi,active retailers,"
",[],none,,0,0,,,"Thursday, March 26th 2026, 12:16:04 pm -04:00","Thursday, April 16th 2026, 11:06:32 am -04:00",,,Matt Smith,VSM - Processing Support,hidden,PS Retailer Hub,[],[],,[PS Retailer Hub],[],,,,,20h,725 hours,,0,,,5,Home Improvement,,Marion Kang,,https://fadmin.flippback.com/merchants/4378/dashboard,PS Eligible,,,https://fadmin.flippback.com/merchants/4378/ftp_files,Ad-Hoc,,,,10931,,Hannah Schiff-Kearn,,,4378,,https://docs.google.com/document/d/1KH7fO_13GEJJQ5RJCdnJJtKU_x1V-hWENF0hTK7mycc/edit?tab=t.0#heading=h.y2dgj7b691i1,,,PS Eligible,,,,,,Trevi,,Longtail,,,PS Eligible,,,,,
Task,86dzp0zeu,True Value,active retailers,"Retailer sends files via email
",[],none,,0,0,,,"Friday, February 6th 2026, 3:48:10 pm -05:00","Thursday, April 16th 2026, 11:05:47 am -04:00",,,Matt Smith,VSM - Processing Support,hidden,PS Retailer Hub,[],[],,[PS Retailer Hub],[],,,,,20h,1990 hours,,0,,,15,"Home Goods, Furniture & Appliances",,Jenna Toppan,,https://fadmin.flippback.com/merchants/7193/dashboard,PS Eligible,,,https://fadmin.flippback.com/merchants/7193/ftp_files,Bi-Weekly,,,,12226,,Jenna Toppan,,,7193,,https://docs.google.com/document/d/11nBej2Mg5fQvG_SWCt8pMfJQfbWkJx5SmLXd-lluPv4/edit?tab=t.0#heading=h.35qcqd1orzvx,,,PS Eligible,,,,,,True Value,,Longtail,Longtail,,PS Eligible,,,,,
Task,86dtu2q6n,UFA Co-operative Limited,active retailers,"One Guide is not yet complete, however Upload and FQC videos and notes have been added
",[],none,,0,0,,,"Thursday, June 13th 2024, 6:25:01 pm -04:00","Thursday, April 16th 2026, 11:05:33 am -04:00",,,Matt Smith,VSM - Processing Support,hidden,PS Retailer Hub,[],[],,[PS Retailer Hub],[],,,,,40m,16460 hours,,0,25,,8,Home Improvement,,Rushia Fernandes,,https://fadmin.flippback.com/merchants/2289/dashboard,PS Eligible,,30,https://fadmin.flippback.com/merchants/2289/ftp_files,Bi-Weekly,,,,549,,Sabrina Ho,,,2289,,https://docs.google.com/document/d/1t94yaUWOPMzAaLhF5BjVfUbucoguGTwKnykgzNu0y9w/edit?tab=t.0#heading=h.y2dgj7b691i1,,Instructions Missing,PS Eligible,,,,,,UFA Co-operative Limited,,Longtail,,70,PS Eligible,,15,,,"Tuesday, December 1st 2026"
Task,86dtu2q77,United Supermarkets,active retailers,"All 4 merchants have one weekly ad delivered over 1 email (all share the same single codesheet).
Once the email comes in, Flex must forward the email 3 more times to create unique cards.
",[],none,,0,0,,,"Thursday, June 13th 2024, 6:25:08 pm -04:00","Thursday, April 30th 2026, 11:26:41 am -04:00",,,Matt Smith,VSM - Processing Support,hidden,PS Retailer Hub,[],[],,[PS Retailer Hub],[],,,,,,16460 hours,,0,5,,7,Grocery,,Ebony Powell,,https://fadmin.flippback.com/merchants/2382/dashboard,PS Eligible,,10,https://fadmin.flippback.com/merchants/2382/ftp_files,Weekly,,,,2756,,Julia Burch,,,2382,,https://docs.google.com/document/d/1W_fhAGfrW_axAmn6K4Tx4okWqInmVY1XrfTBlN_cXA4/edit?tab=t.0#heading=h.y2dgj7b691i1,,,OPS,,,4,,,United Supermarkets,,Core PLUS,1,25,PS Eligible,,10,,,"Monday, February 22nd 2027"
Task,86e0k1gk6,Urban Fare,active retailers,"
",[],none,,0,0,,,"Thursday, March 26th 2026, 12:15:42 pm -04:00","Thursday, April 16th 2026, 11:05:01 am -04:00",,,Matt Smith,VSM - Processing Support,hidden,PS Retailer Hub,[],[],,[PS Retailer Hub],[],,,,,50h,725 hours,,0,,,5,Grocery,,Marion Kang,,https://fadmin.flippback.com/merchants/2049/dashboard,PS Eligible,,,https://fadmin.flippback.com/merchants/2049/ftp_files,Weekly,,,,170,,Kim Potashner,,,2049,,https://docs.google.com/document/d/1gtUv_cxnYboRD8XVzuMMBGfH1OOrabPo-9uhLhaD3NU/edit?tab=t.0,,,PS Eligible,,,,,,Urban Fare,,Core,,,PS Eligible,,,,,
Task,86dzp2paz,ValuFoods (Sobeys),active retailers,"
",[],none,,0,0,,,"Friday, February 6th 2026, 4:57:44 pm -05:00","Thursday, April 16th 2026, 11:02:09 am -04:00",,,Matt Smith,VSM - Processing Support,hidden,PS Retailer Hub,[],[],,[PS Retailer Hub],[],,,,,,1149 hours,,0,,,5,Grocery,,Rushia Fernandes,,https://fadmin.flippback.com/merchants/3712/dashboard,PS Eligible,,,https://fadmin.flippback.com/merchants/3712/ftp_files,Weekly,,,,3795,,Kim Potashner,,,3712,,https://docs.google.com/document/d/129itrUmTp2KFdwWZBuWtMkyfDtz9dFBcplhhHndRZ6I/edit#heading=h.mf0t2rpt6xf,,,OPS,,Sobeys,,,,,,Core PLUS,,,PS Eligible,,,,,
Task,86dtu2q7x,VG's Grocery,active retailers,,[],none,,0,0,,,"Thursday, June 13th 2024, 6:25:13 pm -04:00","Thursday, April 16th 2026, 11:01:49 am -04:00",,,Matt Smith,VSM - Processing Support,hidden,PS Retailer Hub,[],[],,[PS Retailer Hub],[],,,,,,16460 hours,,0,,,6,Grocery,,Marion Kang,,https://fadmin.flippback.com/merchants/2564/dashboard,PS Eligible,,,https://fadmin.flippback.com/merchants/2564/ftp_files,Weekly,,,,3508,,SE,,,2564,,https://docs.google.com/document/d/1ElT5M-uSzPKou36B8Cr1xjYf7NVe1Rty2QS1Th7yydU/edit?tab=t.0#heading=h.y2dgj7b691i1,,,OPS,,,,,,VG's Grocery,,Longtail,,,PS Eligible,,,,,"Saturday, December 26th 2026"
Task,86e0k1h05,Vie En Vert,active retailers,"
",[],none,,0,0,,,"Thursday, March 26th 2026, 12:16:04 pm -04:00","Thursday, April 16th 2026, 11:01:32 am -04:00",,,Matt Smith,VSM - Processing Support,hidden,PS Retailer Hub,[],[],,[PS Retailer Hub],[],,,,,17h,725 hours,,0,,,4,Grocery,,Rushia Fernandes,,https://fadmin.flippback.com/merchants/6625/dashboard,PS Eligible,,,https://fadmin.flippback.com/merchants/6625/ftp_files,Weekly,,,,11638,,Kayla Summerhayes,,,6625,,https://docs.google.com/document/d/1jghN4t2OeIv8-V1WfASIdcWehaP5hN-C1UPTQs_FW7w/edit?tab=t.0#heading=h.y2dgj7b691i1,,,PS Eligible,,,,,,Vie En Vert,,Longtail,,,PS Eligible,,,,,
Task,86dw8mwz3,Visions Electronics,active retailers,"Retailer is particular about their URLs being accurate so URL QC as part of FQC is extra important
",[],none,,0,0,,,"Friday, March 14th 2025, 3:28:09 pm -04:00","Thursday, April 16th 2026, 11:00:57 am -04:00",,,Matt Smith,VSM - Processing Support,hidden,PS Retailer Hub,[],[],,[PS Retailer Hub],[],,,,,,9822 hours,,0,,,4,Electronics,,Annastiina Peltola,,https://fadmin.flippback.com/merchants/299/dashboard,PS Eligible,,30,https://fadmin.flippback.com/merchants/299/ftp_files,Weekly,,,,7184,,Diandra Gonzalez Charris,,,299,,https://docs.google.com/document/d/1MUUF_49n2-vvt08zsg-4SBFK-TRpqE8CbXrDblVM10w/edit?tab=t.0#heading=h.y2dgj7b691i1,,,OPS,,,,,,Visions Electronics,,Longtail,3,50,PS Eligible,,20,,,"Thursday, January 14th 2027"
Task,86dtu2q8p,Vita Health Fresh Market,active retailers,"We normally receive files 5-7 days before the go-live, but we sometimes need to bump for the linking document. DO NOT complete upload WITHOUT receiving linking document!
",[],none,,0,0,,,"Thursday, June 13th 2024, 6:25:17 pm -04:00","Thursday, April 16th 2026, 11:00:16 am -04:00",,,Matt Smith,VSM - Processing Support,hidden,PS Retailer Hub,[],[],,[PS Retailer Hub],[],,,,,,16460 hours,,0,0,,5,Grocery,,Shabaz Malik,,https://fadmin.flippback.com/merchants/3374/dashboard,PS Eligible,,15,https://fadmin.flippback.com/merchants/3374/ftp_files,Monthly,,,,3432,,Shabaz Malik,,,3374,,https://docs.google.com/document/d/1lQqO5wSc0wYAJsVce5f0IAtss2Xccb6ROBgCKpvNQQY/edit?tab=t.0#heading=h.y2dgj7b691i1,,,OPS,,,,,,Vita Health Fresh Market,,Longtail,4,25,PS Eligible,,10,,,"Wednesday, December 2nd 2026"
Task,86dzp2p3q,Vons - NorCal - BBS,active retailers,"
",[],none,,0,0,,,"Friday, February 6th 2026, 4:57:24 pm -05:00","Thursday, April 9th 2026, 10:40:44 am -04:00",,,Matt Smith,VSM - Processing Support,hidden,PS Retailer Hub,[],[],,[PS Retailer Hub],[],,,,,,1149 hours,,0,,,8,Grocery,,Annastiina Peltola,,https://fadmin.flippback.com/merchants/2375/dashboard,PS Eligible,,,https://fadmin.flippback.com/merchants/2375/ftp_files,Ad-Hoc,,,,10655,,Julia Burch,,,2375,,https://docs.google.com/document/d/183GtNwUcM9JLHJpxIRREZrJXAirNAP8ctKJ5I8aFeS8/edit#heading=h.y2dgj7b691i4,,,OPS,,ABSCo,5,,,,,Core PLUS,,,PS Eligible,,,,,
Task,86dzp2p3v,Vons - Norcal - EG,active retailers,"
",[],none,,0,0,,,"Friday, February 6th 2026, 4:57:24 pm -05:00","Thursday, April 9th 2026, 10:40:44 am -04:00",,,Matt Smith,VSM - Processing Support,hidden,PS Retailer Hub,[],[],,[PS Retailer Hub],[],,,,,,1149 hours,,0,,,3,Grocery,,Annastiina Peltola,,https://fadmin.flippback.com/merchants/2375/dashboard,PS Eligible,,,https://fadmin.flippback.com/merchants/2375/ftp_files,Ad-Hoc,,,,11042,,Julia Burch,,,2375,,https://docs.google.com/document/d/183GtNwUcM9JLHJpxIRREZrJXAirNAP8ctKJ5I8aFeS8/edit#heading=h.y2dgj7b691i5,,,OPS,,ABSCo,1,,,,,Core PLUS,,,PS Eligible,,,,,
Task,86dzp2p3m,Vons - Norcal - GMI,active retailers,"
",[],none,,0,0,,,"Friday, February 6th 2026, 4:57:23 pm -05:00","Thursday, April 9th 2026, 10:40:44 am -04:00",,,Matt Smith,VSM - Processing Support,hidden,PS Retailer Hub,[],[],,[PS Retailer Hub],[],,,,,,1149 hours,,0,,,7,Grocery,,Annastiina Peltola,,https://fadmin.flippback.com/merchants/2375/dashboard,PS Eligible,,,https://fadmin.flippback.com/merchants/2375/ftp_files,Ad-Hoc,,,,11435,,Julia Burch,,,2375,,https://docs.google.com/document/d/183GtNwUcM9JLHJpxIRREZrJXAirNAP8ctKJ5I8aFeS8/edit#heading=h.y2dgj7b691i3,,,OPS,,ABSCo,4,,,,,Core PLUS,,,PS Eligible,,,,,
Task,86dzp2p3c,Vons - Norcal - SP,active retailers,"
",[],none,,0,0,,,"Friday, February 6th 2026, 4:57:23 pm -05:00","Thursday, April 9th 2026, 10:40:44 am -04:00",,,Matt Smith,VSM - Processing Support,hidden,PS Retailer Hub,[],[],,[PS Retailer Hub],[],,,,,,1149 hours,,0,,,7,Grocery,,Annastiina Peltola,,https://fadmin.flippback.com/merchants/2375/dashboard,PS Eligible,,,https://fadmin.flippback.com/merchants/2375/ftp_files,Ad-Hoc,,,,10968,,Julia Burch,,,2375,,https://docs.google.com/document/d/183GtNwUcM9JLHJpxIRREZrJXAirNAP8ctKJ5I8aFeS8/edit#heading=h.y2dgj7b691i2,,,OPS,,ABSCo,4,,,,,Core PLUS,,,PS Eligible,,,,,
Task,86dzp2p4d,Vons - SoCal - BBS,active retailers,"
",[],none,,0,0,,,"Friday, February 6th 2026, 4:57:25 pm -05:00","Thursday, April 9th 2026, 10:40:44 am -04:00",,,Matt Smith,VSM - Processing Support,hidden,PS Retailer Hub,[],[],,[PS Retailer Hub],[],,,,,,1149 hours,,0,,,8,Grocery,,Annastiina Peltola,,https://fadmin.flippback.com/merchants/2375/dashboard,PS Eligible,,,https://fadmin.flippback.com/merchants/2375/ftp_files,Ad-Hoc,,,,10654,,Julia Burch,,,2375,,https://docs.google.com/document/d/183GtNwUcM9JLHJpxIRREZrJXAirNAP8ctKJ5I8aFeS8/edit#heading=h.y2dgj7b691i3,,,OPS,,ABSCo,5,,,,,Core PLUS,,,PS Eligible,,,,,
Task,86dzp2p4z,Vons - SoCal - EG,active retailers,"
",[],none,,0,0,,,"Friday, February 6th 2026, 4:57:26 pm -05:00","Thursday, April 9th 2026, 10:40:44 am -04:00",,,Matt Smith,VSM - Processing Support,hidden,PS Retailer Hub,[],[],,[PS Retailer Hub],[],,,,,,1149 hours,,0,,,3,Grocery,,Annastiina Peltola,,https://fadmin.flippback.com/merchants/2375/dashboard,PS Eligible,,,https://fadmin.flippback.com/merchants/2375/ftp_files,Ad-Hoc,,,,11036,,Julia Burch,,,2375,,https://docs.google.com/document/d/183GtNwUcM9JLHJpxIRREZrJXAirNAP8ctKJ5I8aFeS8/edit#heading=h.y2dgj7b691i5,,,OPS,,ABSCo,1,,,,,Core PLUS,,,PS Eligible,,,,,
Task,86dzp2p46,Vons - SoCal - GMI,active retailers,"
",[],none,,0,0,,,"Friday, February 6th 2026, 4:57:25 pm -05:00","Thursday, April 9th 2026, 10:40:44 am -04:00",,,Matt Smith,VSM - Processing Support,hidden,PS Retailer Hub,[],[],,[PS Retailer Hub],[],,,,,,1149 hours,,0,,,7,Grocery,,Annastiina Peltola,,https://fadmin.flippback.com/merchants/2375/dashboard,PS Eligible,,,https://fadmin.flippback.com/merchants/2375/ftp_files,Ad-Hoc,,,,11481,,Julia Burch,,,2375,,https://docs.google.com/document/d/183GtNwUcM9JLHJpxIRREZrJXAirNAP8ctKJ5I8aFeS8/edit#heading=h.y2dgj7b691i2,,,OPS,,ABSCo,4,,,,,Core PLUS,,,PS Eligible,,,,,
Task,86dzp2p4u,Vons - SoCal - SP,active retailers,"
",[],none,,0,0,,,"Friday, February 6th 2026, 4:57:26 pm -05:00","Thursday, April 9th 2026, 10:40:44 am -04:00",,,Matt Smith,VSM - Processing Support,hidden,PS Retailer Hub,[],[],,[PS Retailer Hub],[],,,,,,1149 hours,,0,,,8,Grocery,,Annastiina Peltola,,https://fadmin.flippback.com/merchants/2375/dashboard,PS Eligible,,,https://fadmin.flippback.com/merchants/2375/ftp_files,Ad-Hoc,,,,10852,,Julia Burch,,,2375,,https://docs.google.com/document/d/183GtNwUcM9JLHJpxIRREZrJXAirNAP8ctKJ5I8aFeS8/edit#heading=h.y2dgj7b691i4,,,OPS,,ABSCo,5,,,,,Core PLUS,,,PS Eligible,,,,,
Task,86dzp2p5r,Vons - Southwest - BBS,active retailers,"
",[],none,,0,0,,,"Friday, February 6th 2026, 4:57:29 pm -05:00","Thursday, April 9th 2026, 10:40:44 am -04:00",,,Matt Smith,VSM - Processing Support,hidden,PS Retailer Hub,[],[],,[PS Retailer Hub],[],,,,,,1149 hours,,0,,,8,Grocery,,Annastiina Peltola,,https://fadmin.flippback.com/merchants/2375/dashboard,PS Eligible,,,https://fadmin.flippback.com/merchants/2375/ftp_files,Ad-Hoc,,,,10656,,Julia Burch,,,2375,,http://ABSCo OneGuide,,,OPS,,ABSCo,5,,,,,Core PLUS,,,PS Eligible,,,,,
Task,86dzp2p5n,Vons - Southwest - EG,active retailers,"
",[],none,,0,0,,,"Friday, February 6th 2026, 4:57:28 pm -05:00","Thursday, April 9th 2026, 10:40:44 am -04:00",,,Matt Smith,VSM - Processing Support,hidden,PS Retailer Hub,[],[],,[PS Retailer Hub],[],,,,,,1149 hours,,0,,,3,Grocery,,Annastiina Peltola,,https://fadmin.flippback.com/merchants/2375/dashboard,PS Eligible,,,https://fadmin.flippback.com/merchants/2375/ftp_files,Ad-Hoc,,,,11648,,Julia Burch,,,2375,,http://ABSCo OneGuide,,,OPS,,ABSCo,1,,,,,Core PLUS,,,PS Eligible,,,,,
Task,86dzp2p5f,Vons - Southwest - GMI,active retailers,"
",[],none,,0,0,,,"Friday, February 6th 2026, 4:57:28 pm -05:00","Thursday, April 9th 2026, 10:40:44 am -04:00",,,Matt Smith,VSM - Processing Support,hidden,PS Retailer Hub,[],[],,[PS Retailer Hub],[],,,,,,1149 hours,,0,,,7,Grocery,,Annastiina Peltola,,https://fadmin.flippback.com/merchants/2375/dashboard,PS Eligible,,,https://fadmin.flippback.com/merchants/2375/ftp_files,Ad-Hoc,,,,11482,,Julia Burch,,,2375,,http://ABSCo OneGuide,,,OPS,,ABSCo,4,,,,,Core PLUS,,,PS Eligible,,,,,
Task,86dzp2p5g,Vons - Southwest - SP,active retailers,"
",[],none,,0,0,,,"Friday, February 6th 2026, 4:57:28 pm -05:00","Thursday, April 9th 2026, 10:40:44 am -04:00",,,Matt Smith,VSM - Processing Support,hidden,PS Retailer Hub,[],[],,[PS Retailer Hub],[],,,,,,1149 hours,,0,,,8,Grocery,,Annastiina Peltola,,https://fadmin.flippback.com/merchants/2375/dashboard,PS Eligible,,,https://fadmin.flippback.com/merchants/2375/ftp_files,Ad-Hoc,,,,11712,,Julia Burch,,,2375,,http://ABSCo OneGuide,,,OPS,,ABSCo,5,,,,,Core PLUS,,,PS Eligible,,,,,
Task,86dzp2p3a,Vons Norcal,active retailers,"
",[],none,,0,0,,,"Friday, February 6th 2026, 4:57:23 pm -05:00","Thursday, April 9th 2026, 10:40:44 am -04:00",,,Matt Smith,VSM - Processing Support,hidden,PS Retailer Hub,[],[],,[PS Retailer Hub],[],,,,,,1149 hours,,0,,,7,Grocery,,Annastiina Peltola,,https://fadmin.flippback.com/merchants/2375/dashboard,PS Eligible,,,https://fadmin.flippback.com/merchants/2375/ftp_files,Weekly,,,,10449,,Julia Burch,,,2375,,https://docs.google.com/document/d/183GtNwUcM9JLHJpxIRREZrJXAirNAP8ctKJ5I8aFeS8/edit#heading=h.y2dgj7b691i1,,,OPS,,ABSCo,4,,,,,Core PLUS,,,PS Eligible,,,,,
Task,86dzp2p45,Vons SoCal,active retailers,"
",[],none,,0,0,,,"Friday, February 6th 2026, 4:57:25 pm -05:00","Thursday, April 9th 2026, 10:40:44 am -04:00",,,Matt Smith,VSM - Processing Support,hidden,PS Retailer Hub,[],[],,[PS Retailer Hub],[],,,,,,1149 hours,,0,,,7,Grocery,,Annastiina Peltola,,https://fadmin.flippback.com/merchants/2375/dashboard,PS Eligible,,,https://fadmin.flippback.com/merchants/2375/ftp_files,Weekly,,,,8152,,Julia Burch,,,2375,,https://docs.google.com/document/d/183GtNwUcM9JLHJpxIRREZrJXAirNAP8ctKJ5I8aFeS8/edit#heading=h.y2dgj7b691i1,,,OPS,,ABSCo,4,,,,,Core PLUS,,,PS Eligible,,,,,
Task,86dzp2p50,Vons SoCal - Catalina,active retailers,"
",[],none,,0,0,,,"Friday, February 6th 2026, 4:57:26 pm -05:00","Thursday, April 9th 2026, 10:40:44 am -04:00",,,Matt Smith,VSM - Processing Support,hidden,PS Retailer Hub,[],[],,[PS Retailer Hub],[],,,,,,1149 hours,,0,,,7,Grocery,,Annastiina Peltola,,https://fadmin.flippback.com/merchants/2375/dashboard,PS Eligible,,,https://fadmin.flippback.com/merchants/2375/ftp_files,Weekly,,,,8152,,Julia Burch,,,2375,,https://docs.google.com/document/d/183GtNwUcM9JLHJpxIRREZrJXAirNAP8ctKJ5I8aFeS8/edit#heading=h.y2dgj7b691i1,,,OPS,,ABSCo,4,,,,,Core PLUS,,,PS Eligible,,,,,
Task,86dzp2p58,Vons Southwest,active retailers,"
",[],none,,0,0,,,"Friday, February 6th 2026, 4:57:27 pm -05:00","Thursday, April 9th 2026, 10:40:44 am -04:00",,,Matt Smith,VSM - Processing Support,hidden,PS Retailer Hub,[],[],,[PS Retailer Hub],[],,,,,,1149 hours,,0,,,7,Grocery,,Annastiina Peltola,,https://fadmin.flippback.com/merchants/2375/dashboard,PS Eligible,,,https://fadmin.flippback.com/merchants/2375/ftp_files,Weekly,,,,10450,,Julia Burch,,,2375,,http://ABSCo OneGuide,,,OPS,,ABSCo,4,,,,,Core PLUS,,,PS Eligible,,,,,
Task,86dtu2q8v,Walgreens,active retailers,,[Sharlene Nguy],none,,0,0,,,"Thursday, June 13th 2024, 6:25:18 pm -04:00","Thursday, April 16th 2026, 10:59:43 am -04:00",,,Matt Smith,VSM - Processing Support,hidden,PS Retailer Hub,[],[],,[PS Retailer Hub],[],,,,,,14760 hours,,0,,,,Pharmacy,,,,https://fadmin.flippback.com/merchants/2460/dashboard,PS Eligible,,,https://fadmin.flippback.com/merchants/2460/ftp_files,Ad-Hoc,,,,,,Megan Kernaghan,,,2460,,https://docs.google.com/document/d/1JnxLguiLaOp1C8YFvWUWFpCPRXszRhuO_vdIcnSUmJs/edit?tab=t.0#heading=h.y2dgj7b691i1,,,OPS,,,,,,Walgreens,,Longtail,,,PS Eligible,,,,,
Task,86dtu2q8z,Walt's Food Center,active retailers,"files often delayed
",[],none,,0,0,,,"Thursday, June 13th 2024, 6:25:19 pm -04:00","Thursday, April 16th 2026, 10:59:24 am -04:00",,,Matt Smith,VSM - Processing Support,hidden,PS Retailer Hub,[],[],,[PS Retailer Hub],[],,,,,,16460 hours,,0,5,,6,Grocery,,Rushia Fernandes,,https://fadmin.flippback.com/merchants/2891/dashboard,PS Eligible,,5,https://fadmin.flippback.com/merchants/2891/ftp_files,Weekly,,,,4111,,Hannah Schiff-Kearn,,,2891,,https://docs.google.com/document/d/1whL74y1kv3lpxFelygVjwVvrfr1LHoONOzru0FTQhcM/edit?tab=t.0#heading=h.y2dgj7b691i1,,,OPS,,,,,,Walt's Food Center,,No Active Relationship,4,15,PS Eligible,,5,,,"Tuesday, January 6th 2026"
Task,86dtu2q93,Weis Markets (Monthly),active retailers,"
",[],none,,0,0,,,"Thursday, June 13th 2024, 6:25:20 pm -04:00","Thursday, April 16th 2026, 10:58:56 am -04:00",,,Matt Smith,VSM - Processing Support,hidden,PS Retailer Hub,[],[],,[PS Retailer Hub],[],,,,,,16460 hours,,0,45,,12,Grocery,,Rushia Fernandes,,https://fadmin.flippback.com/merchants/2455/dashboard,PS Eligible,,15,https://fadmin.flippback.com/merchants/2455/ftp_files,Monthly,,,,10090,,Addie Dobson,,,2455,,https://docs.google.com/document/d/1y184ktYH5iUJFspZrKP_PnglT2dEqvr_5jAgCeZ3KkQ/edit?usp=sharing,,Generic Instructions,PS Eligible,,,,,,Weis Markets (Monthly),,Organic Indexed,1,90,PS Eligible,,30,,,
Task,86dtu2q98,Weis Markets (Weekly),active retailers,"
",[],none,,0,0,,,"Thursday, June 13th 2024, 6:25:21 pm -04:00","Thursday, April 16th 2026, 10:58:59 am -04:00",,,Matt Smith,VSM - Processing Support,hidden,PS Retailer Hub,[],[],,[PS Retailer Hub],[],,,,,,16460 hours,,0,45,,5,Grocery,,Rushia Fernandes,,https://fadmin.flippback.com/merchants/2455/dashboard,PS Eligible,,15,https://fadmin.flippback.com/merchants/2455/ftp_files,Weekly,,,,3088,,Addie Dobson,,,2455,,https://docs.google.com/document/d/1y184ktYH5iUJFspZrKP_PnglT2dEqvr_5jAgCeZ3KkQ/edit?usp=sharing,,Generic Instructions,PS Eligible,,,,,,Weis Markets (Weekly),,Organic Indexed,1,90,PS Eligible,,30,,,"Wednesday, February 11th 2026"
Task,86dtu2q9c,West Marine,active retailers,,[],none,,0,0,,,"Thursday, June 13th 2024, 6:25:22 pm -04:00","Thursday, April 16th 2026, 10:58:37 am -04:00",,,Matt Smith,VSM - Processing Support,hidden,PS Retailer Hub,[],[],,[PS Retailer Hub],[],,,,,,16460 hours,,0,0,,,[Brand],,,,https://fadmin.flippback.com/merchants/540/dashboard,PS Eligible,,25,https://fadmin.flippback.com/merchants/540/ftp_files,Ad-Hoc,,,,11686,,,,,540,,https://docs.google.com/document/d/17d0VAnHfcg1C6HTpPOIEFU_ERCfSG1-i-PwoHhaRApU/edit?tab=t.0#heading=h.y2dgj7b691i1,,Instructions Missing,PS Eligible,,,,,,West Marine,,No Active Relationship,3,35,PS Eligible,,10,,,
Task,86duaxnu0,Wholehealth Pharmacy,active retailers,"Tier is an estimate as it’s a newly onboarded retailer
",[],none,,0,0,,,"Wednesday, August 7th 2024, 9:24:25 am -04:00","Thursday, April 16th 2026, 10:57:34 am -04:00",,,Matt Smith,VSM - Processing Support,hidden,PS Retailer Hub,[],[],,[PS Retailer Hub],[],,,,,35m,15146 hours,,0,0,,9,Pharmacy,,Rushia Fernandes,,https://fadmin.flippback.com/merchants/6627/dashboard,PS Eligible,,15,https://fadmin.flippback.com/merchants/6627/ftp_files,Ad-Hoc,,,,11651,,Addie Dobson,,,6627,,https://docs.google.com/document/d/1l92X0rHeORQh1nXhyiQLlKSVc6r1zl6nSVTWnhETO60/edit#heading=h.y2dgj7b691i1,,,PS Eligible,,,,,,Wholehealth Pharmacy,,Longtail,4,15,PS Eligible,,0,,,
Task,86dubzg5g,Wild Fork,active retailers,,[],none,,0,0,,,"Monday, August 12th 2024, 10:26:56 am -04:00","Thursday, April 16th 2026, 10:57:30 am -04:00",,,Matt Smith,VSM - Processing Support,hidden,PS Retailer Hub,[],[],,[PS Retailer Hub],[],,,,,,14982 hours,,0,0,,3,Grocery,,Ebony Powell,,https://fadmin.flippback.com/merchants/6485/dashboard,PS Eligible,,25,https://fadmin.flippback.com/merchants/6485/ftp_files,Weekly,,,,10977,,SE,,,6485,,https://docs.google.com/document/d/16J3HKMaMABoy5qhkdchtfqCwtXVc4wPL-Yi6Cmln8vU/edit?tab=t.0#heading=h.y2dgj7b691i1,,,OPS,,,,,,Wild Fork,,Longtail,4,40,PS Eligible,,15,,,"Wednesday, February 24th 2027"
Task,86e0k1h09,Willow Park Wines & Spirits,active retailers,"
",[],none,,0,0,,,"Thursday, March 26th 2026, 12:16:04 pm -04:00","Thursday, April 16th 2026, 10:57:15 am -04:00",,,Matt Smith,VSM - Processing Support,hidden,PS Retailer Hub,[],[],,[PS Retailer Hub],[],,,,,25h,725 hours,,0,,,7,"Alcohol, Wine and Spirits",,Ebony Powell,,https://fadmin.flippback.com/merchants/6177/dashboard,PS Eligible,,,https://fadmin.flippback.com/merchants/6177/ftp_files,Weekly,,,,11840,,Kayla Summerhayes,,,6177,,https://docs.google.com/document/d/1FnbT6eTep7iz2cdsc2q8H7lDXukG4koxwyi9Q0IHCKc/edit?tab=t.0#heading=h.y2dgj7b691i1,,,PS Eligible,,,,,,Willow Park Wines & Spirits,,Longtail,,,PS Eligible,,,,,
Task,86e0k1h0p,Wine and Beyond,active retailers,"
",[],none,,0,0,,,"Thursday, March 26th 2026, 12:16:05 pm -04:00","Thursday, April 16th 2026, 10:57:10 am -04:00",,,Matt Smith,VSM - Processing Support,hidden,PS Retailer Hub,[],[],,[PS Retailer Hub],[],,,,,20h,725 hours,,0,,,7,"Alcohol, Wine and Spirits",,Ebony Powell,,https://fadmin.flippback.com/merchants/3280/dashboard,PS Eligible,,,https://fadmin.flippback.com/merchants/3280/ftp_files,Bi-Weekly,,,,3261,,Kayla Summerhayes,,,3280,,https://docs.google.com/document/d/1PsDjXvhwUBB4IA9898G-vUkW1JklkJkEg08olZd98Tg/edit?tab=t.0,,,PS Eligible,,,,,,Wine and Beyond,,Longtail,,,PS Eligible,,,,,
Task,86du8ja45,Wine Rack,active retailers,"DOC will drop files in SFTP prior to filing ad-hoc request ticket via Slack workflow.

Very standard flyer, only additional process is checking links are added from link-sheet.

Please let me know if any additional information is needed - thank you!
",[],none,,0,0,,,"Tuesday, July 30th 2024, 12:55:04 pm -04:00","Thursday, April 16th 2026, 10:56:52 am -04:00",,,Matt Smith,VSM - Processing Support,hidden,PS Retailer Hub,[],[],,[PS Retailer Hub],[],,,,,10m,15338 hours,,0,0,,3,[Brand],,Ebony Powell,,https://fadmin.flippback.com/merchants/5996/dashboard,PS Eligible,,20,https://fadmin.flippback.com/merchants/5996/ftp_files,Ad-Hoc,,,,9456,,Addie Dobson,,,5996,,https://docs.google.com/document/d/1qAUntAMFBTiF5dOQ4cbncYZyE6PqD0Ro9y2J6Ye4oHA/edit?tab=t.0#heading=h.y2dgj7b691i1,,,OPS,,,,,,Wine Rack,,Longtail,5,30,PS Eligible,,10,,,
Task,86dtu2q9r,Woodman's Food Market,active retailers,"All Processing is done on Thursday as it's an M1000 account.
",[],none,,0,0,,,"Thursday, June 13th 2024, 6:25:25 pm -04:00","Thursday, April 16th 2026, 10:56:02 am -04:00",,,Matt Smith,VSM - Processing Support,hidden,PS Retailer Hub,[],[],,[PS Retailer Hub],[],,,,,20m,16460 hours,,0,5,,2,Grocery,,Ebony Powell,,https://fadmin.flippback.com/merchants/2893/dashboard,PS Eligible,,0,https://fadmin.flippback.com/merchants/2893/ftp_files,Weekly,,,,9465,,Hannah Schiff-Kearn,,,2893,,https://docs.google.com/document/d/1-h50Q0j7laZa4OPEDzHaEpAEKZQBRbLadoHHvqeKf-4/edit?tab=t.0,,,PS Eligible,,,,,,Woodman's Food Market,,Longtail,4,15,PS Eligible,,10,,,
Task,86duaxntq,Worldwide Furniture,active retailers,"Tier is an estimate as it’s a newly onboarded retailer
",[],none,,0,0,,,"Wednesday, August 7th 2024, 9:24:22 am -04:00","Thursday, April 16th 2026, 10:55:56 am -04:00",,,Matt Smith,VSM - Processing Support,hidden,PS Retailer Hub,[],[],,[PS Retailer Hub],[],,,,,15m,15146 hours,,0,0,,7,"Home Goods, Furniture & Appliances",,Ebony Powell,,https://fadmin.flippback.com/merchants/3901/dashboard,PS Eligible,,10,https://fadmin.flippback.com/merchants/3901/ftp_files,Monthly,,,,11819,,Alexandra Van Wissen,,,3901,,https://docs.google.com/document/d/11pK7LdlQNzYD2hIS5uuKi2u2JFudEkr1xocq97JTtVQ/edit?tab=t.0#heading=h.y2dgj7b691i1,,,OPS,,,,,,Worldwide Furniture,,Longtail,4,15,PS Eligible,,5,,,
Task,86dzqtj23,XS Furniture,active retailers,"
",[],none,,0,0,,,"Tuesday, February 10th 2026, 12:21:41 pm -05:00","Thursday, April 16th 2026, 10:55:51 am -04:00",,,Matt Smith,VSM - Processing Support,hidden,PS Retailer Hub,[],[],,[PS Retailer Hub],[],,,,,,1149 hours,,0,,,6,"Home Goods, Furniture & Appliances",,Clifford Fernandes,,https://fadmin.flippback.com/merchants/6760/dashboard,PS Eligible,,,https://fadmin.flippback.com/merchants/6760/ftp_files,Ad-Hoc,,,,11997,,SE,,,6760,,https://docs.google.com/document/d/1gUBh6JOV9jRCF08gtSMWS60MDUqovJNmV3Mj-FOIOEU/edit?tab=t.0#heading=h.y2dgj7b691i1,,,OPS,,,,,,,,Longtail,,,PS Eligible,,,,,